{"type":"FeatureCollection","features":[{"type":"Feature","properties":{"name":"Charlottenburg-Wilmersdorf"},"geometry":{"type":"MultiPolygon","coordinates":[[[[13.33737,52.49053],[13.33753,52.49072],[13.33748,52.49075],[13.33737,52.49082],[13.33712,52.49099],[13.33709,52.49101],[13.3371,52.49119],[13.33711,52.49129],[13.33713,52.49152],[13.33715,52.49178],[13.33717,52.4921],[13.3372,52.4923],[13.3371,52.49229],[13.33711,52.49239],[13.3373,52.49372],[13.33733,52.49396],[13.33734,52.49401],[13.33735,52.49408],[13.33745,52.49407],[13.33746,52.49417],[13.33746,52.49419],[13.33744,52.49469],[13.33744,52.49472],[13.33744,52.49478],[13.33744,52.49479],[13.33734,52.49479],[13.33733,52.49496],[13.33732,52.49515],[13.33731,52.49534],[13.3373,52.49554],[13.33729,52.49575],[13.33728,52.49586],[13.33738,52.49585],[13.33738,52.49598],[13.33731,52.49599],[13.33733,52.49606],[13.33743,52.49632],[13.33752,52.49656],[13.3376,52.4968],[13.33769,52.49703],[13.33778,52.49727],[13.33782,52.49739],[13.33788,52.49738],[13.33797,52.49762],[13.33797,52.49764],[13.33809,52.49787],[13.33817,52.49802],[13.33891,52.49927],[13.33899,52.49942],[13.33882,52.49974],[13.33892,52.49991],[13.33852,52.50007],[13.33785,52.50034],[13.33779,52.50037],[13.33752,52.50047],[13.33727,52.50057],[13.33698,52.50069],[13.33714,52.50091],[13.33719,52.50095],[13.33732,52.50107],[13.33736,52.50111],[13.33752,52.50126],[13.33755,52.50129],[13.3377,52.50142],[13.33788,52.50159],[13.33791,52.50162],[13.33859,52.50225],[13.33861,52.50227],[13.33862,52.50227],[13.33886,52.5025],[13.33899,52.50262],[13.33921,52.50282],[13.33927,52.50288],[13.3394,52.50299],[13.33955,52.50313],[13.33967,52.50325],[13.33992,52.50347],[13.33994,52.5035],[13.33995,52.50351],[13.34004,52.50359],[13.34007,52.50362],[13.34011,52.50365],[13.34014,52.50368],[13.34019,52.50373],[13.34025,52.50378],[13.34036,52.50388],[13.34041,52.50393],[13.34074,52.50423],[13.34079,52.50429],[13.34082,52.50431],[13.34086,52.50435],[13.3409,52.50438],[13.3409,52.50439],[13.34095,52.50443],[13.34098,52.50446],[13.34099,52.50447],[13.34105,52.50453],[13.34106,52.50453],[13.34112,52.50459],[13.34114,52.5046],[13.34117,52.50463],[13.3412,52.50466],[13.34121,52.50467],[13.34122,52.50468],[13.34123,52.50469],[13.34126,52.50471],[13.34129,52.50475],[13.34133,52.50478],[13.34135,52.5048],[13.34135,52.50481],[13.34142,52.50487],[13.34079,52.50502],[13.34072,52.50504],[13.3406,52.50507],[13.34054,52.50508],[13.34048,52.50509],[13.34043,52.5051],[13.34037,52.50511],[13.34031,52.50512],[13.34025,52.50513],[13.34019,52.50514],[13.34013,52.50514],[13.34007,52.50515],[13.34001,52.50515],[13.33995,52.50516],[13.33989,52.50516],[13.33983,52.50516],[13.33977,52.50516],[13.33971,52.50516],[13.33965,52.50515],[13.33959,52.50515],[13.33953,52.50515],[13.33947,52.50514],[13.33941,52.50513],[13.33935,52.50513],[13.33929,52.50512],[13.33923,52.50511],[13.33919,52.5051],[13.33915,52.50509],[13.33911,52.50508],[13.33907,52.50507],[13.33899,52.50523],[13.33897,52.50527],[13.33892,52.50535],[13.33889,52.50543],[13.33885,52.5055],[13.33879,52.50562],[13.33864,52.50592],[13.33863,52.50592],[13.33861,52.50592],[13.33859,52.50591],[13.33826,52.50588],[13.33823,52.50587],[13.33818,52.50587],[13.33814,52.50586],[13.33707,52.50574],[13.33702,52.50573],[13.33696,52.50573],[13.33691,52.50572],[13.33686,52.50572],[13.33681,52.50572],[13.33676,52.50572],[13.33671,52.50572],[13.33666,52.50572],[13.33661,52.50572],[13.33656,52.50572],[13.33651,52.50573],[13.33646,52.50573],[13.33582,52.50579],[13.33578,52.50579],[13.33574,52.5058],[13.33569,52.50581],[13.33565,52.50581],[13.33561,52.50582],[13.33556,52.50583],[13.33552,52.50584],[13.33548,52.50585],[13.33544,52.50587],[13.3354,52.50588],[13.33537,52.50589],[13.33533,52.50591],[13.33529,52.50593],[13.33526,52.50594],[13.33451,52.50628],[13.33408,52.50648],[13.334,52.50652],[13.33407,52.50658],[13.33375,52.50672],[13.33388,52.50688],[13.33477,52.50804],[13.33478,52.50806],[13.3348,52.50809],[13.33482,52.50811],[13.33483,52.50813],[13.33484,52.50816],[13.33485,52.50818],[13.33486,52.50821],[13.33487,52.50822],[13.33487,52.50824],[13.33487,52.50826],[13.33488,52.50829],[13.33488,52.50831],[13.33488,52.50832],[13.33488,52.50834],[13.33488,52.50837],[13.33487,52.50846],[13.33487,52.50848],[13.33486,52.5085],[13.33485,52.50852],[13.33484,52.50854],[13.33483,52.50856],[13.33482,52.50859],[13.3348,52.50861],[13.33478,52.50864],[13.33476,52.50866],[13.33474,52.50869],[13.33471,52.50871],[13.33469,52.50874],[13.33466,52.50876],[13.33463,52.50878],[13.3346,52.5088],[13.33457,52.50882],[13.33453,52.50884],[13.3345,52.50886],[13.33446,52.50888],[13.33443,52.50889],[13.33441,52.50891],[13.33438,52.50891],[13.33433,52.50892],[13.33432,52.50892],[13.33426,52.50893],[13.33424,52.50893],[13.33423,52.50893],[13.33416,52.50894],[13.33399,52.50897],[13.33397,52.50898],[13.3339,52.50884],[13.33388,52.50885],[13.33373,52.5089],[13.33367,52.50892],[13.33354,52.50896],[13.33342,52.509],[13.33336,52.50902],[13.33332,52.50903],[13.3333,52.50904],[13.33317,52.50908],[13.33299,52.50913],[13.33264,52.50925],[13.3326,52.50926],[13.3316,52.50958],[13.33154,52.5096],[13.33111,52.50974],[13.33097,52.50978],[13.33085,52.50982],[13.33004,52.51008],[13.33165,52.5106],[13.33166,52.5106],[13.33179,52.51065],[13.33227,52.5108],[13.33252,52.51088],[13.33275,52.51097],[13.3329,52.51103],[13.33298,52.51106],[13.3332,52.51117],[13.33325,52.51119],[13.33341,52.51128],[13.3336,52.5114],[13.33376,52.5115],[13.33384,52.51156],[13.33401,52.5117],[13.33403,52.51172],[13.33399,52.51172],[13.33392,52.51173],[13.33389,52.51172],[13.33385,52.51171],[13.33381,52.51171],[13.33374,52.51172],[13.33152,52.51221],[13.33145,52.51223],[13.33135,52.51226],[13.33128,52.51228],[13.33127,52.51228],[13.33123,52.5123],[13.33119,52.51231],[13.33112,52.51233],[13.33098,52.51239],[13.33087,52.51244],[13.33083,52.51246],[13.33078,52.5125],[13.33071,52.51256],[13.33066,52.51262],[13.33062,52.51269],[13.33059,52.51276],[13.33057,52.51281],[13.33056,52.51283],[13.3306,52.51283],[13.33073,52.51284],[13.33075,52.51284],[13.33098,52.51286],[13.33103,52.51286],[13.33136,52.51288],[13.33139,52.51289],[13.3314,52.51288],[13.33141,52.51285],[13.33142,52.51284],[13.33142,52.51283],[13.33143,52.51282],[13.33144,52.51282],[13.33146,52.51281],[13.33147,52.51281],[13.33149,52.5128],[13.3315,52.5128],[13.33152,52.51279],[13.33153,52.51279],[13.33155,52.51279],[13.33157,52.5128],[13.33158,52.5128],[13.3316,52.5128],[13.33161,52.51281],[13.33163,52.51281],[13.33163,52.51282],[13.33164,52.51282],[13.33165,52.51283],[13.33166,52.51284],[13.33166,52.51285],[13.33167,52.51285],[13.33167,52.51286],[13.33167,52.51287],[13.33166,52.51291],[13.33166,52.51293],[13.33188,52.51303],[13.33221,52.51305],[13.33235,52.51306],[13.33572,52.51328],[13.33585,52.51329],[13.33587,52.51335],[13.33601,52.51379],[13.33603,52.51381],[13.33604,52.51384],[13.33605,52.51385],[13.33611,52.51397],[13.33592,52.51396],[13.33595,52.514],[13.33614,52.51438],[13.33598,52.51448],[13.33592,52.51452],[13.33587,52.51455],[13.33571,52.51465],[13.33568,52.51467],[13.33555,52.51475],[13.33538,52.51486],[13.33533,52.51504],[13.33523,52.51513],[13.33518,52.51517],[13.33514,52.51521],[13.3349,52.51541],[13.33479,52.5155],[13.33475,52.5156],[13.33463,52.51587],[13.33443,52.5163],[13.33438,52.51641],[13.33433,52.51651],[13.33427,52.51664],[13.33426,52.51667],[13.33425,52.51669],[13.33424,52.51671],[13.33423,52.51673],[13.33422,52.51677],[13.33409,52.51675],[13.33397,52.51674],[13.33384,52.51672],[13.33372,52.5167],[13.33366,52.5167],[13.33361,52.51669],[13.33355,52.51668],[13.33349,52.51668],[13.33344,52.51668],[13.33338,52.51667],[13.33334,52.51667],[13.3333,52.51667],[13.33326,52.51667],[13.33321,52.51667],[13.33317,52.51667],[13.33314,52.51667],[13.3331,52.51667],[13.33307,52.51667],[13.33283,52.51668],[13.33271,52.51669],[13.33259,52.51669],[13.33258,52.51669],[13.33257,52.51669],[13.33228,52.5167],[13.33221,52.51673],[13.33213,52.51675],[13.33194,52.51679],[13.33184,52.51682],[13.33174,52.51684],[13.33154,52.51691],[13.33139,52.51696],[13.33116,52.51703],[13.33106,52.51706],[13.33098,52.51709],[13.3309,52.51713],[13.33089,52.51713],[13.33087,52.51714],[13.33084,52.51715],[13.33079,52.51718],[13.33073,52.51721],[13.33069,52.51723],[13.33061,52.51727],[13.33059,52.51729],[13.33053,52.51732],[13.33046,52.51736],[13.33041,52.51739],[13.33036,52.51742],[13.33031,52.51745],[13.33013,52.51756],[13.3301,52.51758],[13.32998,52.51766],[13.32988,52.51774],[13.32979,52.51781],[13.32963,52.51795],[13.32947,52.51815],[13.32937,52.51828],[13.32937,52.51829],[13.32932,52.51837],[13.32928,52.51844],[13.32927,52.51846],[13.32925,52.5185],[13.3292,52.5186],[13.32919,52.51861],[13.32917,52.51865],[13.32916,52.5187],[13.32914,52.51876],[13.32912,52.51888],[13.32911,52.51895],[13.3291,52.51896],[13.3291,52.51899],[13.32909,52.51904],[13.32909,52.51911],[13.3291,52.51919],[13.32911,52.51925],[13.32912,52.51933],[13.32913,52.51939],[13.32914,52.51941],[13.32916,52.51949],[13.32917,52.51953],[13.32918,52.51954],[13.32918,52.51956],[13.32921,52.51964],[13.32925,52.51979],[13.32926,52.51984],[13.32927,52.51987],[13.3293,52.51995],[13.32934,52.52003],[13.32937,52.5201],[13.32938,52.52014],[13.32939,52.52017],[13.32943,52.52026],[13.32949,52.52046],[13.32952,52.5206],[13.32954,52.52071],[13.32955,52.52083],[13.32955,52.52092],[13.32955,52.52102],[13.32953,52.52118],[13.32952,52.52122],[13.32949,52.52133],[13.32948,52.52137],[13.32945,52.52144],[13.32942,52.52151],[13.32939,52.52158],[13.32936,52.52165],[13.32933,52.52171],[13.32929,52.52179],[13.32926,52.52184],[13.3292,52.52193],[13.32918,52.52195],[13.32913,52.52202],[13.32912,52.52203],[13.32906,52.5221],[13.32898,52.5222],[13.32889,52.5223],[13.32888,52.52231],[13.32889,52.52231],[13.3289,52.52232],[13.3289,52.52233],[13.32888,52.52235],[13.32884,52.52239],[13.32872,52.5225],[13.32868,52.52253],[13.32866,52.52255],[13.32865,52.52256],[13.32864,52.52256],[13.32863,52.52256],[13.32863,52.52255],[13.32862,52.52255],[13.32856,52.5226],[13.32851,52.52265],[13.32847,52.52268],[13.32843,52.52271],[13.32838,52.52275],[13.32833,52.52278],[13.32828,52.52282],[13.32823,52.52285],[13.32818,52.52289],[13.32796,52.52304],[13.3278,52.52314],[13.32769,52.52321],[13.32744,52.52338],[13.32718,52.52355],[13.32692,52.52372],[13.32691,52.52373],[13.32684,52.52376],[13.32664,52.52386],[13.32649,52.52394],[13.32642,52.52397],[13.32619,52.52407],[13.3258,52.52422],[13.3255,52.52432],[13.32529,52.52439],[13.32519,52.52442],[13.32506,52.52446],[13.32474,52.52454],[13.32442,52.52461],[13.32411,52.52465],[13.32381,52.52468],[13.32352,52.52469],[13.32325,52.52469],[13.32281,52.52466],[13.3224,52.52464],[13.32199,52.5246],[13.32168,52.52457],[13.32137,52.52452],[13.32111,52.52446],[13.32103,52.52444],[13.32102,52.52444],[13.32082,52.52439],[13.32053,52.52429],[13.32026,52.52419],[13.32001,52.52407],[13.31986,52.52398],[13.31978,52.52393],[13.31955,52.52378],[13.3195,52.52373],[13.31943,52.52367],[13.31935,52.5236],[13.31917,52.52342],[13.31903,52.52323],[13.31894,52.52307],[13.31889,52.52293],[13.31888,52.52289],[13.31888,52.52288],[13.31882,52.52265],[13.31876,52.52236],[13.31875,52.52235],[13.31871,52.52214],[13.31869,52.52207],[13.31869,52.52204],[13.3187,52.52198],[13.3187,52.52197],[13.31871,52.52193],[13.31874,52.52188],[13.31874,52.52187],[13.31875,52.52175],[13.31876,52.52157],[13.31878,52.52111],[13.31875,52.52109],[13.31831,52.52076],[13.31829,52.52074],[13.31785,52.52041],[13.31784,52.5204],[13.3178,52.52037],[13.31677,52.5209],[13.31674,52.52092],[13.3167,52.52094],[13.31665,52.52096],[13.31661,52.52106],[13.31534,52.52466],[13.31533,52.52468],[13.315,52.52563],[13.31497,52.52571],[13.31492,52.52584],[13.31492,52.52585],[13.31489,52.52593],[13.31472,52.52641],[13.3141,52.52817],[13.31348,52.52991],[13.31347,52.52994],[13.31344,52.53001],[13.31337,52.53022],[13.31335,52.53026],[13.31354,52.53029],[13.31367,52.5303],[13.31385,52.53033],[13.31397,52.53036],[13.31416,52.5304],[13.31447,52.53048],[13.31452,52.53049],[13.31466,52.53051],[13.31532,52.53064],[13.31538,52.53065],[13.31587,52.53074],[13.31596,52.53076],[13.31629,52.53082],[13.31675,52.5309],[13.31669,52.53102],[13.31668,52.53104],[13.31661,52.53116],[13.31674,52.53119],[13.31689,52.53126],[13.31694,52.53129],[13.31698,52.5313],[13.3171,52.53139],[13.31715,52.53143],[13.3172,52.53147],[13.31731,52.53154],[13.31705,52.53205],[13.31751,52.53238],[13.31719,52.53233],[13.31703,52.53235],[13.31565,52.53217],[13.31495,52.53208],[13.314,52.53196],[13.31385,52.53194],[13.31371,52.53192],[13.3134,52.53188],[13.31338,52.53189],[13.31337,52.53193],[13.31332,52.53192],[13.31308,52.53188],[13.31303,52.53187],[13.31303,52.53188],[13.31302,52.5319],[13.31301,52.53193],[13.313,52.53197],[13.31298,52.53202],[13.31297,52.53206],[13.31295,52.53211],[13.31294,52.53214],[13.31293,52.53217],[13.31292,52.5322],[13.31279,52.53231],[13.31255,52.53265],[13.31229,52.53332],[13.31196,52.5342],[13.31161,52.5351],[13.31141,52.53561],[13.31888,52.53668],[13.32014,52.53686],[13.32192,52.53711],[13.32583,52.53767],[13.32585,52.53767],[13.32586,52.53766],[13.32586,52.53765],[13.32587,52.53764],[13.32588,52.53763],[13.32589,52.53763],[13.3259,52.53762],[13.32591,52.53762],[13.32592,52.53762],[13.32593,52.53762],[13.32595,52.53763],[13.32607,52.53764],[13.32614,52.53765],[13.32638,52.53769],[13.32662,52.53772],[13.32669,52.53773],[13.32683,52.53775],[13.32684,52.53775],[13.32685,52.53776],[13.32686,52.53776],[13.32687,52.53777],[13.32687,52.53778],[13.32687,52.53779],[13.32687,52.5378],[13.3279,52.53795],[13.32808,52.53798],[13.32813,52.53798],[13.32819,52.53799],[13.32824,52.538],[13.3283,52.53801],[13.32835,52.53802],[13.32841,52.53803],[13.32846,52.53804],[13.32852,52.53805],[13.32857,52.53807],[13.32862,52.53808],[13.32867,52.53809],[13.32873,52.5381],[13.32878,52.53812],[13.32883,52.53813],[13.32888,52.53815],[13.32893,52.53816],[13.32898,52.53818],[13.32904,52.5382],[13.32909,52.53821],[13.32913,52.53823],[13.32905,52.53829],[13.32904,52.5383],[13.32901,52.53832],[13.32895,52.53837],[13.32888,52.53841],[13.32886,52.53843],[13.32859,52.53862],[13.32853,52.53867],[13.32851,52.53869],[13.3285,52.53869],[13.3284,52.53877],[13.32836,52.5388],[13.32831,52.53883],[13.32821,52.5389],[13.32818,52.53892],[13.32817,52.53893],[13.32811,52.53898],[13.32805,52.53902],[13.32796,52.53909],[13.32787,52.53915],[13.32785,52.53916],[13.32766,52.53931],[13.32764,52.53932],[13.32719,52.53965],[13.32716,52.53969],[13.32716,52.53971],[13.32714,52.53973],[13.3272,52.54027],[13.32724,52.54062],[13.32724,52.54063],[13.32724,52.54064],[13.32725,52.54076],[13.32726,52.54078],[13.32729,52.54108],[13.32732,52.54134],[13.32732,52.54135],[13.32733,52.54143],[13.32729,52.54144],[13.32684,52.54161],[13.32636,52.54181],[13.32623,52.54187],[13.32624,52.54189],[13.32627,52.54191],[13.32623,52.54193],[13.32584,52.54216],[13.32565,52.54231],[13.32561,52.54234],[13.32549,52.54244],[13.32507,52.54277],[13.32496,52.54286],[13.32471,52.54306],[13.32465,52.54311],[13.32443,52.54328],[13.32441,52.54329],[13.32361,52.54392],[13.32356,52.54395],[13.32346,52.54403],[13.32309,52.54435],[13.32287,52.54453],[13.32257,52.54472],[13.32219,52.545],[13.32217,52.54502],[13.32062,52.54622],[13.32055,52.54627],[13.32029,52.54644],[13.32018,52.54653],[13.31997,52.54671],[13.31991,52.54676],[13.31988,52.5468],[13.31948,52.54718],[13.31933,52.5473],[13.31885,52.54759],[13.31881,52.54762],[13.31865,52.54772],[13.31864,52.54773],[13.31863,52.54774],[13.31851,52.54783],[13.31801,52.54819],[13.31799,52.5482],[13.31794,52.54824],[13.31676,52.54828],[13.31518,52.54831],[13.31512,52.54832],[13.31483,52.54832],[13.31477,52.54832],[13.31473,52.54833],[13.31295,52.54837],[13.31037,52.54848],[13.30923,52.54853],[13.30848,52.54857],[13.30701,52.54863],[13.30657,52.54865],[13.30508,52.54872],[13.30441,52.54874],[13.30164,52.5488],[13.30153,52.54881],[13.3015,52.54881],[13.30145,52.54881],[13.30121,52.54881],[13.30101,52.54882],[13.30096,52.54882],[13.30093,52.54882],[13.3008,52.54882],[13.30075,52.54882],[13.30071,52.54882],[13.30049,52.54883],[13.30015,52.54883],[13.29686,52.54888],[13.2964,52.54889],[13.29634,52.54889],[13.29623,52.54889],[13.29618,52.54889],[13.29603,52.5489],[13.29597,52.5489],[13.29521,52.54891],[13.29424,52.54892],[13.29059,52.54898],[13.28782,52.54903],[13.28635,52.54905],[13.28487,52.54908],[13.28341,52.5491],[13.2834,52.5491],[13.28192,52.54913],[13.27915,52.54918],[13.27903,52.54919],[13.27791,52.54921],[13.2778,52.54921],[13.27598,52.54924],[13.27581,52.54925],[13.27578,52.54925],[13.27565,52.54925],[13.27209,52.54931],[13.27196,52.54939],[13.27162,52.5494],[13.27121,52.54941],[13.27059,52.54943],[13.2706,52.5494],[13.27061,52.54934],[13.27052,52.54934],[13.27034,52.54934],[13.27034,52.54933],[13.27033,52.54922],[13.27031,52.54876],[13.27031,52.54872],[13.2703,52.54866],[13.2703,52.54865],[13.26997,52.54866],[13.26997,52.54855],[13.27002,52.54852],[13.27012,52.54845],[13.27017,52.5484],[13.27025,52.54831],[13.27066,52.54789],[13.27099,52.54728],[13.27162,52.54613],[13.27188,52.54566],[13.27223,52.54501],[13.27252,52.54449],[13.27285,52.54389],[13.27287,52.54385],[13.27337,52.54294],[13.27331,52.54293],[13.27324,52.54292],[13.27314,52.54291],[13.27333,52.54256],[13.27344,52.54236],[13.27345,52.54233],[13.27347,52.54231],[13.27347,52.54228],[13.27348,52.54226],[13.27349,52.54223],[13.27349,52.5422],[13.27349,52.54218],[13.27349,52.54215],[13.27349,52.54212],[13.27349,52.5421],[13.27348,52.54207],[13.27348,52.54204],[13.27347,52.54202],[13.27346,52.54201],[13.27341,52.54187],[13.2734,52.54185],[13.27339,52.54182],[13.27337,52.54177],[13.27336,52.54174],[13.27335,52.54171],[13.27329,52.54156],[13.27327,52.5415],[13.27326,52.54148],[13.27324,52.54141],[13.27321,52.54134],[13.2732,52.54132],[13.27318,52.54126],[13.27315,52.54118],[13.27314,52.54117],[13.27312,52.5411],[13.27309,52.54103],[13.27308,52.54102],[13.27306,52.54095],[13.27303,52.54088],[13.27302,52.54086],[13.273,52.5408],[13.27297,52.54072],[13.27296,52.5407],[13.27294,52.54063],[13.27291,52.54056],[13.2729,52.54054],[13.27288,52.54048],[13.27285,52.54041],[13.27284,52.54039],[13.27282,52.54032],[13.27279,52.54025],[13.27278,52.54024],[13.27276,52.54017],[13.27273,52.5401],[13.27273,52.54008],[13.2727,52.54002],[13.27267,52.53994],[13.27267,52.53993],[13.27264,52.53986],[13.27261,52.53979],[13.27261,52.53977],[13.27258,52.53971],[13.27256,52.53964],[13.27255,52.53962],[13.27249,52.53947],[13.27247,52.53942],[13.27247,52.53937],[13.27247,52.53934],[13.27247,52.53931],[13.27247,52.53928],[13.27245,52.53924],[13.27234,52.53894],[13.27231,52.53887],[13.27238,52.53886],[13.27246,52.53885],[13.27254,52.53883],[13.27253,52.5388],[13.2726,52.53879],[13.27272,52.53878],[13.2729,52.53874],[13.27308,52.5387],[13.27325,52.53866],[13.27343,52.53861],[13.2736,52.53855],[13.27376,52.53849],[13.27393,52.53843],[13.27405,52.53838],[13.27408,52.53837],[13.27423,52.5383],[13.27439,52.53823],[13.27453,52.53815],[13.27467,52.53807],[13.27481,52.53799],[13.27493,52.5379],[13.27506,52.53781],[13.27506,52.5378],[13.27523,52.53769],[13.27532,52.53761],[13.27553,52.53736],[13.27559,52.53727],[13.27555,52.53726],[13.27555,52.53725],[13.27547,52.53724],[13.2756,52.53709],[13.27564,52.53703],[13.27567,52.53699],[13.27568,52.53698],[13.27573,52.53691],[13.27573,52.5369],[13.27576,52.53687],[13.27577,52.53686],[13.27581,52.53684],[13.27581,52.53679],[13.27586,52.53674],[13.27596,52.53657],[13.27603,52.53645],[13.2761,52.53631],[13.27615,52.53618],[13.27621,52.53603],[13.27626,52.53586],[13.27621,52.53585],[13.27624,52.53572],[13.27633,52.5357],[13.27628,52.53564],[13.27647,52.53558],[13.27691,52.53545],[13.27772,52.53521],[13.27788,52.53516],[13.27792,52.53515],[13.27978,52.5346],[13.27981,52.53459],[13.27985,52.53458],[13.27988,52.53457],[13.27989,52.53457],[13.27991,52.53457],[13.27992,52.53456],[13.28004,52.53453],[13.28016,52.53449],[13.28028,52.53446],[13.2804,52.53443],[13.28053,52.5344],[13.28065,52.53437],[13.28078,52.53434],[13.28091,52.53431],[13.28104,52.53428],[13.28117,52.53425],[13.28131,52.53422],[13.28145,52.53419],[13.28159,52.53416],[13.28173,52.53413],[13.28182,52.53411],[13.28191,52.5341],[13.282,52.53408],[13.28209,52.53407],[13.28218,52.53405],[13.28216,52.534],[13.28211,52.5339],[13.28209,52.53386],[13.28204,52.53375],[13.28202,52.5337],[13.28204,52.5337],[13.28205,52.5337],[13.28207,52.53369],[13.28208,52.53369],[13.28209,52.53368],[13.2821,52.53367],[13.28211,52.53367],[13.28212,52.53366],[13.28212,52.53365],[13.28213,52.53364],[13.28213,52.53363],[13.28213,52.53362],[13.28213,52.53361],[13.28213,52.5336],[13.28208,52.53341],[13.28204,52.53326],[13.28184,52.53273],[13.28184,52.53272],[13.28182,52.53268],[13.28178,52.53257],[13.28147,52.53173],[13.28142,52.53159],[13.2814,52.53139],[13.28139,52.5313],[13.28138,52.53126],[13.28138,52.53125],[13.28136,52.53122],[13.28133,52.53105],[13.28127,52.53072],[13.28124,52.53057],[13.28121,52.53053],[13.28119,52.5305],[13.28118,52.53049],[13.28114,52.53044],[13.28084,52.53007],[13.28076,52.53009],[13.28049,52.53016],[13.28022,52.53022],[13.28,52.53025],[13.27993,52.53026],[13.27964,52.53028],[13.27952,52.53029],[13.27937,52.53029],[13.27933,52.53033],[13.2793,52.53032],[13.27925,52.53029],[13.27916,52.53029],[13.27908,52.53029],[13.27879,52.53027],[13.27874,52.53026],[13.27872,52.53026],[13.2785,52.53024],[13.27822,52.5302],[13.27794,52.53014],[13.27761,52.53005],[13.27739,52.52997],[13.27736,52.52996],[13.27713,52.52986],[13.27696,52.52976],[13.27691,52.52974],[13.27669,52.52962],[13.27647,52.5295],[13.27621,52.52937],[13.27598,52.52926],[13.27574,52.52916],[13.27553,52.52909],[13.27528,52.529],[13.27523,52.52899],[13.27502,52.52893],[13.27501,52.52893],[13.275,52.52893],[13.27469,52.52887],[13.27467,52.52888],[13.27463,52.52887],[13.27437,52.52884],[13.27408,52.52881],[13.27401,52.52879],[13.27395,52.52879],[13.27385,52.5288],[13.27362,52.52879],[13.27332,52.5288],[13.27303,52.52881],[13.27274,52.52883],[13.27244,52.52884],[13.27215,52.52885],[13.27195,52.52886],[13.27178,52.52887],[13.27165,52.52888],[13.27136,52.5289],[13.27107,52.52891],[13.27078,52.52893],[13.27049,52.52894],[13.2702,52.52895],[13.2699,52.52895],[13.26961,52.52895],[13.26933,52.52894],[13.26909,52.52893],[13.26904,52.52893],[13.26893,52.52894],[13.26885,52.52894],[13.26868,52.52894],[13.26864,52.52894],[13.26862,52.52894],[13.26861,52.52894],[13.26857,52.52894],[13.26816,52.52893],[13.26809,52.52893],[13.26805,52.52893],[13.26796,52.52892],[13.26784,52.52891],[13.2678,52.52891],[13.26775,52.52891],[13.26766,52.5289],[13.26765,52.5289],[13.26766,52.52884],[13.26766,52.52883],[13.26764,52.52883],[13.26762,52.52883],[13.2676,52.52884],[13.26755,52.52884],[13.26751,52.52884],[13.26749,52.52884],[13.26747,52.52884],[13.26742,52.52884],[13.26738,52.52885],[13.26733,52.52885],[13.26729,52.52885],[13.26728,52.52885],[13.26724,52.52885],[13.2672,52.52885],[13.26717,52.52885],[13.26716,52.52885],[13.26711,52.52885],[13.26707,52.52886],[13.26706,52.52886],[13.26702,52.52886],[13.26698,52.52886],[13.26695,52.52886],[13.26694,52.52886],[13.26689,52.52886],[13.26685,52.52886],[13.26672,52.52886],[13.2666,52.52886],[13.26648,52.52885],[13.26636,52.52885],[13.26626,52.52885],[13.26623,52.52885],[13.26611,52.52884],[13.26599,52.52883],[13.26593,52.52883],[13.26587,52.52882],[13.26575,52.52882],[13.26562,52.52881],[13.2655,52.52879],[13.26538,52.52878],[13.26527,52.52877],[13.26515,52.52876],[13.26503,52.52874],[13.26492,52.52873],[13.2648,52.52871],[13.26469,52.52869],[13.26457,52.52867],[13.26458,52.52866],[13.26458,52.52863],[13.26393,52.52851],[13.26383,52.52849],[13.26357,52.52841],[13.26328,52.52833],[13.26265,52.52813],[13.26198,52.52789],[13.26194,52.52787],[13.26145,52.5277],[13.26093,52.52755],[13.26093,52.52754],[13.26001,52.52737],[13.25979,52.52732],[13.25968,52.52732],[13.25912,52.52727],[13.25886,52.52725],[13.25866,52.52724],[13.25685,52.52714],[13.25571,52.52709],[13.25456,52.52707],[13.25404,52.52706],[13.25387,52.52705],[13.25235,52.52707],[13.25121,52.52709],[13.25036,52.52713],[13.25007,52.52716],[13.24989,52.52717],[13.24981,52.52718],[13.24927,52.52728],[13.24884,52.52739],[13.24857,52.52746],[13.24831,52.52755],[13.24822,52.52758],[13.24758,52.52783],[13.24724,52.528],[13.24693,52.52817],[13.24668,52.52831],[13.24639,52.52778],[13.24635,52.52771],[13.24634,52.52769],[13.24644,52.52768],[13.24647,52.52768],[13.2465,52.52767],[13.24653,52.52767],[13.24656,52.52766],[13.24659,52.52765],[13.24661,52.52765],[13.24663,52.52764],[13.24666,52.52764],[13.24669,52.52763],[13.24672,52.52762],[13.24676,52.5276],[13.24679,52.52759],[13.24682,52.52758],[13.24684,52.52756],[13.24687,52.52755],[13.2469,52.52753],[13.24692,52.52752],[13.24695,52.5275],[13.24697,52.52748],[13.24699,52.52746],[13.24701,52.52744],[13.24703,52.52742],[13.24705,52.5274],[13.24706,52.52738],[13.24708,52.52736],[13.24709,52.52734],[13.2471,52.52732],[13.24711,52.5273],[13.24711,52.52728],[13.24712,52.52726],[13.24712,52.52724],[13.24713,52.52722],[13.24713,52.5272],[13.24716,52.52675],[13.24716,52.52669],[13.24717,52.52661],[13.24718,52.52641],[13.24718,52.5264],[13.24719,52.52628],[13.24719,52.52622],[13.24721,52.52605],[13.24724,52.52587],[13.24728,52.5257],[13.24734,52.52553],[13.24741,52.52536],[13.24742,52.52533],[13.24744,52.5253],[13.24745,52.52526],[13.24747,52.52523],[13.24749,52.5252],[13.24751,52.52517],[13.24756,52.52507],[13.24757,52.52504],[13.24758,52.52501],[13.2476,52.52498],[13.2476,52.52497],[13.24761,52.52495],[13.24762,52.52492],[13.24762,52.52489],[13.24763,52.52486],[13.24763,52.52483],[13.24763,52.52479],[13.24763,52.52464],[13.2477,52.52457],[13.24769,52.52456],[13.24768,52.52453],[13.24762,52.52445],[13.24759,52.52441],[13.24754,52.52433],[13.24751,52.52429],[13.24741,52.52431],[13.24732,52.52433],[13.24722,52.52436],[13.24712,52.52438],[13.24702,52.5244],[13.24692,52.52442],[13.24682,52.52445],[13.24671,52.52447],[13.24656,52.5245],[13.24649,52.52451],[13.24641,52.52453],[13.24634,52.52454],[13.24626,52.52456],[13.24625,52.52456],[13.24623,52.52456],[13.24622,52.52456],[13.24621,52.52456],[13.2462,52.52456],[13.24619,52.52456],[13.24618,52.52455],[13.24617,52.52455],[13.24616,52.52454],[13.24615,52.52453],[13.24614,52.52453],[13.24614,52.52452],[13.24523,52.52474],[13.24485,52.52483],[13.2448,52.52485],[13.24475,52.52486],[13.2447,52.52487],[13.24464,52.52488],[13.24458,52.5249],[13.24453,52.52491],[13.24447,52.52493],[13.24441,52.52494],[13.24435,52.52496],[13.24429,52.52497],[13.24423,52.52499],[13.24418,52.52501],[13.24412,52.52502],[13.24406,52.52504],[13.244,52.52505],[13.24395,52.52507],[13.24389,52.52509],[13.24383,52.5251],[13.24377,52.52512],[13.24372,52.52514],[13.24366,52.52515],[13.24364,52.52516],[13.2431,52.52532],[13.24303,52.52534],[13.24296,52.52536],[13.24289,52.52538],[13.24282,52.52541],[13.24275,52.52543],[13.24268,52.52545],[13.24261,52.52547],[13.24254,52.52549],[13.24247,52.52551],[13.24239,52.52553],[13.24232,52.52555],[13.24224,52.52557],[13.24199,52.52559],[13.24146,52.52573],[13.24096,52.52587],[13.24091,52.52588],[13.24087,52.52589],[13.24083,52.5259],[13.24078,52.52591],[13.24074,52.52592],[13.24069,52.52593],[13.24063,52.52594],[13.24056,52.52596],[13.24048,52.52597],[13.24041,52.52598],[13.24034,52.52598],[13.24027,52.52599],[13.2402,52.52599],[13.24013,52.52599],[13.23997,52.52609],[13.23983,52.52588],[13.23981,52.52589],[13.23955,52.52595],[13.23944,52.52598],[13.23931,52.52601],[13.23924,52.52602],[13.23918,52.52604],[13.23911,52.52605],[13.23905,52.52606],[13.23898,52.52607],[13.23891,52.52608],[13.23885,52.52609],[13.23878,52.5261],[13.23871,52.5261],[13.23864,52.52611],[13.23858,52.52611],[13.23851,52.52612],[13.23844,52.52612],[13.23837,52.52612],[13.2383,52.52613],[13.23823,52.52613],[13.23806,52.52613],[13.23803,52.52613],[13.23771,52.52612],[13.2376,52.52612],[13.23681,52.5261],[13.2368,52.52612],[13.2368,52.52614],[13.23645,52.52612],[13.23645,52.52613],[13.23633,52.52613],[13.23571,52.5261],[13.2353,52.52607],[13.23485,52.52604],[13.23391,52.52603],[13.23386,52.52603],[13.2335,52.526],[13.23348,52.526],[13.23297,52.52595],[13.23274,52.52592],[13.232,52.52584],[13.23128,52.52577],[13.23121,52.52579],[13.23106,52.52584],[13.23093,52.52588],[13.23017,52.52592],[13.22899,52.52598],[13.22881,52.52599],[13.22818,52.52602],[13.22817,52.52599],[13.22806,52.52577],[13.22804,52.52571],[13.22776,52.52568],[13.22752,52.52564],[13.2273,52.52561],[13.22703,52.52565],[13.2262,52.52576],[13.22595,52.52579],[13.2257,52.5258],[13.22556,52.5258],[13.22543,52.5258],[13.22529,52.52581],[13.22515,52.52581],[13.22502,52.52582],[13.22488,52.52582],[13.22481,52.52583],[13.22473,52.52583],[13.22466,52.52584],[13.22454,52.52584],[13.22442,52.52585],[13.2243,52.52586],[13.22418,52.52587],[13.22406,52.52588],[13.22395,52.52589],[13.22384,52.52591],[13.22373,52.52592],[13.22363,52.52593],[13.22352,52.52594],[13.22341,52.52596],[13.22333,52.52597],[13.22324,52.52598],[13.22316,52.526],[13.22308,52.52601],[13.223,52.52602],[13.22292,52.52604],[13.22285,52.52605],[13.22277,52.52606],[13.22271,52.52608],[13.22266,52.52609],[13.2226,52.5261],[13.22259,52.5261],[13.22258,52.5261],[13.22257,52.5261],[13.22253,52.52611],[13.22248,52.52611],[13.22244,52.52612],[13.22243,52.52612],[13.22242,52.52612],[13.2224,52.52613],[13.22239,52.52613],[13.22237,52.52613],[13.22235,52.52613],[13.22231,52.52614],[13.22228,52.52614],[13.22224,52.52615],[13.22222,52.52615],[13.22219,52.52615],[13.22216,52.52616],[13.22214,52.52616],[13.22212,52.52616],[13.2221,52.52617],[13.22207,52.52617],[13.22205,52.52617],[13.22202,52.52617],[13.22199,52.52614],[13.22186,52.52594],[13.22167,52.52567],[13.22182,52.52564],[13.22174,52.52551],[13.22129,52.52477],[13.22128,52.52475],[13.22127,52.52472],[13.22123,52.52464],[13.22122,52.52461],[13.22117,52.52455],[13.22109,52.5244],[13.22105,52.52434],[13.2208,52.52393],[13.22058,52.52359],[13.22039,52.52331],[13.22022,52.52308],[13.21989,52.52262],[13.21978,52.5224],[13.2197,52.52241],[13.21963,52.52229],[13.21971,52.52227],[13.21956,52.52197],[13.21939,52.52142],[13.21935,52.52086],[13.21937,52.52031],[13.21939,52.51982],[13.21939,52.51963],[13.21933,52.51963],[13.21933,52.51958],[13.21939,52.51958],[13.21941,52.51936],[13.21944,52.519],[13.21946,52.51878],[13.21949,52.51816],[13.21957,52.51762],[13.21966,52.5169],[13.21974,52.51636],[13.21984,52.51579],[13.21995,52.51525],[13.2201,52.5146],[13.22025,52.51437],[13.22031,52.51429],[13.22077,52.51381],[13.22095,52.51362],[13.22064,52.51361],[13.22001,52.51359],[13.21975,52.51358],[13.21975,52.51361],[13.21972,52.51374],[13.21968,52.51401],[13.21963,52.51401],[13.21949,52.514],[13.21946,52.51399],[13.21907,52.51361],[13.21885,52.51339],[13.21883,52.51337],[13.21873,52.51338],[13.21852,52.5134],[13.21847,52.5134],[13.21839,52.51331],[13.21833,52.51324],[13.21828,52.51319],[13.21823,52.51315],[13.21815,52.5131],[13.21807,52.51304],[13.21789,52.51284],[13.21744,52.5124],[13.21714,52.51216],[13.21709,52.51213],[13.21676,52.51194],[13.21657,52.51178],[13.21647,52.5117],[13.21644,52.51165],[13.21626,52.51141],[13.2162,52.51134],[13.21618,52.5113],[13.21605,52.51105],[13.21585,52.51069],[13.21587,52.51068],[13.21571,52.51051],[13.21562,52.5104],[13.21561,52.51039],[13.21552,52.51025],[13.21542,52.51011],[13.2154,52.51009],[13.21538,52.51005],[13.21537,52.51005],[13.21532,52.50997],[13.2151,52.50965],[13.21498,52.50951],[13.21501,52.5095],[13.21536,52.50943],[13.21543,52.50942],[13.21546,52.50941],[13.21555,52.50939],[13.21558,52.50939],[13.2156,52.50938],[13.21569,52.50937],[13.21567,52.50932],[13.2156,52.50919],[13.21558,52.50916],[13.2155,52.50918],[13.21548,52.50918],[13.21529,52.50922],[13.21524,52.50923],[13.21515,52.50925],[13.21512,52.50925],[13.21506,52.50927],[13.21505,52.50927],[13.21487,52.5093],[13.21486,52.5093],[13.21457,52.50936],[13.21455,52.50937],[13.21452,52.50933],[13.21446,52.50927],[13.21424,52.50915],[13.21416,52.50912],[13.21408,52.5091],[13.21398,52.5091],[13.21384,52.50909],[13.2136,52.50909],[13.21323,52.5091],[13.21303,52.50916],[13.21301,52.50916],[13.2128,52.50921],[13.21279,52.50919],[13.21268,52.5092],[13.21267,52.5092],[13.21256,52.50922],[13.21253,52.50922],[13.21244,52.50924],[13.21243,52.50924],[13.21232,52.50924],[13.21225,52.50926],[13.21201,52.50931],[13.21186,52.50935],[13.21186,52.50934],[13.21173,52.50922],[13.2112,52.50871],[13.21101,52.50852],[13.21092,52.50828],[13.21088,52.50819],[13.21076,52.50788],[13.21056,52.50737],[13.2105,52.5072],[13.21036,52.50704],[13.20949,52.50606],[13.20933,52.50587],[13.20921,52.5057],[13.20889,52.50524],[13.20876,52.50505],[13.20891,52.50486],[13.20921,52.50448],[13.20935,52.5043],[13.20943,52.50398],[13.20969,52.50303],[13.20973,52.50291],[13.20513,52.50135],[13.19908,52.49988],[13.19521,52.49974],[13.1917,52.49868],[13.18984,52.49755],[13.18945,52.49498],[13.18953,52.49293],[13.18755,52.49121],[13.1866,52.48929],[13.18715,52.48713],[13.18981,52.48433],[13.19017,52.48262],[13.18909,52.48115],[13.18725,52.47865],[13.18829,52.47408],[13.18817,52.47184],[13.19391,52.47109],[13.19456,52.47098],[13.19523,52.47125],[13.19632,52.47134],[13.19637,52.47135],[13.19662,52.47134],[13.197,52.47117],[13.19758,52.47064],[13.1977,52.4704],[13.19772,52.47035],[13.19766,52.47011],[13.19764,52.46997],[13.19762,52.46973],[13.19771,52.46943],[13.19773,52.46936],[13.19785,52.46922],[13.19793,52.46913],[13.19809,52.46901],[13.19845,52.46892],[13.19873,52.46884],[13.19898,52.46877],[13.19915,52.46875],[13.19929,52.46875],[13.1994,52.46876],[13.19971,52.46882],[13.20031,52.46898],[13.20064,52.46904],[13.20075,52.4691],[13.2009,52.46923],[13.20111,52.46943],[13.20141,52.46972],[13.20143,52.46974],[13.20156,52.46987],[13.20169,52.46996],[13.20179,52.47],[13.20221,52.47016],[13.20274,52.47025],[13.20321,52.47038],[13.20337,52.47042],[13.20355,52.47047],[13.20373,52.4705],[13.20413,52.47049],[13.20457,52.47053],[13.2051,52.47052],[13.20577,52.47043],[13.20646,52.47031],[13.2072,52.47014],[13.20771,52.47002],[13.20822,52.46994],[13.2091,52.46982],[13.21017,52.46971],[13.21066,52.46961],[13.21071,52.4696],[13.21148,52.46944],[13.21169,52.46947],[13.21235,52.46956],[13.21284,52.46954],[13.21323,52.46953],[13.21423,52.46982],[13.2151,52.46993],[13.21616,52.4701],[13.21654,52.47012],[13.21806,52.47007],[13.21893,52.47005],[13.219,52.47005],[13.21924,52.47004],[13.21942,52.47004],[13.22015,52.47006],[13.22159,52.46998],[13.22244,52.47],[13.22251,52.47],[13.22357,52.47002],[13.22378,52.46999],[13.22552,52.47013],[13.22678,52.47036],[13.22718,52.47039],[13.22868,52.47049],[13.22877,52.47051],[13.23021,52.47075],[13.23147,52.47076],[13.23233,52.47052],[13.23272,52.47041],[13.23388,52.47012],[13.23427,52.46996],[13.2351,52.46966],[13.23588,52.46956],[13.23622,52.46951],[13.23625,52.46951],[13.23668,52.46944],[13.23706,52.46938],[13.23707,52.46938],[13.23709,52.46938],[13.23711,52.46937],[13.23713,52.46937],[13.23716,52.46937],[13.23718,52.46936],[13.2372,52.46936],[13.23734,52.46933],[13.23735,52.46933],[13.2375,52.46931],[13.23757,52.4693],[13.23758,52.4693],[13.23779,52.46926],[13.23805,52.46921],[13.23807,52.46921],[13.23824,52.46918],[13.23833,52.46917],[13.23835,52.46919],[13.23905,52.46906],[13.23904,52.46904],[13.23987,52.4689],[13.24127,52.46866],[13.24157,52.46861],[13.24201,52.46856],[13.2427,52.46844],[13.24304,52.46836],[13.24382,52.46825],[13.24411,52.46818],[13.24553,52.46793],[13.24652,52.46778],[13.24675,52.46774],[13.2472,52.4677],[13.24735,52.46771],[13.24759,52.46763],[13.24777,52.46756],[13.24781,52.46754],[13.24791,52.46753],[13.24798,52.46752],[13.249,52.46735],[13.25042,52.46711],[13.25086,52.46704],[13.25184,52.46686],[13.25244,52.46677],[13.25263,52.46675],[13.25289,52.46673],[13.25311,52.46672],[13.25349,52.46673],[13.25392,52.46675],[13.25433,52.46678],[13.25479,52.46678],[13.2553,52.46676],[13.25561,52.46675],[13.25574,52.46674],[13.25719,52.46663],[13.25727,52.46662],[13.25739,52.46661],[13.25751,52.46661],[13.25823,52.46656],[13.2584,52.46654],[13.25884,52.46651],[13.25898,52.46651],[13.25909,52.4665],[13.25948,52.46666],[13.25961,52.4667],[13.25978,52.46673],[13.26002,52.46684],[13.26028,52.46693],[13.26042,52.46701],[13.2605,52.46707],[13.26059,52.46713],[13.26066,52.4672],[13.26079,52.46734],[13.26081,52.46736],[13.26082,52.46737],[13.26086,52.4674],[13.26161,52.46776],[13.26163,52.46777],[13.26173,52.4677],[13.26202,52.46749],[13.26214,52.4674],[13.26215,52.4674],[13.26205,52.46735],[13.26207,52.46734],[13.26209,52.46732],[13.2621,52.46731],[13.26212,52.46732],[13.2622,52.46732],[13.26232,52.46722],[13.26231,52.46717],[13.2626,52.46711],[13.26268,52.46707],[13.26274,52.46705],[13.2629,52.46701],[13.26311,52.46698],[13.26355,52.46695],[13.264,52.46697],[13.26428,52.467],[13.26486,52.46709],[13.26612,52.46724],[13.26621,52.46727],[13.26639,52.46735],[13.26661,52.46731],[13.26881,52.46754],[13.26922,52.46759],[13.27115,52.46781],[13.27246,52.46796],[13.27246,52.46795],[13.27299,52.46801],[13.27337,52.46806],[13.27348,52.46807],[13.27355,52.46808],[13.27403,52.46813],[13.2744,52.46818],[13.27492,52.46824],[13.27516,52.46826],[13.2755,52.4683],[13.27612,52.46837],[13.27648,52.46842],[13.27666,52.46844],[13.27718,52.4685],[13.2778,52.46857],[13.2778,52.46858],[13.27833,52.46864],[13.27833,52.46857],[13.27869,52.46861],[13.27868,52.46851],[13.27873,52.46854],[13.27905,52.46858],[13.27948,52.46864],[13.27974,52.46867],[13.28014,52.46872],[13.2802,52.46873],[13.28075,52.4688],[13.28109,52.46885],[13.28124,52.46888],[13.28144,52.46892],[13.28188,52.469],[13.28216,52.46905],[13.28292,52.4692],[13.28307,52.46923],[13.28313,52.46924],[13.28351,52.46932],[13.28381,52.46939],[13.2844,52.46951],[13.28484,52.46961],[13.28497,52.46964],[13.28574,52.46981],[13.28594,52.46985],[13.28625,52.46992],[13.28667,52.47001],[13.28712,52.4701],[13.28741,52.47017],[13.28761,52.47021],[13.28787,52.47027],[13.28845,52.47039],[13.28887,52.47048],[13.28908,52.47053],[13.28944,52.47024],[13.28988,52.46989],[13.29015,52.47013],[13.29018,52.47033],[13.29116,52.47015],[13.2914,52.4701],[13.29165,52.47005],[13.29192,52.47],[13.29219,52.46995],[13.29254,52.46989],[13.29284,52.46983],[13.29454,52.46951],[13.29501,52.46942],[13.29533,52.46936],[13.29556,52.46932],[13.29603,52.46923],[13.29629,52.46918],[13.29657,52.46913],[13.29684,52.46907],[13.29712,52.46901],[13.29741,52.46895],[13.2977,52.4689],[13.29781,52.46888],[13.29801,52.46885],[13.30204,52.46819],[13.30321,52.468],[13.30343,52.46796],[13.3062,52.46752],[13.30637,52.46749],[13.30633,52.46741],[13.30663,52.46753],[13.30722,52.46777],[13.30748,52.46788],[13.30755,52.46785],[13.30784,52.46773],[13.30801,52.46767],[13.30833,52.46753],[13.30837,52.46755],[13.30847,52.46749],[13.30857,52.46742],[13.3087,52.4675],[13.30895,52.46763],[13.3091,52.46771],[13.30915,52.46768],[13.30961,52.46741],[13.30994,52.46723],[13.30998,52.46721],[13.31011,52.46714],[13.31013,52.46712],[13.31015,52.46711],[13.31018,52.4671],[13.3102,52.46709],[13.31022,52.46708],[13.31024,52.46707],[13.31027,52.46706],[13.31029,52.46705],[13.31031,52.46704],[13.31038,52.46701],[13.31045,52.46698],[13.31051,52.46696],[13.31058,52.46693],[13.31065,52.4669],[13.31066,52.46696],[13.31068,52.46697],[13.3107,52.46698],[13.31072,52.46699],[13.31075,52.467],[13.31077,52.46701],[13.3108,52.46702],[13.31083,52.46703],[13.31086,52.46704],[13.3109,52.46705],[13.31093,52.46706],[13.31097,52.46707],[13.31101,52.46708],[13.31105,52.46709],[13.31109,52.4671],[13.31113,52.4671],[13.31116,52.46711],[13.3112,52.46712],[13.31123,52.46712],[13.31126,52.46712],[13.31128,52.46712],[13.31132,52.46712],[13.31135,52.46712],[13.31139,52.46712],[13.31142,52.46712],[13.31161,52.46712],[13.31309,52.4671],[13.31331,52.46709],[13.31395,52.46708],[13.31596,52.46705],[13.31632,52.46704],[13.31691,52.46703],[13.31723,52.46703],[13.31849,52.46701],[13.31873,52.467],[13.3191,52.467],[13.31952,52.46699],[13.31984,52.46698],[13.31998,52.46698],[13.31999,52.46716],[13.32,52.46733],[13.32001,52.46761],[13.32002,52.46788],[13.32003,52.46807],[13.32004,52.46826],[13.32005,52.46845],[13.32006,52.46876],[13.32006,52.46886],[13.32008,52.46917],[13.32008,52.46936],[13.32009,52.4696],[13.32009,52.46962],[13.3201,52.46963],[13.3201,52.46964],[13.3201,52.46966],[13.32011,52.46967],[13.32011,52.46968],[13.32012,52.46969],[13.32013,52.46971],[13.32014,52.46972],[13.32014,52.46976],[13.32017,52.46976],[13.32017,52.4698],[13.32018,52.4698],[13.32019,52.46986],[13.32026,52.4699],[13.32025,52.46991],[13.32023,52.46993],[13.32026,52.46995],[13.32025,52.46995],[13.32025,52.46996],[13.32025,52.46997],[13.32026,52.46998],[13.32031,52.47001],[13.32052,52.47013],[13.32053,52.47027],[13.32033,52.47039],[13.32027,52.47043],[13.32026,52.47044],[13.32024,52.47046],[13.32025,52.47048],[13.32027,52.4705],[13.32028,52.4705],[13.32022,52.47054],[13.32022,52.47059],[13.32021,52.47059],[13.32021,52.47062],[13.32022,52.47062],[13.32022,52.47068],[13.32021,52.47068],[13.32021,52.47071],[13.32022,52.47071],[13.32022,52.47074],[13.32014,52.47074],[13.32015,52.47099],[13.32016,52.47122],[13.32017,52.4714],[13.32018,52.47172],[13.32019,52.47185],[13.32023,52.47274],[13.32023,52.47283],[13.32023,52.47289],[13.32024,52.47298],[13.32025,52.47324],[13.32026,52.47349],[13.32026,52.47359],[13.32028,52.47394],[13.32029,52.47427],[13.3203,52.47438],[13.32031,52.47463],[13.32031,52.47478],[13.32032,52.47501],[13.32033,52.47512],[13.32034,52.47544],[13.3204,52.47669],[13.3204,52.47682],[13.32041,52.477],[13.32042,52.47715],[13.32042,52.47734],[13.32043,52.47747],[13.32048,52.47747],[13.32105,52.47748],[13.32242,52.47749],[13.3236,52.47748],[13.3241,52.47748],[13.32432,52.47748],[13.32616,52.47747],[13.32709,52.47747],[13.32758,52.47745],[13.32811,52.47743],[13.32824,52.47743],[13.32832,52.47743],[13.32835,52.47743],[13.32864,52.47744],[13.32865,52.47744],[13.32875,52.47744],[13.32879,52.47744],[13.32882,52.47744],[13.32958,52.47744],[13.33265,52.47742],[13.33287,52.47741],[13.33287,52.47772],[13.3329,52.47772],[13.33294,52.47772],[13.33294,52.4778],[13.33298,52.4778],[13.33299,52.4778],[13.33299,52.47785],[13.33374,52.4779],[13.33443,52.47795],[13.33468,52.47797],[13.33504,52.478],[13.33539,52.47802],[13.33574,52.47805],[13.33607,52.47807],[13.33657,52.4781],[13.33707,52.47813],[13.33707,52.47821],[13.33707,52.47838],[13.33707,52.47853],[13.33707,52.47879],[13.33706,52.47907],[13.33706,52.47922],[13.33706,52.4797],[13.33706,52.47988],[13.33716,52.48012],[13.33716,52.48036],[13.33711,52.48053],[13.33706,52.48069],[13.33705,52.48071],[13.33705,52.48209],[13.33707,52.48214],[13.33709,52.48219],[13.3372,52.48253],[13.33712,52.48253],[13.33712,52.48282],[13.3371,52.48436],[13.3371,52.48452],[13.3371,52.48456],[13.3371,52.48468],[13.3371,52.48469],[13.3371,52.48482],[13.33709,52.48568],[13.33717,52.48567],[13.33712,52.48592],[13.33705,52.48592],[13.33708,52.4867],[13.33709,52.48693],[13.3371,52.48707],[13.3371,52.48716],[13.33713,52.4879],[13.33715,52.4879],[13.33715,52.48804],[13.33716,52.48804],[13.33717,52.48805],[13.33718,52.48805],[13.33719,52.48805],[13.3372,52.48805],[13.33721,52.48805],[13.33721,52.48806],[13.33718,52.48822],[13.33716,52.4883],[13.33713,52.48843],[13.33709,52.48845],[13.33708,52.48845],[13.33707,52.48846],[13.33706,52.48847],[13.33705,52.48848],[13.33705,52.48849],[13.33704,52.4885],[13.33703,52.48856],[13.33701,52.48862],[13.337,52.48868],[13.33699,52.48874],[13.33698,52.48878],[13.33697,52.48883],[13.33696,52.48888],[13.33695,52.48894],[13.33694,52.48899],[13.33694,52.48904],[13.33693,52.48909],[13.33692,52.48915],[13.33692,52.48919],[13.33691,52.48924],[13.33691,52.48929],[13.33691,52.48933],[13.3369,52.48938],[13.3369,52.48941],[13.33691,52.48942],[13.33697,52.48942],[13.33697,52.48945],[13.33697,52.48947],[13.33697,52.48965],[13.33697,52.48966],[13.33692,52.48967],[13.33691,52.48967],[13.3369,52.48967],[13.3369,52.48968],[13.3369,52.48969],[13.3369,52.48974],[13.3369,52.48978],[13.3369,52.48983],[13.3369,52.48987],[13.33691,52.48992],[13.33691,52.48996],[13.33691,52.49002],[13.33692,52.49007],[13.33692,52.49009],[13.33693,52.49016],[13.33694,52.49022],[13.33695,52.4903],[13.33696,52.49036],[13.33696,52.49037],[13.33697,52.49037],[13.33697,52.49038],[13.33698,52.49039],[13.33699,52.4904],[13.337,52.4904],[13.33701,52.49041],[13.33702,52.49041],[13.33703,52.49042],[13.33704,52.49042],[13.33733,52.49048],[13.33737,52.49053]]]]}},{"type":"Feature","properties":{"name":"Friedrichshain-Kreuzberg"},"geometry":{"type":"MultiPolygon","coordinates":[[[[13.46903,52.5006],[13.46905,52.50066],[13.46915,52.50096],[13.4692,52.50107],[13.4692,52.50112],[13.46935,52.5015],[13.46953,52.50194],[13.46954,52.50194],[13.46963,52.50216],[13.46965,52.50223],[13.46967,52.50229],[13.46971,52.5023],[13.46975,52.50232],[13.46975,52.5024],[13.46975,52.50244],[13.46975,52.50245],[13.46977,52.50248],[13.46978,52.50254],[13.4698,52.50258],[13.46982,52.50264],[13.46983,52.50266],[13.47021,52.50374],[13.47032,52.50391],[13.47042,52.50406],[13.47076,52.50444],[13.47113,52.50483],[13.47125,52.50496],[13.47129,52.505],[13.47119,52.5051],[13.47116,52.50513],[13.47121,52.50518],[13.47131,52.50529],[13.47136,52.50534],[13.47137,52.50535],[13.47148,52.50547],[13.47152,52.50552],[13.47175,52.50574],[13.47185,52.50581],[13.47223,52.50609],[13.47226,52.50611],[13.47237,52.50617],[13.47271,52.50636],[13.47272,52.50639],[13.47273,52.50646],[13.4728,52.50649],[13.47277,52.50657],[13.47279,52.50665],[13.47283,52.50671],[13.47296,52.50676],[13.47337,52.50691],[13.47341,52.50692],[13.47313,52.50709],[13.47307,52.50713],[13.47382,52.50793],[13.47381,52.50801],[13.47394,52.50797],[13.47396,52.50799],[13.47403,52.50807],[13.4739,52.5081],[13.47392,52.5081],[13.47396,52.50811],[13.47464,52.50882],[13.47542,52.50963],[13.47583,52.51026],[13.47604,52.5103],[13.47616,52.51035],[13.47627,52.51044],[13.47626,52.51045],[13.47612,52.51105],[13.47605,52.51139],[13.47601,52.51153],[13.47599,52.51162],[13.47589,52.51205],[13.47594,52.51206],[13.47593,52.51211],[13.47584,52.51212],[13.47578,52.51243],[13.47577,52.51247],[13.47567,52.51289],[13.47563,52.51306],[13.47553,52.51307],[13.47544,52.51343],[13.47546,52.51356],[13.47549,52.51375],[13.4755,52.51382],[13.47561,52.51411],[13.47578,52.51457],[13.47589,52.51486],[13.476,52.51483],[13.47748,52.51439],[13.4776,52.51453],[13.47775,52.51473],[13.47759,52.51478],[13.4773,52.51486],[13.47685,52.51499],[13.47671,52.51505],[13.47657,52.51515],[13.47655,52.51517],[13.47645,52.5153],[13.47639,52.51544],[13.47626,52.51572],[13.47605,52.51613],[13.47601,52.51619],[13.47597,52.51626],[13.47576,52.51659],[13.4757,52.51669],[13.4756,52.51685],[13.47539,52.51716],[13.47526,52.51738],[13.47501,52.51779],[13.475,52.5178],[13.47475,52.51822],[13.47423,52.51906],[13.4742,52.51912],[13.47376,52.51909],[13.47342,52.51948],[13.47331,52.5196],[13.47308,52.51988],[13.47321,52.51988],[13.47289,52.52019],[13.47255,52.52053],[13.47243,52.52052],[13.47235,52.52051],[13.47227,52.52068],[13.47214,52.52067],[13.47211,52.52069],[13.47202,52.52069],[13.47166,52.52066],[13.47163,52.52065],[13.47142,52.52064],[13.47141,52.52064],[13.47125,52.52062],[13.47113,52.52061],[13.47061,52.52057],[13.4697,52.5205],[13.46933,52.52047],[13.46847,52.5204],[13.46719,52.52029],[13.4669,52.52027],[13.46558,52.52016],[13.46542,52.52015],[13.46414,52.52004],[13.46394,52.52003],[13.46375,52.52001],[13.46329,52.51998],[13.46276,52.51993],[13.4627,52.51993],[13.46262,52.51994],[13.46253,52.51996],[13.46232,52.52],[13.46209,52.52004],[13.46187,52.52008],[13.4617,52.52011],[13.4613,52.52018],[13.46125,52.52019],[13.46067,52.5203],[13.46062,52.5203],[13.4605,52.52033],[13.46045,52.52033],[13.46042,52.52034],[13.46035,52.52035],[13.46014,52.52039],[13.46005,52.52041],[13.45996,52.52042],[13.45967,52.52048],[13.45961,52.52049],[13.45947,52.52051],[13.45936,52.52053],[13.45925,52.52055],[13.45913,52.52057],[13.45895,52.52061],[13.45872,52.52065],[13.45834,52.52072],[13.45824,52.52073],[13.45781,52.52081],[13.45716,52.52093],[13.45707,52.52095],[13.45529,52.52127],[13.45542,52.52145],[13.4558,52.52197],[13.45588,52.52207],[13.45591,52.52211],[13.45616,52.52246],[13.4558,52.52255],[13.45575,52.52263],[13.45567,52.52275],[13.45561,52.52283],[13.45537,52.52318],[13.45492,52.52385],[13.45484,52.52397],[13.45471,52.52416],[13.45465,52.52424],[13.45464,52.52426],[13.4546,52.52432],[13.45416,52.52497],[13.45382,52.52546],[13.45367,52.52569],[13.45333,52.52619],[13.4532,52.52637],[13.45288,52.52685],[13.45282,52.52693],[13.45247,52.52746],[13.45246,52.52746],[13.45242,52.52753],[13.45218,52.5278],[13.45191,52.52774],[13.45141,52.52763],[13.45113,52.52756],[13.45079,52.52749],[13.45077,52.52748],[13.45052,52.52741],[13.45049,52.5274],[13.45026,52.52733],[13.45006,52.52727],[13.44995,52.52724],[13.44992,52.52723],[13.44981,52.5272],[13.44968,52.52716],[13.44964,52.52715],[13.44951,52.52711],[13.44934,52.52706],[13.44865,52.52685],[13.44861,52.52684],[13.44792,52.52663],[13.44717,52.52641],[13.44693,52.52663],[13.44656,52.52698],[13.44654,52.52701],[13.44648,52.52714],[13.44606,52.52753],[13.44322,52.53016],[13.44302,52.53034],[13.44232,52.53099],[13.44228,52.53103],[13.4412,52.53034],[13.4411,52.53027],[13.44104,52.53024],[13.44035,52.5298],[13.44031,52.52977],[13.44026,52.52974],[13.43952,52.52927],[13.43913,52.52902],[13.4391,52.529],[13.43875,52.52878],[13.43831,52.5288],[13.43829,52.52882],[13.4378,52.52926],[13.43748,52.52955],[13.43711,52.5295],[13.43681,52.52947],[13.43596,52.52937],[13.43119,52.52881],[13.42532,52.52813],[13.42529,52.52813],[13.42503,52.5281],[13.42495,52.528],[13.42485,52.52788],[13.42466,52.52791],[13.42451,52.5279],[13.42447,52.52791],[13.42445,52.5279],[13.424,52.52788],[13.42383,52.5279],[13.42381,52.5279],[13.42364,52.52792],[13.42355,52.52786],[13.42275,52.52737],[13.42256,52.52725],[13.42199,52.52691],[13.42148,52.5266],[13.42016,52.52579],[13.41975,52.52555],[13.42045,52.52527],[13.4205,52.52525],[13.42051,52.52524],[13.42135,52.52492],[13.42148,52.52487],[13.42163,52.52481],[13.42338,52.52412],[13.42366,52.52401],[13.4237,52.52399],[13.42377,52.52397],[13.42386,52.52393],[13.42396,52.5239],[13.42403,52.52387],[13.4241,52.52384],[13.42417,52.52382],[13.42425,52.5238],[13.42433,52.52377],[13.42478,52.52363],[13.42505,52.52355],[13.42543,52.52344],[13.42548,52.52345],[13.42577,52.52337],[13.42581,52.52337],[13.42584,52.52336],[13.42588,52.52335],[13.42591,52.52335],[13.42595,52.52334],[13.42598,52.52334],[13.42601,52.52333],[13.42609,52.52332],[13.42617,52.52331],[13.42625,52.52331],[13.42634,52.5233],[13.42638,52.5233],[13.42642,52.52329],[13.42646,52.52329],[13.4265,52.52329],[13.42651,52.52317],[13.42651,52.52314],[13.42651,52.52313],[13.42651,52.5231],[13.42651,52.52309],[13.42651,52.52306],[13.42652,52.52294],[13.42645,52.52294],[13.42636,52.52293],[13.42615,52.52293],[13.42613,52.52293],[13.426,52.52293],[13.42591,52.52283],[13.42575,52.52281],[13.42555,52.52279],[13.42593,52.52262],[13.42672,52.52228],[13.42762,52.52189],[13.42779,52.52182],[13.428,52.52173],[13.42801,52.52172],[13.42805,52.52171],[13.42857,52.52149],[13.42861,52.52147],[13.42884,52.52137],[13.4289,52.52135],[13.42918,52.52122],[13.42919,52.5212],[13.42893,52.52068],[13.42892,52.52064],[13.42891,52.52062],[13.42846,52.5197],[13.42842,52.51963],[13.4284,52.51959],[13.4275,52.51961],[13.42748,52.51961],[13.42746,52.51961],[13.42745,52.51961],[13.42743,52.51961],[13.42741,52.51962],[13.42739,52.51962],[13.42737,52.51962],[13.42735,52.51963],[13.42692,52.51974],[13.42688,52.5197],[13.42673,52.51949],[13.42659,52.5193],[13.42657,52.51927],[13.42653,52.51922],[13.42649,52.51916],[13.42648,52.51914],[13.42646,52.51912],[13.42645,52.5191],[13.42641,52.51905],[13.4264,52.51904],[13.42635,52.51897],[13.42619,52.51875],[13.42593,52.51839],[13.42631,52.51829],[13.42624,52.5182],[13.42619,52.51812],[13.42615,52.51807],[13.42633,52.51803],[13.42634,52.51805],[13.42651,52.51801],[13.42675,52.51796],[13.42673,52.51792],[13.4267,52.51787],[13.42653,52.51757],[13.42648,52.51748],[13.42646,52.51745],[13.42641,52.51738],[13.4264,52.51737],[13.4264,52.51736],[13.42639,52.51734],[13.42638,52.51734],[13.42627,52.51713],[13.42626,52.51711],[13.42625,52.5171],[13.42619,52.51699],[13.42602,52.5167],[13.426,52.51668],[13.426,52.51667],[13.42589,52.51647],[13.42587,52.51643],[13.42583,52.51636],[13.42582,52.51635],[13.42582,52.51634],[13.42568,52.51608],[13.42567,52.51607],[13.4256,52.51593],[13.42556,52.51587],[13.42553,52.51582],[13.4254,52.51559],[13.42514,52.51514],[13.4251,52.51508],[13.4251,52.51507],[13.425,52.51494],[13.42489,52.51479],[13.42486,52.51475],[13.42441,52.51416],[13.42439,52.51414],[13.42433,52.51406],[13.4243,52.51402],[13.42424,52.51395],[13.4241,52.51379],[13.42406,52.51374],[13.42401,52.51368],[13.42384,52.51337],[13.42383,52.51336],[13.42383,52.51335],[13.42382,52.51335],[13.42374,52.51326],[13.4237,52.51322],[13.42345,52.51296],[13.42342,52.51292],[13.42339,52.51289],[13.42336,52.51286],[13.42335,52.51285],[13.42334,52.51284],[13.42331,52.51281],[13.42328,52.51277],[13.42325,52.51274],[13.42324,52.51273],[13.42323,52.51272],[13.42302,52.51249],[13.42279,52.51225],[13.42278,52.51224],[13.42303,52.51212],[13.42305,52.51212],[13.42308,52.51213],[13.42318,52.51208],[13.42334,52.51199],[13.42364,52.51182],[13.42363,52.51182],[13.42419,52.51154],[13.42424,52.51151],[13.4244,52.51143],[13.42452,52.51137],[13.42487,52.51117],[13.42511,52.51103],[13.42514,52.51101],[13.42515,52.51101],[13.42568,52.5107],[13.42568,52.51069],[13.4258,52.51063],[13.42596,52.51053],[13.42602,52.5105],[13.42606,52.51047],[13.42619,52.5104],[13.42807,52.50929],[13.42833,52.50911],[13.42832,52.50911],[13.42837,52.50907],[13.42838,52.50907],[13.42867,52.50899],[13.42886,52.50898],[13.42889,52.50897],[13.4289,52.50897],[13.42891,52.50897],[13.42892,52.50897],[13.42902,52.50894],[13.42912,52.5089],[13.42913,52.5089],[13.42914,52.50889],[13.42914,52.50888],[13.42912,52.50887],[13.42915,52.50886],[13.42916,52.50885],[13.42917,52.50884],[13.42918,52.50883],[13.42919,52.50882],[13.42919,52.50878],[13.4292,52.50875],[13.42921,52.50873],[13.42924,52.50867],[13.4294,52.50857],[13.42903,52.50804],[13.42882,52.50798],[13.42878,52.50793],[13.42843,52.50742],[13.42827,52.50719],[13.42806,52.5069],[13.42795,52.50675],[13.42785,52.50659],[13.42774,52.50644],[13.42763,52.50628],[13.42762,52.50626],[13.42754,52.50615],[13.42744,52.50601],[13.42736,52.50589],[13.4272,52.50567],[13.42698,52.50573],[13.42671,52.5058],[13.42582,52.50542],[13.4255,52.50532],[13.42532,52.50527],[13.42514,52.50523],[13.42495,52.50518],[13.42481,52.50515],[13.42468,52.50513],[13.42443,52.50509],[13.42435,52.50507],[13.42417,52.50505],[13.42406,52.50504],[13.42395,52.50503],[13.42384,52.50502],[13.42373,52.50501],[13.42362,52.505],[13.42352,52.50499],[13.42341,52.50499],[13.4233,52.50499],[13.42319,52.50498],[13.42308,52.50498],[13.42297,52.50498],[13.42286,52.50498],[13.42275,52.50498],[13.42264,52.50499],[13.42253,52.50499],[13.42242,52.505],[13.42231,52.50501],[13.4222,52.50502],[13.4221,52.50503],[13.42181,52.50504],[13.42154,52.50508],[13.42139,52.50512],[13.42123,52.50515],[13.42113,52.50518],[13.4209,52.50524],[13.42054,52.50534],[13.42032,52.5054],[13.42001,52.50549],[13.41985,52.50553],[13.41967,52.50559],[13.41953,52.50562],[13.41943,52.50565],[13.4193,52.50547],[13.41921,52.50534],[13.41914,52.50524],[13.41913,52.50523],[13.41912,52.50522],[13.41911,52.50521],[13.4191,52.5052],[13.41908,52.50518],[13.41907,52.50517],[13.41905,52.50516],[13.41903,52.50515],[13.41902,52.50514],[13.41901,52.50513],[13.41899,52.50512],[13.41897,52.50511],[13.41896,52.5051],[13.41894,52.50509],[13.41892,52.50508],[13.41894,52.50506],[13.41874,52.50501],[13.41853,52.50497],[13.41852,52.50499],[13.41849,52.50499],[13.41846,52.50499],[13.41844,52.50499],[13.41843,52.50499],[13.41841,52.50499],[13.4184,52.50499],[13.41838,52.505],[13.41837,52.505],[13.41835,52.505],[13.41833,52.505],[13.41832,52.505],[13.4183,52.50501],[13.41827,52.50501],[13.41824,52.50501],[13.41821,52.50502],[13.4181,52.50485],[13.41801,52.50473],[13.4179,52.50458],[13.41781,52.50446],[13.41774,52.50436],[13.4176,52.50417],[13.41731,52.50425],[13.41708,52.50432],[13.41679,52.5044],[13.41669,52.50442],[13.41667,52.50443],[13.41651,52.50447],[13.41645,52.50449],[13.41642,52.5045],[13.41641,52.5045],[13.41636,52.50451],[13.41632,52.50453],[13.41627,52.50454],[13.41626,52.50454],[13.41621,52.50456],[13.41585,52.50466],[13.4158,52.50467],[13.41555,52.50474],[13.41549,52.50475],[13.41514,52.50485],[13.41504,52.50488],[13.41494,52.50491],[13.41491,52.50492],[13.41474,52.50485],[13.41463,52.50481],[13.41459,52.50479],[13.41461,52.50468],[13.41452,52.50458],[13.41448,52.50452],[13.41446,52.5045],[13.41441,52.50444],[13.41432,52.50434],[13.4142,52.50419],[13.41407,52.50404],[13.41377,52.50414],[13.41353,52.50422],[13.41336,52.50428],[13.4133,52.5043],[13.41329,52.5043],[13.41326,52.50431],[13.41311,52.50436],[13.41302,52.50439],[13.41298,52.5044],[13.41292,52.50442],[13.41291,52.50443],[13.41288,52.50444],[13.41273,52.50449],[13.41262,52.50452],[13.41259,52.50453],[13.41249,52.50456],[13.41181,52.50479],[13.41172,52.50482],[13.41158,52.50487],[13.41152,52.50489],[13.41141,52.50504],[13.4114,52.50506],[13.41098,52.5056],[13.41091,52.50569],[13.41089,52.50572],[13.41076,52.50589],[13.41034,52.50644],[13.41019,52.50664],[13.41017,52.50667],[13.41016,52.50668],[13.40997,52.50693],[13.40945,52.50673],[13.40923,52.50664],[13.40899,52.50655],[13.40816,52.50623],[13.40813,52.50622],[13.40812,52.50622],[13.4081,52.50621],[13.40805,52.50619],[13.40803,52.50618],[13.40798,52.50621],[13.40788,52.50628],[13.40784,52.50631],[13.40784,52.50632],[13.40739,52.50666],[13.40736,52.50665],[13.40721,52.50676],[13.40715,52.50681],[13.40708,52.50686],[13.4066,52.50723],[13.40641,52.50738],[13.40612,52.50759],[13.4059,52.50776],[13.40578,52.50784],[13.40547,52.50807],[13.40537,52.50815],[13.40534,52.50817],[13.4053,52.5082],[13.40528,52.50821],[13.40521,52.50818],[13.40516,52.50815],[13.40463,52.50792],[13.40458,52.50789],[13.40443,52.50777],[13.4043,52.50786],[13.40403,52.50799],[13.40391,52.50805],[13.40386,52.50807],[13.40382,52.50809],[13.40363,52.50818],[13.40349,52.50823],[13.40321,52.50835],[13.40303,52.50842],[13.40301,52.50843],[13.40275,52.50854],[13.40246,52.50862],[13.40218,52.50871],[13.4021,52.50873],[13.40155,52.50893],[13.40141,52.50898],[13.40126,52.50904],[13.40091,52.50914],[13.40067,52.50922],[13.40023,52.50938],[13.40019,52.50938],[13.4,52.50911],[13.39977,52.50881],[13.39969,52.5087],[13.3996,52.50857],[13.39947,52.5084],[13.39946,52.50838],[13.39935,52.50823],[13.39923,52.50808],[13.3992,52.50808],[13.3988,52.50809],[13.39877,52.50811],[13.39855,52.5081],[13.39736,52.50802],[13.39705,52.508],[13.3945,52.50784],[13.39438,52.50784],[13.39406,52.50782],[13.3937,52.5078],[13.39325,52.50777],[13.39281,52.50774],[13.39245,52.50772],[13.39212,52.5077],[13.39179,52.50768],[13.39173,52.50767],[13.39089,52.50763],[13.3905,52.5076],[13.39049,52.5076],[13.3904,52.5076],[13.3903,52.50759],[13.39021,52.50759],[13.38982,52.50756],[13.38936,52.50754],[13.38897,52.50751],[13.38849,52.50749],[13.38831,52.50748],[13.38814,52.50747],[13.38792,52.50745],[13.3871,52.50741],[13.38696,52.5074],[13.38581,52.50733],[13.38576,52.50733],[13.38542,52.50731],[13.38428,52.50724],[13.38251,52.50713],[13.38249,52.50713],[13.38239,52.50712],[13.37944,52.50695],[13.37919,52.50694],[13.37905,52.50693],[13.37894,52.50693],[13.37881,52.50703],[13.37861,52.50719],[13.37839,52.50737],[13.37807,52.50763],[13.37785,52.50781],[13.37765,52.50797],[13.37762,52.50792],[13.37758,52.50784],[13.37747,52.50766],[13.3774,52.50754],[13.37739,52.50753],[13.37738,52.5075],[13.37736,52.50747],[13.37732,52.50741],[13.37725,52.50729],[13.37701,52.50687],[13.37694,52.50675],[13.37693,52.50674],[13.37692,52.50671],[13.3769,52.50668],[13.37686,52.50662],[13.37679,52.5065],[13.37669,52.50631],[13.37664,52.50624],[13.37663,52.50622],[13.37661,52.50619],[13.37638,52.50578],[13.37634,52.50572],[13.37623,52.50552],[13.37617,52.50543],[13.37616,52.50541],[13.37611,52.50532],[13.3761,52.5053],[13.37606,52.50524],[13.37605,52.50522],[13.37599,52.50512],[13.37598,52.5051],[13.37593,52.50502],[13.37584,52.50487],[13.37584,52.50486],[13.37582,52.50482],[13.3757,52.50462],[13.37569,52.50461],[13.37562,52.50449],[13.37559,52.50443],[13.37558,52.50442],[13.37555,52.50437],[13.37551,52.50429],[13.37549,52.50426],[13.37548,52.50425],[13.37548,52.50424],[13.37545,52.50419],[13.37536,52.50403],[13.37498,52.50338],[13.3749,52.50333],[13.37486,52.50331],[13.37475,52.50324],[13.37468,52.50323],[13.37463,52.50326],[13.37462,52.50327],[13.3746,52.50328],[13.37455,52.50331],[13.37454,52.50331],[13.37452,52.50332],[13.37453,52.50332],[13.37442,52.50338],[13.3744,52.50339],[13.37437,52.50341],[13.37432,52.50345],[13.37432,52.50344],[13.37425,52.50349],[13.37423,52.50351],[13.37413,52.5036],[13.37411,52.50362],[13.37402,52.50373],[13.37398,52.50377],[13.37393,52.50381],[13.37388,52.50388],[13.37388,52.50387],[13.37387,52.50387],[13.37379,52.50397],[13.37372,52.50405],[13.37361,52.50416],[13.37358,52.50413],[13.37357,52.50411],[13.37352,52.50404],[13.3735,52.50402],[13.37347,52.50397],[13.37346,52.50396],[13.37344,52.50394],[13.37338,52.50385],[13.37331,52.50375],[13.37329,52.50372],[13.37326,52.50368],[13.3731,52.50346],[13.37303,52.50336],[13.37291,52.50324],[13.37283,52.50315],[13.37258,52.50288],[13.37219,52.50245],[13.3716,52.50182],[13.37155,52.50177],[13.37147,52.50168],[13.37144,52.50164],[13.37143,52.50164],[13.37142,52.50163],[13.37141,52.50162],[13.3714,52.5016],[13.37139,52.50159],[13.37138,52.50157],[13.37137,52.50155],[13.37136,52.50152],[13.37135,52.5015],[13.37132,52.50141],[13.37125,52.50117],[13.37119,52.50098],[13.3711,52.50068],[13.37092,52.50007],[13.3709,52.5],[13.37089,52.49999],[13.37089,52.49998],[13.37089,52.49997],[13.37088,52.49996],[13.37088,52.49995],[13.37087,52.49993],[13.37086,52.49992],[13.37085,52.49991],[13.37085,52.4999],[13.37084,52.49988],[13.37082,52.49987],[13.37081,52.49986],[13.3708,52.49985],[13.37078,52.49983],[13.37067,52.49975],[13.37059,52.49969],[13.37056,52.49968],[13.37051,52.49965],[13.37039,52.49956],[13.37036,52.49953],[13.37036,52.49952],[13.37036,52.49951],[13.37016,52.49936],[13.36953,52.49887],[13.36973,52.49878],[13.36972,52.49872],[13.36965,52.49838],[13.3696,52.49811],[13.36927,52.49785],[13.36901,52.49765],[13.36894,52.49759],[13.36868,52.49739],[13.36864,52.49701],[13.36864,52.497],[13.36864,52.49693],[13.36863,52.49692],[13.3686,52.49651],[13.36859,52.49646],[13.36856,52.49607],[13.36856,52.49605],[13.36854,52.49586],[13.36853,52.49575],[13.36848,52.49521],[13.36845,52.49485],[13.36843,52.49465],[13.36841,52.49448],[13.36842,52.49447],[13.36844,52.49439],[13.36854,52.49409],[13.36858,52.49396],[13.36845,52.49371],[13.36839,52.4936],[13.36836,52.49354],[13.36831,52.49347],[13.36822,52.49333],[13.36826,52.49332],[13.36832,52.49331],[13.36833,52.49331],[13.36839,52.4933],[13.36842,52.49329],[13.36851,52.49327],[13.36862,52.49325],[13.36871,52.49323],[13.36884,52.49321],[13.36887,52.4932],[13.36916,52.49314],[13.36924,52.49328],[13.36955,52.49322],[13.36985,52.49316],[13.37016,52.4931],[13.37047,52.49304],[13.37104,52.49292],[13.37108,52.49291],[13.37107,52.49286],[13.37107,52.49285],[13.37107,52.49276],[13.37116,52.49274],[13.37131,52.49271],[13.37139,52.49269],[13.37146,52.49268],[13.37157,52.49266],[13.37158,52.49265],[13.37167,52.49264],[13.37179,52.49261],[13.37194,52.49258],[13.37202,52.49257],[13.37209,52.49255],[13.37211,52.49255],[13.37224,52.49252],[13.37228,52.49251],[13.37253,52.49246],[13.37283,52.4924],[13.37289,52.49239],[13.37292,52.49238],[13.37303,52.49236],[13.37308,52.49235],[13.37325,52.49232],[13.37363,52.49224],[13.37379,52.49221],[13.37386,52.4922],[13.37393,52.49218],[13.37399,52.49217],[13.37403,52.49216],[13.37408,52.49215],[13.37426,52.49211],[13.37429,52.49211],[13.37441,52.49208],[13.37468,52.49203],[13.37485,52.49199],[13.37499,52.49197],[13.375,52.49196],[13.37501,52.49196],[13.37507,52.49195],[13.37508,52.49195],[13.37543,52.49188],[13.3755,52.49186],[13.37552,52.49186],[13.37578,52.49181],[13.3759,52.49178],[13.37596,52.49177],[13.37604,52.49175],[13.37606,52.49175],[13.3761,52.49174],[13.37614,52.49173],[13.37621,52.49172],[13.37632,52.4917],[13.37639,52.49169],[13.37643,52.49168],[13.3764,52.49143],[13.37611,52.49113],[13.37601,52.49102],[13.37567,52.49066],[13.3755,52.49048],[13.37548,52.49046],[13.37545,52.49015],[13.3754,52.48943],[13.3753,52.48942],[13.37474,52.48938],[13.37473,52.48938],[13.3742,52.48875],[13.37416,52.48871],[13.37404,52.48858],[13.37399,52.48851],[13.37397,52.48849],[13.37373,52.48821],[13.3736,52.48806],[13.37354,52.48798],[13.37353,52.48793],[13.37351,52.48781],[13.3735,52.48775],[13.37361,52.48774],[13.37368,52.48774],[13.37416,52.48771],[13.37416,52.48733],[13.37416,52.48725],[13.37416,52.48716],[13.37415,52.48709],[13.37415,52.48708],[13.37415,52.48707],[13.37415,52.48705],[13.37414,52.48694],[13.37414,52.48692],[13.37414,52.48686],[13.37413,52.48676],[13.37412,52.48667],[13.37412,52.48659],[13.37412,52.48654],[13.37411,52.48647],[13.37411,52.48643],[13.3741,52.48634],[13.3741,52.48627],[13.37409,52.4861],[13.37408,52.48608],[13.37407,52.48594],[13.37407,52.48588],[13.37406,52.48578],[13.37406,52.48575],[13.37405,52.48561],[13.37405,52.48552],[13.37403,52.48533],[13.37403,52.48528],[13.37402,52.48517],[13.37328,52.48517],[13.37323,52.48517],[13.37209,52.48518],[13.3717,52.48518],[13.37164,52.48518],[13.37161,52.48512],[13.37166,52.48512],[13.37157,52.48496],[13.37157,52.48495],[13.37166,52.48495],[13.37193,52.48495],[13.37279,52.48494],[13.37296,52.48494],[13.37325,52.48494],[13.37354,52.48494],[13.37383,52.48494],[13.37404,52.48494],[13.3743,52.48493],[13.37436,52.48493],[13.37438,52.48493],[13.37463,52.48493],[13.37481,52.48493],[13.375,52.48493],[13.37519,52.48493],[13.37536,52.48493],[13.3754,52.48493],[13.37544,52.48493],[13.37561,52.48493],[13.37579,52.48493],[13.37598,52.48492],[13.37617,52.48492],[13.37635,52.48492],[13.37677,52.48492],[13.37687,52.48492],[13.37704,52.48492],[13.37712,52.48492],[13.37714,52.48492],[13.37743,52.48492],[13.37745,52.48492],[13.37753,52.48492],[13.37779,52.48491],[13.37781,52.48491],[13.37817,52.48491],[13.37822,52.48491],[13.37852,52.48491],[13.37857,52.48491],[13.37862,52.48491],[13.37897,52.48491],[13.37902,52.48491],[13.37905,52.48491],[13.38121,52.48489],[13.38138,52.48489],[13.382,52.48489],[13.38209,52.48489],[13.38227,52.48489],[13.38229,52.48489],[13.3824,52.48489],[13.38275,52.48488],[13.38331,52.48488],[13.38333,52.48488],[13.38346,52.48488],[13.38356,52.48488],[13.38385,52.48488],[13.384,52.48488],[13.38437,52.48488],[13.38448,52.48487],[13.38451,52.48487],[13.385,52.48487],[13.3856,52.48487],[13.38564,52.48487],[13.38568,52.48487],[13.3857,52.48487],[13.38576,52.48487],[13.38598,52.48487],[13.38616,52.48486],[13.38627,52.48486],[13.38627,52.485],[13.38628,52.48523],[13.38628,52.4854],[13.38629,52.48583],[13.3863,52.48583],[13.38642,52.48583],[13.38646,52.48583],[13.39121,52.48579],[13.39173,52.48579],[13.39174,52.48579],[13.39203,52.48579],[13.39235,52.48579],[13.39267,52.48578],[13.39359,52.48578],[13.39387,52.48577],[13.39425,52.48577],[13.39425,52.48549],[13.39425,52.48533],[13.39425,52.48506],[13.39425,52.48493],[13.39425,52.48474],[13.39424,52.48454],[13.39424,52.48434],[13.39424,52.4841],[13.39452,52.48411],[13.39464,52.48403],[13.39742,52.48397],[13.40023,52.48391],[13.40046,52.48381],[13.40048,52.48381],[13.40064,52.4838],[13.4008,52.48378],[13.40095,52.48376],[13.40111,52.48375],[13.40127,52.48373],[13.40142,52.48371],[13.40158,52.48369],[13.40174,52.48367],[13.40189,52.48365],[13.40205,52.48363],[13.4022,52.4836],[13.40236,52.48358],[13.40251,52.48356],[13.40267,52.48353],[13.40282,52.4835],[13.40298,52.48348],[13.40313,52.48345],[13.40329,52.48342],[13.40344,52.48339],[13.40359,52.48337],[13.40374,52.48334],[13.4039,52.4833],[13.40405,52.48327],[13.4042,52.48324],[13.40615,52.48282],[13.40624,52.4828],[13.4064,52.48277],[13.40642,52.48293],[13.40665,52.48449],[13.4067,52.4848],[13.40672,52.48491],[13.40675,52.48513],[13.40677,52.48522],[13.40679,52.4853],[13.40682,52.48539],[13.40686,52.48548],[13.40689,52.48553],[13.40692,52.48558],[13.40698,52.48566],[13.40704,52.48574],[13.40711,52.48582],[13.40719,52.4859],[13.40746,52.48615],[13.40795,52.4866],[13.408,52.48665],[13.40853,52.48714],[13.4085,52.4872],[13.40825,52.48773],[13.40798,52.48831],[13.40797,52.48833],[13.40791,52.48848],[13.40784,52.48849],[13.40772,52.48875],[13.40789,52.48886],[13.40861,52.48877],[13.40889,52.48873],[13.40918,52.48869],[13.40946,52.48866],[13.40968,52.48863],[13.41004,52.48858],[13.4104,52.48853],[13.41062,52.4885],[13.41085,52.48847],[13.41121,52.48843],[13.41157,52.48838],[13.41192,52.48833],[13.4126,52.48825],[13.41321,52.48817],[13.41359,52.48812],[13.41374,52.4881],[13.4155,52.48787],[13.41576,52.48783],[13.41604,52.4878],[13.41632,52.48776],[13.41668,52.48771],[13.41694,52.48768],[13.41721,52.48764],[13.41757,52.4876],[13.41793,52.48755],[13.41844,52.48748],[13.41851,52.48747],[13.41991,52.48729],[13.42036,52.48723],[13.42084,52.48717],[13.42108,52.48711],[13.4213,52.48705],[13.42273,52.48664],[13.42302,52.48655],[13.42305,52.48654],[13.42333,52.48646],[13.42337,52.48645],[13.42368,52.48636],[13.42373,52.4864],[13.42377,52.48644],[13.42398,52.48664],[13.42402,52.48668],[13.42458,52.48735],[13.42494,52.48778],[13.42541,52.48809],[13.42529,52.48829],[13.42518,52.48845],[13.42508,52.48862],[13.42498,52.48878],[13.42497,52.48878],[13.42496,52.48878],[13.42496,52.48881],[13.4249,52.4889],[13.42489,52.4889],[13.42488,52.4889],[13.42487,52.4889],[13.42487,52.48891],[13.42486,52.48893],[13.42487,52.48893],[13.42487,52.48894],[13.42488,52.48894],[13.42478,52.4891],[13.42469,52.48924],[13.42467,52.48927],[13.42458,52.48942],[13.42443,52.48967],[13.4243,52.48988],[13.4242,52.49004],[13.42405,52.49028],[13.42398,52.49039],[13.42383,52.49063],[13.42376,52.49074],[13.4237,52.49084],[13.42359,52.49102],[13.42348,52.49118],[13.42338,52.49136],[13.42324,52.49157],[13.42311,52.49178],[13.42295,52.49204],[13.42292,52.49208],[13.4228,52.49227],[13.42278,52.49231],[13.42263,52.49255],[13.42258,52.49263],[13.42257,52.49265],[13.42252,52.49273],[13.4224,52.49292],[13.4223,52.49308],[13.42216,52.4933],[13.42198,52.49358],[13.42189,52.49373],[13.4218,52.49386],[13.42171,52.49402],[13.4217,52.49404],[13.42159,52.4942],[13.42149,52.49435],[13.42142,52.49446],[13.42135,52.49458],[13.42125,52.49473],[13.42114,52.49491],[13.42105,52.49506],[13.42098,52.49517],[13.42079,52.49548],[13.42046,52.49579],[13.4204,52.49586],[13.42048,52.49585],[13.42049,52.49585],[13.42049,52.49586],[13.4207,52.49583],[13.42089,52.4958],[13.42097,52.49579],[13.42111,52.49577],[13.42125,52.49574],[13.42139,52.49571],[13.42153,52.49569],[13.42167,52.49566],[13.42181,52.49562],[13.42195,52.49559],[13.42208,52.49556],[13.42221,52.49552],[13.42222,52.49552],[13.42235,52.49549],[13.42249,52.49545],[13.42262,52.49541],[13.42275,52.49537],[13.42283,52.49534],[13.42286,52.49533],[13.42494,52.49466],[13.42522,52.49456],[13.42575,52.49439],[13.42818,52.4936],[13.42819,52.4936],[13.42824,52.49358],[13.42841,52.49353],[13.42844,52.49352],[13.42846,52.49351],[13.42909,52.4933],[13.42951,52.49317],[13.4304,52.49288],[13.43157,52.49251],[13.43366,52.49184],[13.43512,52.49138],[13.43518,52.49136],[13.43543,52.49128],[13.43548,52.49126],[13.43698,52.49078],[13.43718,52.49072],[13.43721,52.49071],[13.43827,52.49038],[13.43923,52.48966],[13.43923,52.48964],[13.43925,52.48964],[13.43926,52.48961],[13.43927,52.48961],[13.43962,52.48966],[13.43963,52.48966],[13.43962,52.48969],[13.43963,52.48969],[13.43964,52.48983],[13.43966,52.48991],[13.43969,52.49008],[13.4397,52.49012],[13.43975,52.49032],[13.43976,52.49035],[13.43982,52.49049],[13.43989,52.4906],[13.44004,52.49073],[13.44023,52.49086],[13.44029,52.49089],[13.44034,52.49091],[13.44039,52.49094],[13.44046,52.49097],[13.44052,52.49101],[13.44058,52.49104],[13.44063,52.49107],[13.44068,52.49111],[13.44073,52.49114],[13.44078,52.49117],[13.44082,52.4912],[13.44086,52.49124],[13.44094,52.4913],[13.44187,52.49203],[13.44217,52.49226],[13.44248,52.4925],[13.44261,52.4926],[13.44356,52.49333],[13.44357,52.49334],[13.44372,52.49345],[13.44373,52.49347],[13.44456,52.4941],[13.44498,52.49442],[13.4451,52.49449],[13.44522,52.49455],[13.44535,52.4946],[13.44548,52.49464],[13.44577,52.49471],[13.44582,52.49472],[13.44612,52.49474],[13.44625,52.49473],[13.44633,52.49473],[13.44641,52.49472],[13.44654,52.49469],[13.4469,52.49465],[13.44699,52.49464],[13.44701,52.49463],[13.44709,52.49463],[13.44718,52.49464],[13.44726,52.49464],[13.44734,52.49465],[13.44742,52.49466],[13.44751,52.49468],[13.44758,52.4947],[13.44766,52.49472],[13.44773,52.49475],[13.44779,52.49478],[13.44785,52.49482],[13.44788,52.49485],[13.44874,52.49549],[13.44883,52.49556],[13.44986,52.49633],[13.44996,52.4964],[13.44998,52.49642],[13.45005,52.49647],[13.45024,52.49659],[13.45028,52.49662],[13.45029,52.49663],[13.4507,52.49693],[13.45065,52.49694],[13.45088,52.49709],[13.45091,52.49711],[13.45098,52.49714],[13.45106,52.49718],[13.4512,52.49724],[13.45122,52.49725],[13.45128,52.49727],[13.45142,52.49732],[13.45146,52.49734],[13.45149,52.49735],[13.45151,52.49735],[13.45153,52.49736],[13.45155,52.49736],[13.45169,52.4974],[13.45183,52.49742],[13.45197,52.49745],[13.4521,52.49748],[13.45224,52.49751],[13.45238,52.49753],[13.45252,52.49755],[13.45267,52.49757],[13.45269,52.49758],[13.45271,52.49758],[13.45273,52.49758],[13.45335,52.49753],[13.45361,52.49754],[13.45407,52.49756],[13.45504,52.49737],[13.45507,52.49742],[13.4551,52.49742],[13.4554,52.49736],[13.45541,52.49735],[13.45632,52.49717],[13.45833,52.49677],[13.45928,52.49659],[13.45945,52.49655],[13.45948,52.49654],[13.45951,52.49654],[13.46052,52.49614],[13.46163,52.4957],[13.46193,52.49559],[13.46228,52.49552],[13.4623,52.49551],[13.46235,52.4955],[13.46273,52.49542],[13.4628,52.49541],[13.46303,52.49536],[13.46306,52.49535],[13.46311,52.49539],[13.46319,52.49545],[13.46324,52.49543],[13.46331,52.49541],[13.46338,52.49538],[13.46363,52.49526],[13.46374,52.49522],[13.46373,52.49521],[13.46381,52.49518],[13.46381,52.49517],[13.46393,52.49511],[13.46395,52.49509],[13.46397,52.49508],[13.46398,52.49506],[13.46398,52.49504],[13.46398,52.49503],[13.46397,52.49501],[13.46396,52.49499],[13.46394,52.49498],[13.46372,52.49479],[13.46342,52.49455],[13.46318,52.49435],[13.46317,52.49435],[13.4632,52.49422],[13.46332,52.49416],[13.46422,52.49374],[13.46558,52.49324],[13.46582,52.49315],[13.46706,52.49269],[13.46727,52.49264],[13.46747,52.49259],[13.46845,52.49235],[13.46849,52.49234],[13.46872,52.49226],[13.46896,52.49218],[13.46899,52.49217],[13.47102,52.49149],[13.47231,52.49128],[13.47379,52.49104],[13.47544,52.49033],[13.47613,52.48996],[13.47705,52.48931],[13.47769,52.48879],[13.47785,52.4882],[13.47786,52.4882],[13.47787,52.48812],[13.4779,52.48805],[13.47793,52.48798],[13.47796,52.48792],[13.478,52.48785],[13.47804,52.48778],[13.47808,52.48771],[13.47812,52.48767],[13.47833,52.48741],[13.47837,52.48736],[13.47846,52.48725],[13.4785,52.48721],[13.47864,52.48703],[13.4791,52.48768],[13.47924,52.48787],[13.47942,52.48792],[13.47964,52.48794],[13.47986,52.48794],[13.48006,52.48794],[13.48014,52.48793],[13.48047,52.48789],[13.48055,52.48787],[13.48087,52.48781],[13.48094,52.4878],[13.48126,52.48773],[13.4815,52.48767],[13.48168,52.48764],[13.48206,52.48744],[13.48214,52.48733],[13.48218,52.48726],[13.48296,52.48605],[13.48329,52.4862],[13.4837,52.48639],[13.48411,52.48657],[13.4845,52.48675],[13.48466,52.48682],[13.4849,52.48693],[13.48506,52.48701],[13.48529,52.48711],[13.48552,52.48721],[13.48564,52.48727],[13.48595,52.4874],[13.4867,52.48764],[13.48674,52.48765],[13.48755,52.48779],[13.4885,52.48784],[13.48915,52.48776],[13.48943,52.48771],[13.48987,52.48764],[13.49071,52.48744],[13.49145,52.48827],[13.49016,52.48876],[13.48881,52.48925],[13.48846,52.48989],[13.48609,52.4908],[13.48577,52.4912],[13.48494,52.4916],[13.48415,52.49166],[13.48409,52.4917],[13.48373,52.49193],[13.48264,52.49265],[13.47452,52.49804],[13.47308,52.49899],[13.47228,52.49911],[13.4698,52.49947],[13.46978,52.49948],[13.46966,52.49949],[13.46959,52.4995],[13.46956,52.49951],[13.46947,52.49952],[13.46941,52.49953],[13.46889,52.49961],[13.46886,52.49961],[13.46857,52.49965],[13.46861,52.49976],[13.46868,52.49992],[13.46877,52.50016],[13.46878,52.50016],[13.46888,52.50016],[13.46903,52.5006]]]]}},{"type":"Feature","properties":{"name":"Lichtenberg"},"geometry":{"type":"MultiPolygon","coordinates":[[[[13.51875,52.51391],[13.51872,52.51391],[13.51855,52.51391],[13.51856,52.51395],[13.51857,52.51409],[13.51859,52.51445],[13.5186,52.51454],[13.51874,52.51444],[13.51885,52.51647],[13.51885,52.51655],[13.51888,52.51696],[13.51888,52.51698],[13.5189,52.51743],[13.5189,52.51747],[13.51893,52.51792],[13.51893,52.51796],[13.51896,52.51841],[13.51896,52.51844],[13.51896,52.51845],[13.51901,52.5189],[13.51901,52.51894],[13.51902,52.51902],[13.51906,52.51931],[13.51908,52.51943],[13.51908,52.51945],[13.51909,52.5195],[13.51911,52.51961],[13.51912,52.51965],[13.51908,52.51965],[13.51909,52.51988],[13.5191,52.51992],[13.51916,52.52085],[13.51916,52.52089],[13.5192,52.5209],[13.51925,52.52152],[13.51926,52.52165],[13.51926,52.52171],[13.51931,52.52233],[13.51931,52.52232],[13.51939,52.52324],[13.51941,52.52352],[13.51942,52.52363],[13.51944,52.52384],[13.51944,52.52392],[13.51944,52.52404],[13.51943,52.52419],[13.51942,52.52437],[13.51941,52.52456],[13.51937,52.52505],[13.51933,52.52544],[13.5193,52.52575],[13.51929,52.52581],[13.51912,52.52612],[13.51912,52.52641],[13.51912,52.52674],[13.51912,52.52709],[13.51915,52.52712],[13.51908,52.52823],[13.51905,52.52869],[13.51904,52.52883],[13.51897,52.52961],[13.51895,52.52981],[13.51892,52.53021],[13.5189,52.53044],[13.51884,52.53104],[13.51886,52.53118],[13.51885,52.53118],[13.51883,52.53131],[13.51883,52.53133],[13.51878,52.53134],[13.51877,52.53146],[13.51877,52.53152],[13.51872,52.53203],[13.51867,52.53248],[13.51871,52.53253],[13.5187,52.53259],[13.51869,52.53267],[13.51866,52.5327],[13.51862,52.53289],[13.51859,52.53296],[13.51857,52.53303],[13.51854,52.5331],[13.51852,52.53316],[13.51849,52.53323],[13.51846,52.5333],[13.51844,52.53333],[13.51841,52.53339],[13.51838,52.53345],[13.51835,52.53352],[13.51832,52.53358],[13.51828,52.53364],[13.51825,52.5337],[13.51821,52.53376],[13.51817,52.53382],[13.51813,52.53388],[13.51809,52.53393],[13.51805,52.53399],[13.51801,52.53405],[13.51797,52.53411],[13.51792,52.53417],[13.51774,52.53441],[13.5177,52.53446],[13.51766,52.53452],[13.51761,52.53458],[13.51716,52.53519],[13.51727,52.5352],[13.51712,52.5354],[13.51711,52.53541],[13.5171,52.53541],[13.51709,52.53541],[13.51708,52.53542],[13.51707,52.53542],[13.51706,52.53542],[13.51699,52.53541],[13.51688,52.53554],[13.51765,52.53559],[13.51775,52.5356],[13.51864,52.53566],[13.51922,52.53571],[13.51925,52.53571],[13.51922,52.53575],[13.51919,52.53579],[13.51917,52.53582],[13.51916,52.53582],[13.51921,52.53583],[13.51931,52.53584],[13.5198,52.53589],[13.52033,52.53591],[13.52041,52.53591],[13.52051,52.53592],[13.52079,52.53594],[13.521,52.53596],[13.52155,52.53601],[13.52172,52.53603],[13.52179,52.53604],[13.52182,52.53604],[13.52199,52.53607],[13.52239,52.53613],[13.5228,52.53622],[13.52307,52.53627],[13.52349,52.53638],[13.52357,52.53641],[13.52371,52.53644],[13.52458,52.53672],[13.52457,52.53673],[13.52479,52.53681],[13.52492,52.53685],[13.52536,52.53701],[13.52535,52.53701],[13.5254,52.53703],[13.52542,52.53701],[13.5255,52.53704],[13.52557,52.53706],[13.52625,52.53729],[13.52648,52.53737],[13.52784,52.5378],[13.52874,52.53798],[13.52879,52.53799],[13.52921,52.5381],[13.52945,52.53816],[13.53059,52.53846],[13.53076,52.53841],[13.5311,52.53849],[13.53159,52.5386],[13.53152,52.53879],[13.5315,52.53886],[13.53143,52.53892],[13.53132,52.5389],[13.5315,52.53894],[13.53161,52.53896],[13.53167,52.53897],[13.53169,52.53898],[13.53158,52.53918],[13.53227,52.53932],[13.5319,52.53953],[13.53136,52.54098],[13.53124,52.54123],[13.53099,52.54174],[13.53082,52.54226],[13.53078,52.54239],[13.53076,52.54244],[13.53063,52.54282],[13.53062,52.54284],[13.5306,52.5429],[13.5306,52.54292],[13.53063,52.54294],[13.53057,52.54353],[13.53057,52.54354],[13.53045,52.54355],[13.5302,52.54405],[13.53001,52.54447],[13.52984,52.54496],[13.5297,52.5454],[13.52969,52.54544],[13.52966,52.54552],[13.5295,52.54597],[13.52934,52.54636],[13.52933,52.54638],[13.52924,52.54662],[13.52919,52.54675],[13.5289,52.54755],[13.52888,52.54761],[13.52884,52.54763],[13.52883,52.54767],[13.52881,52.54773],[13.52882,52.54776],[13.52876,52.54793],[13.52873,52.54802],[13.52866,52.54824],[13.52846,52.54877],[13.52845,52.54878],[13.52822,52.54938],[13.52827,52.54939],[13.52824,52.54945],[13.52819,52.54944],[13.5279,52.55014],[13.52789,52.55016],[13.52796,52.55022],[13.52774,52.5508],[13.52775,52.55081],[13.52775,52.55083],[13.5277,52.5509],[13.52748,52.55152],[13.52729,52.55201],[13.52722,52.55217],[13.52724,52.55227],[13.52718,52.55229],[13.52693,52.55284],[13.52664,52.55342],[13.52631,52.55399],[13.52624,52.55404],[13.52606,52.55433],[13.52593,52.55452],[13.52599,52.55453],[13.52597,52.55457],[13.5259,52.55456],[13.52572,52.55483],[13.52535,52.55532],[13.52554,52.55538],[13.52549,52.55543],[13.52561,52.55548],[13.52592,52.55565],[13.52623,52.55582],[13.52652,52.55598],[13.52662,52.55604],[13.52669,52.55608],[13.52678,52.55613],[13.52688,52.55617],[13.52707,52.55628],[13.52723,52.55637],[13.52747,52.55649],[13.52799,52.55676],[13.52815,52.55685],[13.52838,52.55698],[13.52916,52.55741],[13.52919,52.55742],[13.52925,52.55746],[13.52927,52.55747],[13.52939,52.55755],[13.52942,52.55756],[13.53101,52.55855],[13.53106,52.55858],[13.5311,52.55862],[13.53207,52.5592],[13.53253,52.55949],[13.53344,52.56006],[13.53351,52.56011],[13.53395,52.56039],[13.53482,52.56104],[13.53547,52.56155],[13.53593,52.5619],[13.53708,52.5628],[13.53723,52.56293],[13.53978,52.56493],[13.54006,52.56514],[13.54032,52.56534],[13.54033,52.56534],[13.54035,52.56536],[13.54041,52.56542],[13.54055,52.56552],[13.54062,52.5656],[13.54104,52.56593],[13.54106,52.56594],[13.54108,52.56596],[13.5411,52.56597],[13.54113,52.56598],[13.54115,52.56599],[13.54117,52.566],[13.54119,52.56601],[13.54122,52.56602],[13.54125,52.56602],[13.54127,52.56603],[13.54132,52.56603],[13.54134,52.56604],[13.54186,52.56606],[13.54187,52.56607],[13.54188,52.56607],[13.54189,52.56607],[13.54189,52.56608],[13.5419,52.56608],[13.5419,52.56609],[13.5419,52.5661],[13.54189,52.5661],[13.54188,52.5661],[13.54211,52.56612],[13.54217,52.56613],[13.54228,52.56614],[13.54232,52.56615],[13.54236,52.56615],[13.5424,52.56616],[13.54243,52.56617],[13.54247,52.56618],[13.54251,52.56619],[13.54255,52.5662],[13.54259,52.56622],[13.54284,52.56629],[13.54333,52.56644],[13.54372,52.56656],[13.54384,52.56659],[13.54392,52.56662],[13.54444,52.56684],[13.54446,52.56685],[13.54458,52.56691],[13.54463,52.56694],[13.54467,52.56698],[13.54497,52.56724],[13.54557,52.56772],[13.54562,52.56777],[13.54569,52.56778],[13.54573,52.56779],[13.54682,52.56804],[13.54722,52.56813],[13.54837,52.5684],[13.54871,52.56848],[13.54962,52.56869],[13.54963,52.56867],[13.54975,52.5687],[13.55043,52.56886],[13.55108,52.56901],[13.55115,52.56903],[13.5513,52.56906],[13.55154,52.56912],[13.55187,52.5692],[13.55218,52.56927],[13.55256,52.56936],[13.55278,52.56941],[13.55296,52.56946],[13.55318,52.56951],[13.55342,52.56956],[13.55364,52.56962],[13.55386,52.56967],[13.55407,52.56972],[13.55429,52.56977],[13.55451,52.56982],[13.55463,52.56985],[13.55473,52.56987],[13.55495,52.56992],[13.55517,52.56998],[13.55539,52.57003],[13.55561,52.57008],[13.55582,52.57013],[13.55587,52.57014],[13.55586,52.57016],[13.55647,52.5703],[13.55649,52.57029],[13.55671,52.57034],[13.55694,52.57039],[13.55716,52.57044],[13.55739,52.5705],[13.55761,52.57055],[13.55784,52.5706],[13.55806,52.57065],[13.55829,52.57071],[13.55851,52.57076],[13.55874,52.57081],[13.55896,52.57086],[13.55919,52.57092],[13.55941,52.57097],[13.55964,52.57102],[13.55986,52.57107],[13.56009,52.57113],[13.56031,52.57118],[13.5606,52.57125],[13.56059,52.57126],[13.5608,52.57131],[13.56108,52.57138],[13.56116,52.57139],[13.56179,52.57155],[13.56285,52.57179],[13.56389,52.57205],[13.56432,52.57217],[13.56441,52.57219],[13.56457,52.57225],[13.56488,52.57236],[13.56574,52.57267],[13.56646,52.57293],[13.56655,52.57316],[13.56629,52.57307],[13.56614,52.57301],[13.56625,52.57309],[13.56659,52.57332],[13.5666,52.57333],[13.56661,52.57335],[13.56675,52.57361],[13.56687,52.5737],[13.56691,52.57373],[13.56727,52.57404],[13.5677,52.57451],[13.56742,52.57486],[13.56727,52.57504],[13.56705,52.5753],[13.56691,52.57546],[13.5669,52.57547],[13.5668,52.57564],[13.56675,52.57573],[13.5665,52.57617],[13.56641,52.57626],[13.56624,52.57642],[13.56589,52.57674],[13.56563,52.57697],[13.56521,52.57736],[13.56466,52.57803],[13.56452,52.5782],[13.56428,52.57838],[13.56361,52.57889],[13.56359,52.57891],[13.56333,52.5791],[13.56324,52.57918],[13.5632,52.57922],[13.56309,52.57931],[13.56271,52.57965],[13.56258,52.57976],[13.56246,52.57987],[13.56232,52.58],[13.5623,52.58001],[13.56215,52.58014],[13.56206,52.58022],[13.56205,52.58023],[13.56186,52.58039],[13.56173,52.58046],[13.56157,52.58054],[13.5613,52.58071],[13.56106,52.58088],[13.5609,52.581],[13.56056,52.58125],[13.56038,52.58136],[13.55998,52.58162],[13.55978,52.58174],[13.55689,52.58335],[13.55688,52.58338],[13.55607,52.58378],[13.55579,52.58392],[13.55547,52.58415],[13.55521,52.58426],[13.55492,52.58438],[13.55419,52.58469],[13.5539,52.58483],[13.55329,52.58513],[13.55267,52.58541],[13.55265,52.58542],[13.55175,52.58582],[13.55171,52.58584],[13.55095,52.58614],[13.55018,52.58645],[13.54991,52.58656],[13.54965,52.58666],[13.5495,52.58671],[13.54794,52.58729],[13.54699,52.58764],[13.5471,52.58782],[13.54713,52.58785],[13.54511,52.58833],[13.54306,52.58882],[13.54303,52.58882],[13.54279,52.58888],[13.54167,52.58915],[13.54149,52.58919],[13.54126,52.58924],[13.54101,52.58929],[13.54078,52.58934],[13.54077,52.58935],[13.54052,52.5894],[13.5405,52.58941],[13.54027,52.58946],[13.54023,52.58947],[13.54002,52.58951],[13.54,52.58952],[13.53995,52.58953],[13.53977,52.58957],[13.53959,52.58961],[13.53952,52.58962],[13.53929,52.58967],[13.53927,52.58968],[13.53909,52.58972],[13.539,52.58974],[13.53876,52.58979],[13.5385,52.58985],[13.53849,52.58985],[13.53846,52.58986],[13.53837,52.58988],[13.53836,52.58988],[13.53795,52.58998],[13.53777,52.59002],[13.53771,52.59003],[13.53764,52.59004],[13.53746,52.59009],[13.53739,52.5901],[13.53721,52.59014],[13.53717,52.59015],[13.53706,52.59018],[13.53696,52.5902],[13.53671,52.59025],[13.53646,52.59031],[13.53622,52.59036],[13.53597,52.59042],[13.53589,52.59044],[13.53578,52.59046],[13.53571,52.59048],[13.53547,52.59053],[13.53523,52.59059],[13.53472,52.5907],[13.53469,52.59071],[13.53463,52.59072],[13.53457,52.59074],[13.53455,52.59074],[13.53403,52.59086],[13.53401,52.59086],[13.53377,52.59091],[13.53352,52.59097],[13.53327,52.59102],[13.53302,52.59108],[13.53276,52.59113],[13.53251,52.59119],[13.53226,52.59124],[13.53201,52.5913],[13.53176,52.59135],[13.53151,52.5914],[13.53149,52.59141],[13.53126,52.59146],[13.53101,52.59151],[13.53076,52.59157],[13.53051,52.59162],[13.53026,52.59168],[13.52986,52.59176],[13.52972,52.59179],[13.52958,52.59182],[13.52906,52.59194],[13.52897,52.59196],[13.52872,52.59201],[13.52847,52.59207],[13.52839,52.59208],[13.52822,52.59212],[13.52797,52.59217],[13.52769,52.59224],[13.52757,52.59223],[13.52738,52.59223],[13.52732,52.59223],[13.5273,52.59223],[13.52718,52.59223],[13.52619,52.59236],[13.52517,52.59248],[13.52413,52.5926],[13.52308,52.59272],[13.52288,52.59275],[13.52192,52.59271],[13.52165,52.5927],[13.52074,52.59266],[13.52058,52.59265],[13.52026,52.59264],[13.51995,52.59263],[13.51974,52.59262],[13.51963,52.59261],[13.51917,52.5926],[13.519,52.59259],[13.51869,52.59258],[13.51838,52.59256],[13.51807,52.59255],[13.51771,52.59254],[13.51738,52.59252],[13.51668,52.5925],[13.51565,52.59246],[13.51462,52.59241],[13.51395,52.59239],[13.51282,52.59234],[13.51025,52.59223],[13.51002,52.59222],[13.50979,52.59221],[13.50956,52.5922],[13.50931,52.59219],[13.5088,52.59217],[13.50849,52.59215],[13.50812,52.59214],[13.50764,52.59285],[13.50635,52.59473],[13.50617,52.595],[13.50609,52.59513],[13.50571,52.59568],[13.50519,52.59644],[13.50518,52.59646],[13.50509,52.59643],[13.50506,52.59642],[13.50501,52.5964],[13.505,52.59639],[13.50182,52.59512],[13.50153,52.59502],[13.50116,52.59486],[13.50032,52.59453],[13.49885,52.59395],[13.49874,52.59391],[13.49863,52.59386],[13.49735,52.59336],[13.49557,52.59266],[13.49484,52.59237],[13.49474,52.59233],[13.49444,52.59221],[13.49384,52.59198],[13.49289,52.5916],[13.49272,52.59153],[13.49269,52.59152],[13.49197,52.59124],[13.49179,52.59117],[13.49145,52.59103],[13.48919,52.59014],[13.48896,52.59005],[13.4884,52.58978],[13.48831,52.58972],[13.48795,52.58948],[13.48783,52.58941],[13.48695,52.58884],[13.4864,52.58839],[13.48623,52.58823],[13.486,52.58801],[13.48591,52.58789],[13.48567,52.5876],[13.48561,52.58752],[13.48556,52.58743],[13.48552,52.58738],[13.4855,52.58735],[13.48548,52.58733],[13.48539,52.58725],[13.48537,52.58723],[13.48531,52.58713],[13.48531,52.58703],[13.4852,52.58678],[13.48515,52.58666],[13.48503,52.5864],[13.48494,52.58622],[13.4848,52.58593],[13.48472,52.58576],[13.48465,52.58562],[13.48433,52.58564],[13.48412,52.58521],[13.48402,52.585],[13.48381,52.58457],[13.48377,52.5845],[13.48368,52.58432],[13.48358,52.58411],[13.48357,52.58408],[13.4829,52.58404],[13.48197,52.584],[13.48166,52.58341],[13.48166,52.5834],[13.48165,52.58338],[13.48161,52.58332],[13.48048,52.58353],[13.48046,52.58348],[13.48046,52.58346],[13.48046,52.58344],[13.48045,52.58341],[13.48029,52.58296],[13.48028,52.58293],[13.48027,52.58291],[13.48016,52.58262],[13.48009,52.58245],[13.48001,52.58225],[13.48,52.58223],[13.47997,52.58208],[13.47989,52.58182],[13.47988,52.5818],[13.47986,52.58171],[13.47982,52.58159],[13.4798,52.58147],[13.47977,52.58131],[13.47973,52.58119],[13.47973,52.58117],[13.47972,52.58107],[13.47971,52.58094],[13.47972,52.58078],[13.47977,52.58056],[13.47976,52.58035],[13.47969,52.58009],[13.47972,52.57978],[13.47974,52.57964],[13.47974,52.5796],[13.47994,52.5792],[13.48001,52.57892],[13.48008,52.57861],[13.48004,52.5786],[13.4802,52.57791],[13.48025,52.57792],[13.48027,52.57784],[13.48032,52.57784],[13.4804,52.57785],[13.48041,52.57781],[13.48042,52.5778],[13.48051,52.57778],[13.48051,52.57773],[13.48052,52.5777],[13.48045,52.57773],[13.48026,52.57774],[13.48018,52.57774],[13.48015,52.57774],[13.4801,52.57773],[13.48008,52.57773],[13.48006,52.57772],[13.47999,52.57769],[13.47997,52.57709],[13.47997,52.57707],[13.47995,52.57664],[13.47995,52.5766],[13.47995,52.57657],[13.47995,52.57655],[13.47995,52.57646],[13.47995,52.57643],[13.47995,52.57642],[13.47992,52.57572],[13.47992,52.57542],[13.47991,52.57542],[13.47981,52.57543],[13.47975,52.57515],[13.48008,52.57513],[13.48007,52.57502],[13.47987,52.57468],[13.47979,52.57451],[13.47975,52.57434],[13.47965,52.57391],[13.47963,52.57378],[13.47964,52.57378],[13.47967,52.57378],[13.47966,52.57375],[13.47966,52.57372],[13.47962,52.57353],[13.47989,52.57351],[13.47986,52.57332],[13.47958,52.57334],[13.47946,52.57271],[13.47946,52.57269],[13.47972,52.57266],[13.47982,52.57264],[13.47992,52.57263],[13.48028,52.57261],[13.48099,52.57262],[13.48105,52.57262],[13.48133,52.5726],[13.48154,52.57258],[13.4817,52.57255],[13.48203,52.57249],[13.48219,52.57249],[13.48224,52.5725],[13.48236,52.57252],[13.48253,52.57255],[13.48255,52.57256],[13.48257,52.57256],[13.48258,52.57257],[13.48274,52.57262],[13.4828,52.57263],[13.48283,52.5724],[13.48283,52.57238],[13.48283,52.57237],[13.4828,52.57218],[13.4828,52.57217],[13.4828,52.57216],[13.48279,52.57215],[13.48278,52.57211],[13.48277,52.57207],[13.48277,52.57203],[13.48275,52.57199],[13.48274,52.57194],[13.48273,52.5719],[13.48272,52.57186],[13.4827,52.57182],[13.48269,52.5718],[13.48268,52.57177],[13.48266,52.57174],[13.48265,52.5717],[13.48263,52.57166],[13.4826,52.57164],[13.48261,52.57163],[13.48292,52.57148],[13.48383,52.57103],[13.48412,52.57088],[13.48565,52.57015],[13.48575,52.5701],[13.48639,52.56979],[13.48759,52.56922],[13.48754,52.56918],[13.48751,52.56916],[13.48746,52.56912],[13.48621,52.56815],[13.48385,52.56631],[13.48375,52.56624],[13.48373,52.56622],[13.48372,52.56621],[13.4837,52.5662],[13.48368,52.56619],[13.48361,52.56613],[13.48359,52.56612],[13.48385,52.56609],[13.48397,52.56607],[13.48398,52.56607],[13.48414,52.56603],[13.48415,52.56603],[13.48411,52.56597],[13.4841,52.56589],[13.4841,52.56587],[13.4841,52.56584],[13.4841,52.56581],[13.4841,52.56579],[13.4841,52.56574],[13.48409,52.56572],[13.4841,52.56566],[13.4841,52.56561],[13.4841,52.56559],[13.4841,52.56557],[13.48409,52.56555],[13.48409,52.56552],[13.48408,52.5655],[13.48407,52.56548],[13.48404,52.5654],[13.48403,52.56536],[13.48402,52.56535],[13.48401,52.56534],[13.484,52.56534],[13.48399,52.56533],[13.48398,52.56532],[13.48397,52.56531],[13.48396,52.5653],[13.48394,52.56524],[13.48385,52.56497],[13.48384,52.56494],[13.48371,52.56455],[13.48371,52.56453],[13.48369,52.56448],[13.48369,52.56446],[13.48368,52.56446],[13.48368,52.56444],[13.48367,52.56443],[13.48376,52.56442],[13.48385,52.56441],[13.48399,52.56439],[13.48422,52.56436],[13.48445,52.56434],[13.48469,52.56431],[13.48492,52.56428],[13.48499,52.56428],[13.48515,52.56426],[13.48577,52.56419],[13.48585,52.56418],[13.48592,52.56417],[13.48602,52.56416],[13.48607,52.56415],[13.48602,52.56399],[13.48598,52.56382],[13.48593,52.56366],[13.48589,52.5635],[13.48586,52.56342],[13.48579,52.56315],[13.48574,52.56295],[13.48568,52.56276],[13.4856,52.56242],[13.48546,52.56234],[13.48532,52.56227],[13.48519,52.5618],[13.48523,52.56175],[13.4854,52.56155],[13.48586,52.5615],[13.48589,52.5615],[13.48633,52.56146],[13.48666,52.56141],[13.48698,52.56136],[13.48729,52.56129],[13.48759,52.5612],[13.48805,52.56106],[13.48876,52.56085],[13.48883,52.56083],[13.48886,52.56082],[13.48932,52.56068],[13.48953,52.56061],[13.48978,52.56054],[13.48997,52.56048],[13.49012,52.56042],[13.49019,52.5604],[13.49024,52.56038],[13.49027,52.56037],[13.49056,52.56024],[13.49082,52.5601],[13.49086,52.56008],[13.49107,52.55995],[13.49115,52.5599],[13.4913,52.55979],[13.49145,52.55965],[13.49148,52.55962],[13.4915,52.55961],[13.49161,52.5595],[13.49167,52.55945],[13.49182,52.55928],[13.49187,52.55924],[13.49189,52.55921],[13.49199,52.55911],[13.49214,52.55895],[13.49224,52.55885],[13.49234,52.55874],[13.49248,52.55858],[13.49306,52.55799],[13.49353,52.5575],[13.49357,52.55746],[13.49366,52.55737],[13.49411,52.55691],[13.49451,52.55651],[13.49456,52.55646],[13.49468,52.55634],[13.49489,52.5561],[13.49491,52.55608],[13.49493,52.55606],[13.49511,52.55582],[13.49528,52.55556],[13.49542,52.55528],[13.49553,52.555],[13.49561,52.55471],[13.49563,52.55462],[13.49566,52.55441],[13.49568,52.55413],[13.49567,52.55387],[13.49564,52.55361],[13.49557,52.55335],[13.49544,52.553],[13.49529,52.55265],[13.49519,52.55244],[13.49505,52.55213],[13.49499,52.55201],[13.49497,52.55198],[13.49491,52.55183],[13.49482,52.55164],[13.49477,52.55153],[13.4947,52.55137],[13.4946,52.55117],[13.49453,52.55101],[13.49443,52.55078],[13.49442,52.5508],[13.49407,52.55088],[13.49387,52.55092],[13.49383,52.55093],[13.49375,52.55095],[13.49344,52.55102],[13.49255,52.55121],[13.49188,52.55136],[13.49056,52.55165],[13.49035,52.55169],[13.48893,52.55193],[13.48866,52.55197],[13.48848,52.552],[13.48692,52.55226],[13.4864,52.55235],[13.48612,52.5524],[13.48603,52.55234],[13.48596,52.55229],[13.48583,52.55219],[13.4858,52.55218],[13.48568,52.5522],[13.48537,52.55197],[13.48419,52.5511],[13.4839,52.55089],[13.48367,52.55072],[13.48276,52.55004],[13.48233,52.54972],[13.48228,52.54968],[13.48222,52.54965],[13.48216,52.54962],[13.4821,52.54959],[13.48203,52.54957],[13.48197,52.54955],[13.4819,52.54953],[13.48184,52.54951],[13.48176,52.5495],[13.48169,52.54949],[13.48161,52.54948],[13.48037,52.54945],[13.48037,52.54955],[13.48025,52.5496],[13.48008,52.54947],[13.47975,52.54962],[13.47941,52.54935],[13.47934,52.5493],[13.47941,52.54927],[13.47977,52.5491],[13.47982,52.54898],[13.47988,52.54885],[13.47996,52.54872],[13.48004,52.54859],[13.48011,52.5485],[13.48013,52.54847],[13.48023,52.54835],[13.48034,52.54823],[13.48046,52.54812],[13.4802,52.54794],[13.47965,52.54755],[13.4788,52.54758],[13.47814,52.54759],[13.47713,52.54761],[13.47653,52.54762],[13.47473,52.54766],[13.47468,52.54766],[13.47424,52.54767],[13.47378,52.54768],[13.47374,52.54768],[13.47353,52.54769],[13.47326,52.54769],[13.47298,52.5477],[13.47265,52.5477],[13.47248,52.5477],[13.47212,52.5477],[13.47168,52.54771],[13.47167,52.54771],[13.4714,52.54772],[13.46993,52.54774],[13.46988,52.54775],[13.46954,52.54778],[13.46932,52.54788],[13.46929,52.54789],[13.46858,52.54821],[13.46853,52.54823],[13.46846,52.54818],[13.46842,52.54823],[13.46745,52.54831],[13.46736,52.54832],[13.46725,52.54824],[13.46721,52.54821],[13.46707,52.54811],[13.46705,52.5481],[13.46702,52.54807],[13.46707,52.54793],[13.46708,52.54791],[13.46712,52.5478],[13.46715,52.54771],[13.46723,52.54748],[13.46725,52.54742],[13.46742,52.54698],[13.46745,52.54691],[13.46747,52.54686],[13.46753,52.54669],[13.46756,52.54661],[13.46759,52.54656],[13.46765,52.5464],[13.4677,52.54626],[13.4677,52.54625],[13.46773,52.54618],[13.46775,52.54612],[13.46776,52.54609],[13.46817,52.54498],[13.46853,52.544],[13.46864,52.54369],[13.46879,52.5433],[13.46917,52.54225],[13.46949,52.54142],[13.46957,52.54119],[13.46958,52.54117],[13.46958,52.54116],[13.4696,52.5411],[13.46961,52.54106],[13.46964,52.54101],[13.46976,52.54069],[13.46984,52.54046],[13.46868,52.53955],[13.46731,52.5385],[13.46746,52.53844],[13.46752,52.53841],[13.46752,52.5384],[13.46753,52.53846],[13.46756,52.53846],[13.46762,52.53845],[13.46765,52.53845],[13.46729,52.53793],[13.46728,52.53792],[13.46687,52.53733],[13.46683,52.53728],[13.46668,52.53707],[13.46659,52.53694],[13.46641,52.5367],[13.46639,52.53666],[13.46669,52.53652],[13.46671,52.53651],[13.46674,52.5365],[13.46677,52.53649],[13.46679,52.53648],[13.46682,52.53647],[13.46692,52.53643],[13.46696,52.53642],[13.46741,52.53631],[13.46743,52.5363],[13.46746,52.5363],[13.46748,52.53629],[13.4675,52.53628],[13.46752,52.53627],[13.46754,52.53627],[13.46757,52.53626],[13.46759,52.53625],[13.4677,52.5362],[13.46774,52.53618],[13.46778,52.53616],[13.4678,52.53613],[13.46782,52.53612],[13.4679,52.53602],[13.46807,52.53577],[13.46841,52.53526],[13.46864,52.5349],[13.46867,52.53486],[13.46869,52.53483],[13.4687,52.5348],[13.46872,52.53477],[13.46873,52.53474],[13.46874,52.53471],[13.46869,52.53469],[13.46851,52.53461],[13.46851,52.5346],[13.46819,52.53445],[13.46789,52.53432],[13.4674,52.5341],[13.46739,52.5341],[13.46735,52.53409],[13.46738,52.53406],[13.46735,52.53405],[13.46731,52.53403],[13.46725,52.53406],[13.46724,52.53407],[13.46723,52.53407],[13.46722,52.53408],[13.4672,52.53408],[13.46719,52.53408],[13.46718,52.53408],[13.46716,52.53408],[13.46715,52.53408],[13.46714,52.53408],[13.46712,52.53408],[13.46711,52.53407],[13.46702,52.53403],[13.46701,52.53404],[13.467,52.53404],[13.46699,52.53404],[13.46698,52.53404],[13.46697,52.53405],[13.46696,52.53405],[13.46676,52.53397],[13.46668,52.53394],[13.4666,52.5339],[13.46651,52.53387],[13.46643,52.53384],[13.46635,52.53381],[13.46626,52.53378],[13.46617,52.53375],[13.46609,52.53372],[13.46597,52.53368],[13.46496,52.53335],[13.46493,52.53334],[13.46452,52.5332],[13.46454,52.53315],[13.46452,52.53314],[13.46451,52.53313],[13.46449,52.53312],[13.46448,52.53311],[13.46447,52.5331],[13.46446,52.53309],[13.46445,52.53308],[13.46444,52.53307],[13.46443,52.53306],[13.46443,52.53305],[13.46443,52.53304],[13.46443,52.53303],[13.46443,52.53302],[13.46443,52.53301],[13.46444,52.533],[13.46444,52.53299],[13.46339,52.53263],[13.46336,52.53259],[13.46325,52.5324],[13.46306,52.53217],[13.46237,52.53133],[13.46221,52.53114],[13.46195,52.53083],[13.46161,52.53042],[13.46158,52.53037],[13.46134,52.53008],[13.4613,52.53003],[13.46125,52.52998],[13.46108,52.52977],[13.46101,52.52968],[13.46067,52.52936],[13.45806,52.52878],[13.45759,52.52867],[13.457,52.52854],[13.45692,52.52852],[13.45633,52.52839],[13.45625,52.52831],[13.4562,52.52826],[13.45623,52.52824],[13.45623,52.52823],[13.45659,52.52788],[13.45665,52.52783],[13.45686,52.52763],[13.45699,52.52751],[13.45709,52.52741],[13.4574,52.52713],[13.45779,52.52675],[13.4579,52.52665],[13.45818,52.5264],[13.45835,52.52628],[13.45843,52.52622],[13.45849,52.52617],[13.45872,52.52602],[13.45873,52.52601],[13.45877,52.52599],[13.45882,52.52595],[13.45883,52.52594],[13.45885,52.52593],[13.45892,52.52589],[13.45896,52.52586],[13.45912,52.52577],[13.45967,52.52551],[13.46026,52.52529],[13.46041,52.52524],[13.46087,52.5251],[13.46124,52.52498],[13.46149,52.5249],[13.46211,52.5247],[13.46276,52.5245],[13.46297,52.52448],[13.46365,52.52439],[13.46383,52.52436],[13.46493,52.52423],[13.46548,52.52415],[13.46602,52.52406],[13.46656,52.52394],[13.46709,52.52382],[13.4676,52.52366],[13.4681,52.52349],[13.46859,52.5233],[13.46904,52.5231],[13.46936,52.52294],[13.46949,52.52287],[13.46961,52.52281],[13.46991,52.52264],[13.4703,52.52238],[13.47065,52.5221],[13.47099,52.52182],[13.4713,52.52152],[13.47146,52.52131],[13.4718,52.52099],[13.47211,52.52069],[13.47214,52.52067],[13.47227,52.52068],[13.47235,52.52051],[13.47243,52.52052],[13.47255,52.52053],[13.47289,52.52019],[13.47321,52.51988],[13.47308,52.51988],[13.47331,52.5196],[13.47342,52.51948],[13.47376,52.51909],[13.4742,52.51912],[13.47423,52.51906],[13.47475,52.51822],[13.475,52.5178],[13.47501,52.51779],[13.47526,52.51738],[13.47539,52.51716],[13.4756,52.51685],[13.4757,52.51669],[13.47576,52.51659],[13.47597,52.51626],[13.47601,52.51619],[13.47605,52.51613],[13.47626,52.51572],[13.47639,52.51544],[13.47645,52.5153],[13.47655,52.51517],[13.47657,52.51515],[13.47671,52.51505],[13.47685,52.51499],[13.4773,52.51486],[13.47759,52.51478],[13.47775,52.51473],[13.4776,52.51453],[13.47748,52.51439],[13.476,52.51483],[13.47589,52.51486],[13.47578,52.51457],[13.47561,52.51411],[13.4755,52.51382],[13.47549,52.51375],[13.47546,52.51356],[13.47544,52.51343],[13.47553,52.51307],[13.47563,52.51306],[13.47567,52.51289],[13.47577,52.51247],[13.47578,52.51243],[13.47584,52.51212],[13.47593,52.51211],[13.47594,52.51206],[13.47589,52.51205],[13.47599,52.51162],[13.47601,52.51153],[13.47605,52.51139],[13.47612,52.51105],[13.47626,52.51045],[13.47627,52.51044],[13.47616,52.51035],[13.47604,52.5103],[13.47583,52.51026],[13.47542,52.50963],[13.47464,52.50882],[13.47396,52.50811],[13.47392,52.5081],[13.4739,52.5081],[13.47403,52.50807],[13.47396,52.50799],[13.47394,52.50797],[13.47381,52.50801],[13.47382,52.50793],[13.47307,52.50713],[13.47313,52.50709],[13.47341,52.50692],[13.47337,52.50691],[13.47296,52.50676],[13.47283,52.50671],[13.47279,52.50665],[13.47277,52.50657],[13.4728,52.50649],[13.47273,52.50646],[13.47272,52.50639],[13.47271,52.50636],[13.47237,52.50617],[13.47226,52.50611],[13.47223,52.50609],[13.47185,52.50581],[13.47175,52.50574],[13.47152,52.50552],[13.47148,52.50547],[13.47137,52.50535],[13.47136,52.50534],[13.47131,52.50529],[13.47121,52.50518],[13.47116,52.50513],[13.47119,52.5051],[13.47129,52.505],[13.47125,52.50496],[13.47113,52.50483],[13.47076,52.50444],[13.47042,52.50406],[13.47032,52.50391],[13.47021,52.50374],[13.46983,52.50266],[13.46982,52.50264],[13.4698,52.50258],[13.46978,52.50254],[13.46977,52.50248],[13.46975,52.50245],[13.46975,52.50244],[13.46975,52.5024],[13.46975,52.50232],[13.46971,52.5023],[13.46967,52.50229],[13.46965,52.50223],[13.46963,52.50216],[13.46954,52.50194],[13.46953,52.50194],[13.46935,52.5015],[13.4692,52.50112],[13.4692,52.50107],[13.46915,52.50096],[13.46905,52.50066],[13.46903,52.5006],[13.46888,52.50016],[13.46878,52.50016],[13.46877,52.50016],[13.46868,52.49992],[13.46861,52.49976],[13.46857,52.49965],[13.46886,52.49961],[13.46889,52.49961],[13.46941,52.49953],[13.46947,52.49952],[13.46956,52.49951],[13.46959,52.4995],[13.46966,52.49949],[13.46978,52.49948],[13.4698,52.49947],[13.47228,52.49911],[13.47308,52.49899],[13.47452,52.49804],[13.48264,52.49265],[13.48373,52.49193],[13.48409,52.4917],[13.48415,52.49166],[13.48494,52.4916],[13.48577,52.4912],[13.48609,52.4908],[13.48846,52.48989],[13.48881,52.48925],[13.49016,52.48876],[13.49145,52.48827],[13.49071,52.48744],[13.49075,52.48743],[13.49082,52.4874],[13.49091,52.48735],[13.49102,52.48727],[13.49122,52.48714],[13.49137,52.48701],[13.49169,52.48675],[13.49228,52.48624],[13.49262,52.48594],[13.49274,52.48582],[13.49287,52.48565],[13.49322,52.48511],[13.49349,52.48469],[13.49353,52.48461],[13.49362,52.48445],[13.49361,52.48436],[13.49366,52.48427],[13.49369,52.48428],[13.49385,52.48388],[13.49395,52.48365],[13.49418,52.48312],[13.49589,52.48325],[13.49664,52.48331],[13.49671,52.48332],[13.49682,52.48329],[13.49686,52.48329],[13.49687,52.48327],[13.49707,52.4833],[13.49723,52.48331],[13.49758,52.48329],[13.49785,52.48328],[13.49801,52.48326],[13.49828,52.48322],[13.49841,52.48317],[13.49875,52.48308],[13.49935,52.48293],[13.49962,52.48287],[13.49973,52.48285],[13.49986,52.48282],[13.50007,52.48279],[13.50022,52.48276],[13.50051,52.4827],[13.50059,52.48269],[13.50093,52.48264],[13.501,52.48263],[13.50129,52.48261],[13.50148,52.48259],[13.50153,52.48258],[13.50166,52.48258],[13.50189,52.48257],[13.5019,52.48256],[13.50205,52.48227],[13.50213,52.48212],[13.50224,52.48191],[13.50225,52.48189],[13.5027,52.48107],[13.50322,52.48014],[13.50326,52.48007],[13.50327,52.48005],[13.50389,52.47892],[13.50432,52.47812],[13.5061,52.4765],[13.50772,52.47502],[13.50785,52.4749],[13.50794,52.47492],[13.50802,52.47493],[13.50832,52.47498],[13.50845,52.475],[13.51084,52.47535],[13.51138,52.47543],[13.51263,52.47561],[13.51297,52.47566],[13.51307,52.47567],[13.51318,52.47568],[13.51329,52.47569],[13.5134,52.47569],[13.5135,52.4757],[13.51361,52.47571],[13.51372,52.47571],[13.51383,52.47571],[13.51393,52.47571],[13.51404,52.47572],[13.51414,52.47572],[13.51423,52.47571],[13.51433,52.47571],[13.51443,52.47571],[13.51452,52.4757],[13.51462,52.4757],[13.51471,52.47569],[13.51481,52.47568],[13.51492,52.47567],[13.51503,52.47566],[13.51514,52.47565],[13.51525,52.47563],[13.51536,52.47562],[13.51547,52.4756],[13.51558,52.47558],[13.51569,52.47556],[13.5158,52.47554],[13.51591,52.47552],[13.51602,52.4755],[13.51612,52.47548],[13.51623,52.47545],[13.51633,52.47542],[13.51643,52.4754],[13.51652,52.47537],[13.51661,52.47535],[13.5167,52.47532],[13.51679,52.47529],[13.51688,52.47526],[13.51817,52.47483],[13.51946,52.47438],[13.51994,52.47422],[13.52008,52.47417],[13.52009,52.47416],[13.52032,52.47407],[13.52065,52.47438],[13.52106,52.47476],[13.52143,52.47513],[13.52158,52.47522],[13.52164,52.47518],[13.52171,52.47515],[13.52175,52.47512],[13.52243,52.47475],[13.52289,52.47444],[13.52316,52.47424],[13.52367,52.47386],[13.52389,52.47369],[13.52435,52.47332],[13.52554,52.47236],[13.52608,52.4719],[13.52695,52.47113],[13.52722,52.4709],[13.52742,52.47072],[13.52753,52.47062],[13.52824,52.47004],[13.52908,52.46934],[13.53073,52.46797],[13.53077,52.46794],[13.53125,52.4683],[13.53139,52.4684],[13.53143,52.46839],[13.53232,52.46908],[13.53303,52.46964],[13.53409,52.47048],[13.53438,52.47071],[13.53492,52.47114],[13.53563,52.4717],[13.53567,52.47173],[13.5357,52.47175],[13.53638,52.47228],[13.53739,52.47306],[13.53781,52.47339],[13.53846,52.47388],[13.53851,52.47392],[13.53855,52.47396],[13.53861,52.474],[13.53892,52.47425],[13.53904,52.47433],[13.5395,52.4747],[13.53953,52.47472],[13.53957,52.47476],[13.53983,52.47496],[13.53985,52.47498],[13.5403,52.47478],[13.54207,52.47399],[13.54224,52.47397],[13.54244,52.47395],[13.54271,52.47392],[13.54281,52.47391],[13.54288,52.4739],[13.54301,52.47389],[13.54471,52.47371],[13.54531,52.47365],[13.54559,52.47362],[13.54617,52.47356],[13.54645,52.47353],[13.54733,52.47344],[13.54839,52.47332],[13.54848,52.47331],[13.54815,52.47368],[13.54802,52.47384],[13.54801,52.47385],[13.54799,52.47387],[13.54818,52.47387],[13.54824,52.47387],[13.54879,52.47386],[13.54919,52.47386],[13.55022,52.47372],[13.55034,52.4737],[13.55093,52.47366],[13.55153,52.47362],[13.5526,52.47365],[13.55205,52.47375],[13.55182,52.47439],[13.5516,52.47498],[13.55138,52.47558],[13.55115,52.47619],[13.55102,52.47654],[13.55091,52.47686],[13.55086,52.47702],[13.55081,52.47707],[13.5503,52.47766],[13.54985,52.47817],[13.54949,52.47859],[13.54937,52.47873],[13.54931,52.47879],[13.54899,52.47916],[13.54898,52.47917],[13.54887,52.4793],[13.5488,52.47937],[13.54845,52.47978],[13.54788,52.47978],[13.54789,52.4801],[13.54789,52.48012],[13.54789,52.48021],[13.54789,52.48024],[13.54791,52.48189],[13.54791,52.48193],[13.54792,52.48251],[13.54828,52.48248],[13.54868,52.48312],[13.54875,52.48321],[13.5491,52.48374],[13.54989,52.48445],[13.55007,52.48489],[13.55021,52.48519],[13.55014,52.48549],[13.54997,52.48578],[13.54897,52.48733],[13.54829,52.48839],[13.54783,52.4891],[13.54663,52.49114],[13.54625,52.49177],[13.54573,52.4923],[13.54503,52.49302],[13.54485,52.49321],[13.54486,52.49321],[13.54476,52.49321],[13.54484,52.49329],[13.54483,52.49334],[13.54482,52.49345],[13.54481,52.49347],[13.54456,52.49486],[13.54454,52.495],[13.54451,52.495],[13.54452,52.49511],[13.54445,52.49548],[13.54421,52.49558],[13.54395,52.49568],[13.54392,52.4957],[13.54391,52.49571],[13.54381,52.49592],[13.54409,52.49621],[13.5434,52.49696],[13.54297,52.4974],[13.54272,52.49764],[13.54269,52.49768],[13.54256,52.49782],[13.54227,52.49811],[13.54225,52.49814],[13.54214,52.49825],[13.54208,52.49826],[13.54173,52.4983],[13.54163,52.49831],[13.54151,52.49832],[13.54142,52.49833],[13.54099,52.49838],[13.54095,52.49838],[13.54069,52.49841],[13.53998,52.49849],[13.53987,52.49851],[13.5395,52.49855],[13.53872,52.49981],[13.53868,52.49987],[13.53867,52.4999],[13.53776,52.50137],[13.53646,52.50349],[13.53595,52.50431],[13.53519,52.50555],[13.53601,52.50601],[13.5361,52.50613],[13.53613,52.50617],[13.53629,52.50641],[13.53623,52.50701],[13.53612,52.5079],[13.53629,52.50794],[13.53626,52.50888],[13.53625,52.50893],[13.53624,52.50924],[13.53622,52.50996],[13.53621,52.50999],[13.53821,52.50991],[13.53807,52.50992],[13.53785,52.50993],[13.53787,52.51017],[13.53785,52.51053],[13.53782,52.5111],[13.53773,52.51141],[13.53757,52.51179],[13.53732,52.51211],[13.53725,52.51215],[13.53719,52.5122],[13.53691,52.51247],[13.53652,52.51275],[13.5363,52.51288],[13.53572,52.51316],[13.53571,52.51316],[13.53544,52.51327],[13.53514,52.51338],[13.53474,52.51348],[13.53443,52.51354],[13.53398,52.51362],[13.53326,52.51364],[13.53292,52.51362],[13.53284,52.51362],[13.53222,52.51368],[13.53197,52.5137],[13.53174,52.5137],[13.53115,52.51371],[13.53113,52.51371],[13.53025,52.51374],[13.53008,52.51375],[13.52925,52.51379],[13.52843,52.5138],[13.52742,52.5138],[13.52679,52.51378],[13.52616,52.51378],[13.5249,52.51379],[13.52474,52.5138],[13.52451,52.51383],[13.52442,52.51385],[13.52421,52.51387],[13.52388,52.5139],[13.5237,52.51391],[13.52359,52.51391],[13.5234,52.51391],[13.52297,52.5139],[13.52276,52.51389],[13.52256,52.51388],[13.52203,52.51385],[13.52199,52.51385],[13.52183,52.51385],[13.52158,52.51385],[13.52148,52.51385],[13.52142,52.51385],[13.52092,52.51386],[13.52041,52.51387],[13.5204,52.51376],[13.52013,52.51376],[13.52013,52.51373],[13.51999,52.51373],[13.51999,52.51377],[13.52,52.51388],[13.51959,52.51389],[13.5193,52.5139],[13.5193,52.51396],[13.51931,52.51403],[13.51895,52.51403],[13.51876,52.51403],[13.51876,52.51395],[13.51875,52.51391]]]]}},{"type":"Feature","properties":{"name":"Marzahn-Hellersdorf"},"geometry":{"type":"MultiPolygon","coordinates":[[[[13.62843,52.49197],[13.62861,52.49212],[13.62878,52.49226],[13.62896,52.49241],[13.62958,52.49292],[13.62961,52.49295],[13.62972,52.49304],[13.62937,52.49308],[13.6293,52.49309],[13.62744,52.49332],[13.62684,52.49341],[13.62584,52.4936],[13.62549,52.49371],[13.62535,52.49375],[13.62401,52.4942],[13.62403,52.49424],[13.62444,52.49503],[13.62445,52.49505],[13.62496,52.49582],[13.625,52.49589],[13.62516,52.49613],[13.62576,52.49706],[13.62598,52.49746],[13.626,52.4975],[13.62633,52.49811],[13.62658,52.49866],[13.62677,52.49907],[13.62701,52.49972],[13.62703,52.49978],[13.62706,52.49989],[13.62721,52.50038],[13.62765,52.50191],[13.62785,52.50259],[13.62799,52.50306],[13.62805,52.50325],[13.62809,52.50341],[13.62811,52.50347],[13.62815,52.50357],[13.6284,52.50428],[13.62876,52.50522],[13.6289,52.50556],[13.62895,52.50564],[13.62896,52.50566],[13.62896,52.50568],[13.62897,52.50568],[13.62901,52.50577],[13.62921,52.50615],[13.6293,52.50633],[13.62934,52.50641],[13.62939,52.5065],[13.62947,52.50663],[13.62951,52.50672],[13.62957,52.5068],[13.62969,52.50696],[13.62981,52.50713],[13.62992,52.50729],[13.63004,52.50746],[13.6301,52.50754],[13.63025,52.50775],[13.63034,52.50787],[13.63051,52.50812],[13.63054,52.50816],[13.63069,52.50837],[13.63077,52.50848],[13.63088,52.50863],[13.63099,52.50878],[13.63104,52.50885],[13.63109,52.50893],[13.6312,52.50908],[13.6313,52.50924],[13.63143,52.50943],[13.63171,52.50983],[13.63172,52.50983],[13.63174,52.50986],[13.63178,52.50992],[13.6318,52.50995],[13.63206,52.51033],[13.63213,52.51042],[13.63219,52.51049],[13.63231,52.51066],[13.63244,52.51082],[13.63256,52.51099],[13.63267,52.51113],[13.633,52.51154],[13.63305,52.5116],[13.63307,52.51162],[13.6331,52.51166],[13.63314,52.51171],[13.63336,52.51195],[13.63342,52.51201],[13.63356,52.51217],[13.63371,52.51233],[13.63385,52.51249],[13.63399,52.51264],[13.63414,52.5128],[13.63418,52.51285],[13.6343,52.51295],[13.63448,52.51309],[13.6346,52.51319],[13.63482,52.51338],[13.6352,52.5137],[13.63524,52.51373],[13.63535,52.51383],[13.63539,52.51385],[13.63546,52.51392],[13.63548,52.51393],[13.63578,52.51422],[13.63597,52.51435],[13.63641,52.51466],[13.63648,52.51472],[13.6366,52.5148],[13.63661,52.5148],[13.63692,52.51501],[13.6371,52.51513],[13.63731,52.51526],[13.63739,52.51531],[13.6374,52.51532],[13.63763,52.51545],[13.63786,52.51559],[13.63802,52.51568],[13.63809,52.51572],[13.63832,52.51586],[13.63854,52.516],[13.63877,52.51614],[13.63891,52.51623],[13.63899,52.51628],[13.63941,52.51653],[13.63952,52.51661],[13.63964,52.51668],[13.63969,52.51672],[13.63986,52.51684],[13.64001,52.51695],[13.64016,52.51706],[13.64024,52.51712],[13.64034,52.51718],[13.64037,52.51721],[13.64062,52.51738],[13.64087,52.51755],[13.64112,52.51772],[13.64137,52.51788],[13.64141,52.51791],[13.64161,52.51803],[13.64187,52.51819],[13.64214,52.51835],[13.6424,52.51851],[13.64246,52.51855],[13.64263,52.51863],[13.64292,52.51877],[13.64322,52.5189],[13.64352,52.51904],[13.64404,52.51928],[13.6441,52.51931],[13.64422,52.51936],[13.64444,52.51946],[13.64465,52.51956],[13.64489,52.51967],[13.64513,52.51978],[13.64536,52.51989],[13.6456,52.52],[13.64581,52.5201],[13.64583,52.52011],[13.64607,52.52022],[13.64628,52.52032],[13.64649,52.52041],[13.64694,52.52062],[13.64696,52.52063],[13.64698,52.52064],[13.64701,52.52065],[13.6471,52.52069],[13.64713,52.5207],[13.64717,52.52072],[13.64719,52.52073],[13.6475,52.52085],[13.64774,52.52095],[13.64799,52.52105],[13.64805,52.52108],[13.64827,52.52117],[13.64856,52.52129],[13.64862,52.52131],[13.64865,52.52133],[13.64873,52.52136],[13.64875,52.52137],[13.64898,52.52146],[13.64921,52.52155],[13.64929,52.52159],[13.64944,52.52165],[13.64945,52.52165],[13.64968,52.52175],[13.6497,52.52175],[13.64993,52.52185],[13.64994,52.52185],[13.65017,52.52195],[13.65022,52.52197],[13.65043,52.52205],[13.65051,52.52208],[13.65064,52.52214],[13.65079,52.5222],[13.65088,52.52223],[13.65129,52.5224],[13.65165,52.52255],[13.6517,52.52257],[13.65174,52.52258],[13.65178,52.5226],[13.65183,52.52262],[13.65212,52.52274],[13.65213,52.52274],[13.6523,52.52281],[13.65237,52.52284],[13.65249,52.52289],[13.65262,52.52294],[13.65268,52.52297],[13.65286,52.52304],[13.6531,52.52314],[13.65322,52.52319],[13.6534,52.52326],[13.65358,52.52333],[13.65359,52.52333],[13.65369,52.52338],[13.65395,52.52348],[13.65397,52.52349],[13.65425,52.5236],[13.65434,52.52364],[13.65451,52.52371],[13.65472,52.5238],[13.65478,52.52382],[13.6549,52.52387],[13.65503,52.52392],[13.65507,52.52394],[13.65508,52.52395],[13.65527,52.52403],[13.65535,52.52407],[13.65546,52.52412],[13.65554,52.52417],[13.65564,52.52422],[13.65565,52.52422],[13.65575,52.52428],[13.65586,52.52435],[13.65601,52.52444],[13.65616,52.52453],[13.65637,52.52465],[13.65658,52.52478],[13.65681,52.52492],[13.65691,52.52498],[13.65693,52.52499],[13.65701,52.52504],[13.65742,52.52529],[13.6576,52.5254],[13.65772,52.52547],[13.65774,52.52549],[13.65811,52.5257],[13.65815,52.52573],[13.65849,52.52594],[13.6585,52.52595],[13.65847,52.52601],[13.65841,52.52609],[13.65822,52.52624],[13.65809,52.52638],[13.65803,52.52653],[13.65798,52.5268],[13.65779,52.52723],[13.65778,52.5273],[13.6577,52.52743],[13.65756,52.52775],[13.65736,52.52841],[13.6573,52.5285],[13.65725,52.52872],[13.65723,52.52882],[13.65721,52.52891],[13.65691,52.52984],[13.6569,52.52984],[13.65601,52.52983],[13.65555,52.52983],[13.65544,52.52983],[13.65533,52.52983],[13.65499,52.52982],[13.6547,52.52982],[13.65465,52.52982],[13.65441,52.52981],[13.65411,52.52981],[13.65406,52.52981],[13.65382,52.5298],[13.65375,52.52979],[13.65352,52.52979],[13.65323,52.52978],[13.65313,52.52977],[13.65274,52.52978],[13.65262,52.52978],[13.65245,52.52979],[13.65219,52.5298],[13.65202,52.52981],[13.65183,52.52981],[13.65172,52.52981],[13.65155,52.52982],[13.65144,52.52982],[13.65116,52.52981],[13.65098,52.52981],[13.65088,52.5298],[13.65059,52.52978],[13.6503,52.52977],[13.65003,52.52975],[13.64977,52.52973],[13.64972,52.52973],[13.64956,52.52972],[13.64948,52.52971],[13.64921,52.52969],[13.64909,52.52968],[13.64895,52.52967],[13.64869,52.52965],[13.64854,52.52964],[13.64844,52.52964],[13.64835,52.52964],[13.64818,52.52964],[13.64793,52.52965],[13.64778,52.52965],[13.64763,52.52965],[13.64704,52.52967],[13.64693,52.52967],[13.64682,52.52967],[13.64629,52.52968],[13.64625,52.52968],[13.64601,52.5297],[13.64598,52.5297],[13.64573,52.52973],[13.6457,52.52973],[13.64546,52.52975],[13.64542,52.52975],[13.64518,52.52977],[13.64515,52.52978],[13.6449,52.5298],[13.64487,52.5298],[13.64462,52.52982],[13.64459,52.52983],[13.64456,52.52983],[13.64435,52.52984],[13.64431,52.52985],[13.64407,52.52986],[13.64404,52.52986],[13.64379,52.52988],[13.64376,52.52988],[13.64368,52.52989],[13.64352,52.52993],[13.64339,52.52995],[13.64299,52.53004],[13.64294,52.53005],[13.6429,52.53006],[13.64275,52.53009],[13.64272,52.5301],[13.6427,52.53011],[13.64265,52.53012],[13.64177,52.5303],[13.64172,52.53031],[13.64168,52.53032],[13.6414,52.53035],[13.64111,52.53038],[13.64077,52.53041],[13.64068,52.53042],[13.64063,52.53042],[13.64059,52.53042],[13.63979,52.53045],[13.63977,52.53045],[13.6394,52.53046],[13.63911,52.53046],[13.63888,52.53047],[13.63881,52.53047],[13.63855,52.53048],[13.63851,52.53048],[13.63827,52.53048],[13.63823,52.53049],[13.63795,52.53049],[13.63789,52.53049],[13.63767,52.53049],[13.63754,52.53049],[13.6374,52.5305],[13.63679,52.53051],[13.63676,52.53051],[13.6367,52.53051],[13.63659,52.53051],[13.63599,52.5305],[13.63586,52.53049],[13.63575,52.53049],[13.63556,52.53049],[13.63545,52.53049],[13.63527,52.53049],[13.63516,52.53049],[13.63497,52.53048],[13.63486,52.53048],[13.63468,52.53048],[13.63456,52.53048],[13.63441,52.53048],[13.63438,52.53048],[13.63427,52.53048],[13.6341,52.53049],[13.63397,52.53049],[13.63383,52.5305],[13.63356,52.53051],[13.63303,52.53053],[13.63291,52.53053],[13.63279,52.53053],[13.63233,52.53055],[13.63206,52.53056],[13.63184,52.53056],[13.63175,52.53057],[13.63156,52.53057],[13.63149,52.53057],[13.63146,52.53056],[13.63087,52.53052],[13.63069,52.5305],[13.63018,52.53046],[13.63004,52.53045],[13.62991,52.53044],[13.6298,52.53043],[13.62979,52.53043],[13.62975,52.53043],[13.6296,52.53042],[13.62956,52.53041],[13.62955,52.53041],[13.6293,52.53039],[13.62921,52.53038],[13.62905,52.53036],[13.62892,52.53035],[13.6288,52.53034],[13.62863,52.53033],[13.62847,52.53031],[13.62834,52.5303],[13.62831,52.5303],[13.62813,52.53028],[13.62805,52.53028],[13.62787,52.53026],[13.62746,52.53023],[13.62715,52.5302],[13.62712,52.5302],[13.62681,52.53017],[13.62678,52.53017],[13.62674,52.53013],[13.62672,52.53013],[13.62641,52.53025],[13.62601,52.5304],[13.62594,52.53036],[13.62582,52.53027],[13.62569,52.53018],[13.62551,52.53089],[13.6255,52.53091],[13.62548,52.53101],[13.62538,52.53139],[13.62533,52.53157],[13.62529,52.53175],[13.62524,52.53193],[13.62513,52.53235],[13.62512,52.5324],[13.62495,52.53304],[13.62494,52.53308],[13.62491,52.53321],[13.62487,52.53337],[13.62481,52.53358],[13.62487,52.53361],[13.62493,52.53364],[13.62516,52.53375],[13.62539,52.53387],[13.6257,52.53402],[13.62574,52.53404],[13.62571,52.5342],[13.6257,52.53424],[13.62561,52.53464],[13.62558,52.53477],[13.62555,52.53489],[13.6255,52.53512],[13.62545,52.53534],[13.62541,52.53551],[13.62537,52.53569],[13.62533,52.53587],[13.62529,52.53605],[13.62525,52.53623],[13.62521,52.5364],[13.62515,52.53664],[13.6251,52.53688],[13.62502,52.53725],[13.62483,52.53808],[13.62482,52.53811],[13.62488,52.53805],[13.625,52.53799],[13.62513,52.53793],[13.62529,52.53789],[13.62532,52.53788],[13.62539,52.53786],[13.62552,52.53784],[13.6257,52.53779],[13.62574,52.53778],[13.62585,52.53777],[13.62597,52.53775],[13.62619,52.5377],[13.62632,52.53767],[13.62639,52.53766],[13.62652,52.53765],[13.62659,52.53765],[13.62671,52.53764],[13.62693,52.53759],[13.62703,52.53758],[13.62708,52.53757],[13.62743,52.53751],[13.62754,52.53749],[13.62792,52.53752],[13.62794,52.53753],[13.62797,52.53753],[13.62802,52.53753],[13.62807,52.53753],[13.62812,52.53754],[13.62822,52.53757],[13.62839,52.53764],[13.62847,52.53768],[13.62851,52.5377],[13.62859,52.53776],[13.62886,52.53798],[13.629,52.53793],[13.62956,52.53782],[13.63058,52.53762],[13.63061,52.53762],[13.63065,52.53765],[13.63089,52.53779],[13.63161,52.538],[13.6328,52.53779],[13.63309,52.5378],[13.63312,52.53785],[13.63312,52.53787],[13.6332,52.53785],[13.63339,52.53782],[13.63372,52.5377],[13.63395,52.53765],[13.63416,52.53803],[13.6344,52.53797],[13.63438,52.53794],[13.63451,52.53792],[13.63452,52.53794],[13.63455,52.53793],[13.63475,52.53826],[13.6349,52.53822],[13.63493,52.53824],[13.63497,52.53829],[13.63517,52.53848],[13.63551,52.53881],[13.63575,52.53905],[13.63601,52.53932],[13.63622,52.53954],[13.63626,52.53957],[13.63637,52.53966],[13.63657,52.53987],[13.63676,52.54004],[13.63711,52.54039],[13.63737,52.54065],[13.63765,52.54092],[13.63737,52.54225],[13.63701,52.54225],[13.63646,52.54224],[13.63563,52.54228],[13.63558,52.54228],[13.63554,52.54229],[13.63545,52.5423],[13.63474,52.54264],[13.6344,52.54282],[13.63398,52.54287],[13.6261,52.54359],[13.62535,52.54365],[13.62491,52.54369],[13.62428,52.54374],[13.62349,52.54381],[13.62331,52.54382],[13.62013,52.54409],[13.6198,52.54412],[13.61871,52.54421],[13.6106,52.54556],[13.60553,52.54641],[13.60472,52.54655],[13.60405,52.54666],[13.60329,52.54679],[13.60184,52.54703],[13.59295,52.54852],[13.59004,52.54901],[13.58908,52.54918],[13.58764,52.54941],[13.58757,52.54943],[13.58741,52.54945],[13.5868,52.54967],[13.58677,52.54968],[13.58674,52.54969],[13.58668,52.54971],[13.58655,52.54976],[13.58641,52.54978],[13.58638,52.54978],[13.58638,52.54994],[13.58639,52.54995],[13.58641,52.55],[13.58648,52.55018],[13.58656,52.55043],[13.58661,52.55055],[13.58683,52.55095],[13.58688,52.55104],[13.58691,52.55112],[13.58693,52.55118],[13.58693,52.55123],[13.58692,52.5514],[13.58692,52.5515],[13.58693,52.55158],[13.58693,52.55167],[13.58695,52.55174],[13.58702,52.55184],[13.5871,52.55193],[13.58718,52.55205],[13.5873,52.55226],[13.58734,52.55232],[13.58746,52.55243],[13.58754,52.55257],[13.58765,52.55291],[13.58768,52.55313],[13.58777,52.55333],[13.58778,52.55341],[13.58777,52.55351],[13.58778,52.55361],[13.58775,52.55378],[13.58771,52.55388],[13.58775,52.55409],[13.58772,52.5543],[13.58775,52.55459],[13.58772,52.55473],[13.58773,52.55489],[13.5877,52.55509],[13.58764,52.55522],[13.5876,52.55562],[13.5875,52.55582],[13.58749,52.55594],[13.58735,52.55621],[13.58689,52.55672],[13.58677,52.55695],[13.58668,52.55717],[13.58663,52.55741],[13.58661,52.55744],[13.58648,52.55769],[13.58632,52.55784],[13.58563,52.55848],[13.58549,52.55858],[13.58542,52.55862],[13.58537,52.55867],[13.58531,52.55871],[13.58511,52.55887],[13.58504,52.55892],[13.58489,52.55908],[13.58486,52.55913],[13.58471,52.55931],[13.58462,52.55947],[13.58443,52.55986],[13.58445,52.56025],[13.58443,52.56057],[13.58433,52.56126],[13.58418,52.56162],[13.584,52.56214],[13.58394,52.56229],[13.58383,52.5626],[13.58383,52.56261],[13.58382,52.56283],[13.58381,52.56302],[13.58387,52.56341],[13.58387,52.56343],[13.5839,52.56351],[13.58393,52.56361],[13.58394,52.56367],[13.58393,52.56376],[13.58387,52.56393],[13.58374,52.56415],[13.58365,52.56427],[13.58338,52.56468],[13.58332,52.56484],[13.58317,52.56521],[13.58316,52.56529],[13.58317,52.56535],[13.58321,52.56545],[13.58323,52.56551],[13.58323,52.56558],[13.58314,52.56584],[13.58311,52.56598],[13.58312,52.56606],[13.58319,52.56628],[13.5834,52.56668],[13.58342,52.56674],[13.58343,52.56678],[13.58342,52.56727],[13.58342,52.56741],[13.58336,52.56768],[13.58335,52.56775],[13.58329,52.56783],[13.58324,52.56791],[13.58315,52.56808],[13.58315,52.56817],[13.58309,52.56822],[13.5831,52.56828],[13.58304,52.56832],[13.58298,52.56843],[13.58291,52.56854],[13.58295,52.56858],[13.58282,52.56884],[13.58256,52.5692],[13.58253,52.5693],[13.58248,52.56939],[13.58242,52.56953],[13.58235,52.56962],[13.58224,52.56981],[13.5822,52.56996],[13.58209,52.5701],[13.58209,52.57017],[13.58195,52.57035],[13.58189,52.57047],[13.58187,52.57053],[13.58184,52.57059],[13.58179,52.57064],[13.58175,52.57074],[13.58171,52.5708],[13.5816,52.57089],[13.58159,52.57095],[13.58155,52.57103],[13.58155,52.57104],[13.58154,52.57111],[13.58136,52.57111],[13.58123,52.57111],[13.58059,52.57111],[13.58028,52.57111],[13.57985,52.57112],[13.57916,52.57112],[13.57884,52.57112],[13.57853,52.57112],[13.57789,52.57113],[13.57781,52.57124],[13.57771,52.57141],[13.57764,52.57152],[13.5776,52.5716],[13.57749,52.57182],[13.57743,52.57196],[13.57737,52.57207],[13.57734,52.57215],[13.57713,52.57256],[13.57709,52.57265],[13.57697,52.5729],[13.57674,52.57301],[13.57623,52.57324],[13.57582,52.57343],[13.57575,52.57346],[13.57575,52.57347],[13.57508,52.57377],[13.57497,52.57383],[13.57483,52.5738],[13.57469,52.57378],[13.57469,52.57383],[13.57469,52.57384],[13.57372,52.57365],[13.57353,52.57362],[13.57338,52.57359],[13.57304,52.57353],[13.57284,52.57349],[13.57262,52.57345],[13.57233,52.5734],[13.57205,52.57335],[13.57181,52.57331],[13.5715,52.57325],[13.57141,52.57324],[13.57126,52.57324],[13.57094,52.57326],[13.57048,52.57329],[13.57007,52.57331],[13.57002,52.57331],[13.56935,52.57335],[13.5693,52.57335],[13.56919,52.57336],[13.56908,52.57337],[13.56916,52.57308],[13.56895,52.57309],[13.56884,52.57309],[13.56857,52.5731],[13.5685,52.5734],[13.56836,52.57362],[13.56827,52.57379],[13.56788,52.57428],[13.56785,52.57433],[13.56775,52.57445],[13.56773,52.57447],[13.56772,52.57449],[13.5677,52.57451],[13.56727,52.57404],[13.56691,52.57373],[13.56687,52.5737],[13.56675,52.57361],[13.56661,52.57335],[13.5666,52.57333],[13.56659,52.57332],[13.56625,52.57309],[13.56614,52.57301],[13.56629,52.57307],[13.56655,52.57316],[13.56646,52.57293],[13.56574,52.57267],[13.56488,52.57236],[13.56457,52.57225],[13.56441,52.57219],[13.56432,52.57217],[13.56389,52.57205],[13.56285,52.57179],[13.56179,52.57155],[13.56116,52.57139],[13.56108,52.57138],[13.5608,52.57131],[13.56059,52.57126],[13.5606,52.57125],[13.56031,52.57118],[13.56009,52.57113],[13.55986,52.57107],[13.55964,52.57102],[13.55941,52.57097],[13.55919,52.57092],[13.55896,52.57086],[13.55874,52.57081],[13.55851,52.57076],[13.55829,52.57071],[13.55806,52.57065],[13.55784,52.5706],[13.55761,52.57055],[13.55739,52.5705],[13.55716,52.57044],[13.55694,52.57039],[13.55671,52.57034],[13.55649,52.57029],[13.55647,52.5703],[13.55586,52.57016],[13.55587,52.57014],[13.55582,52.57013],[13.55561,52.57008],[13.55539,52.57003],[13.55517,52.56998],[13.55495,52.56992],[13.55473,52.56987],[13.55463,52.56985],[13.55451,52.56982],[13.55429,52.56977],[13.55407,52.56972],[13.55386,52.56967],[13.55364,52.56962],[13.55342,52.56956],[13.55318,52.56951],[13.55296,52.56946],[13.55278,52.56941],[13.55256,52.56936],[13.55218,52.56927],[13.55187,52.5692],[13.55154,52.56912],[13.5513,52.56906],[13.55115,52.56903],[13.55108,52.56901],[13.55043,52.56886],[13.54975,52.5687],[13.54963,52.56867],[13.54962,52.56869],[13.54871,52.56848],[13.54837,52.5684],[13.54722,52.56813],[13.54682,52.56804],[13.54573,52.56779],[13.54569,52.56778],[13.54562,52.56777],[13.54557,52.56772],[13.54497,52.56724],[13.54467,52.56698],[13.54463,52.56694],[13.54458,52.56691],[13.54446,52.56685],[13.54444,52.56684],[13.54392,52.56662],[13.54384,52.56659],[13.54372,52.56656],[13.54333,52.56644],[13.54284,52.56629],[13.54259,52.56622],[13.54255,52.5662],[13.54251,52.56619],[13.54247,52.56618],[13.54243,52.56617],[13.5424,52.56616],[13.54236,52.56615],[13.54232,52.56615],[13.54228,52.56614],[13.54217,52.56613],[13.54211,52.56612],[13.54188,52.5661],[13.54189,52.5661],[13.5419,52.5661],[13.5419,52.56609],[13.5419,52.56608],[13.54189,52.56608],[13.54189,52.56607],[13.54188,52.56607],[13.54187,52.56607],[13.54186,52.56606],[13.54134,52.56604],[13.54132,52.56603],[13.54127,52.56603],[13.54125,52.56602],[13.54122,52.56602],[13.54119,52.56601],[13.54117,52.566],[13.54115,52.56599],[13.54113,52.56598],[13.5411,52.56597],[13.54108,52.56596],[13.54106,52.56594],[13.54104,52.56593],[13.54062,52.5656],[13.54055,52.56552],[13.54041,52.56542],[13.54035,52.56536],[13.54033,52.56534],[13.54032,52.56534],[13.54006,52.56514],[13.53978,52.56493],[13.53723,52.56293],[13.53708,52.5628],[13.53593,52.5619],[13.53547,52.56155],[13.53482,52.56104],[13.53395,52.56039],[13.53351,52.56011],[13.53344,52.56006],[13.53253,52.55949],[13.53207,52.5592],[13.5311,52.55862],[13.53106,52.55858],[13.53101,52.55855],[13.52942,52.55756],[13.52939,52.55755],[13.52927,52.55747],[13.52925,52.55746],[13.52919,52.55742],[13.52916,52.55741],[13.52838,52.55698],[13.52815,52.55685],[13.52799,52.55676],[13.52747,52.55649],[13.52723,52.55637],[13.52707,52.55628],[13.52688,52.55617],[13.52678,52.55613],[13.52669,52.55608],[13.52662,52.55604],[13.52652,52.55598],[13.52623,52.55582],[13.52592,52.55565],[13.52561,52.55548],[13.52549,52.55543],[13.52554,52.55538],[13.52535,52.55532],[13.52572,52.55483],[13.5259,52.55456],[13.52597,52.55457],[13.52599,52.55453],[13.52593,52.55452],[13.52606,52.55433],[13.52624,52.55404],[13.52631,52.55399],[13.52664,52.55342],[13.52693,52.55284],[13.52718,52.55229],[13.52724,52.55227],[13.52722,52.55217],[13.52729,52.55201],[13.52748,52.55152],[13.5277,52.5509],[13.52775,52.55083],[13.52775,52.55081],[13.52774,52.5508],[13.52796,52.55022],[13.52789,52.55016],[13.5279,52.55014],[13.52819,52.54944],[13.52824,52.54945],[13.52827,52.54939],[13.52822,52.54938],[13.52845,52.54878],[13.52846,52.54877],[13.52866,52.54824],[13.52873,52.54802],[13.52876,52.54793],[13.52882,52.54776],[13.52881,52.54773],[13.52883,52.54767],[13.52884,52.54763],[13.52888,52.54761],[13.5289,52.54755],[13.52919,52.54675],[13.52924,52.54662],[13.52933,52.54638],[13.52934,52.54636],[13.5295,52.54597],[13.52966,52.54552],[13.52969,52.54544],[13.5297,52.5454],[13.52984,52.54496],[13.53001,52.54447],[13.5302,52.54405],[13.53045,52.54355],[13.53057,52.54354],[13.53057,52.54353],[13.53063,52.54294],[13.5306,52.54292],[13.5306,52.5429],[13.53062,52.54284],[13.53063,52.54282],[13.53076,52.54244],[13.53078,52.54239],[13.53082,52.54226],[13.53099,52.54174],[13.53124,52.54123],[13.53136,52.54098],[13.5319,52.53953],[13.53227,52.53932],[13.53158,52.53918],[13.53169,52.53898],[13.53167,52.53897],[13.53161,52.53896],[13.5315,52.53894],[13.53132,52.5389],[13.53143,52.53892],[13.5315,52.53886],[13.53152,52.53879],[13.53159,52.5386],[13.5311,52.53849],[13.53076,52.53841],[13.53059,52.53846],[13.52945,52.53816],[13.52921,52.5381],[13.52879,52.53799],[13.52874,52.53798],[13.52784,52.5378],[13.52648,52.53737],[13.52625,52.53729],[13.52557,52.53706],[13.5255,52.53704],[13.52542,52.53701],[13.5254,52.53703],[13.52535,52.53701],[13.52536,52.53701],[13.52492,52.53685],[13.52479,52.53681],[13.52457,52.53673],[13.52458,52.53672],[13.52371,52.53644],[13.52357,52.53641],[13.52349,52.53638],[13.52307,52.53627],[13.5228,52.53622],[13.52239,52.53613],[13.52199,52.53607],[13.52182,52.53604],[13.52179,52.53604],[13.52172,52.53603],[13.52155,52.53601],[13.521,52.53596],[13.52079,52.53594],[13.52051,52.53592],[13.52041,52.53591],[13.52033,52.53591],[13.5198,52.53589],[13.51931,52.53584],[13.51921,52.53583],[13.51916,52.53582],[13.51917,52.53582],[13.51919,52.53579],[13.51922,52.53575],[13.51925,52.53571],[13.51922,52.53571],[13.51864,52.53566],[13.51775,52.5356],[13.51765,52.53559],[13.51688,52.53554],[13.51699,52.53541],[13.51706,52.53542],[13.51707,52.53542],[13.51708,52.53542],[13.51709,52.53541],[13.5171,52.53541],[13.51711,52.53541],[13.51712,52.5354],[13.51727,52.5352],[13.51716,52.53519],[13.51761,52.53458],[13.51766,52.53452],[13.5177,52.53446],[13.51774,52.53441],[13.51792,52.53417],[13.51797,52.53411],[13.51801,52.53405],[13.51805,52.53399],[13.51809,52.53393],[13.51813,52.53388],[13.51817,52.53382],[13.51821,52.53376],[13.51825,52.5337],[13.51828,52.53364],[13.51832,52.53358],[13.51835,52.53352],[13.51838,52.53345],[13.51841,52.53339],[13.51844,52.53333],[13.51846,52.5333],[13.51849,52.53323],[13.51852,52.53316],[13.51854,52.5331],[13.51857,52.53303],[13.51859,52.53296],[13.51862,52.53289],[13.51866,52.5327],[13.51869,52.53267],[13.5187,52.53259],[13.51871,52.53253],[13.51867,52.53248],[13.51872,52.53203],[13.51877,52.53152],[13.51877,52.53146],[13.51878,52.53134],[13.51883,52.53133],[13.51883,52.53131],[13.51885,52.53118],[13.51886,52.53118],[13.51884,52.53104],[13.5189,52.53044],[13.51892,52.53021],[13.51895,52.52981],[13.51897,52.52961],[13.51904,52.52883],[13.51905,52.52869],[13.51908,52.52823],[13.51915,52.52712],[13.51912,52.52709],[13.51912,52.52674],[13.51912,52.52641],[13.51912,52.52612],[13.51929,52.52581],[13.5193,52.52575],[13.51933,52.52544],[13.51937,52.52505],[13.51941,52.52456],[13.51942,52.52437],[13.51943,52.52419],[13.51944,52.52404],[13.51944,52.52392],[13.51944,52.52384],[13.51942,52.52363],[13.51941,52.52352],[13.51939,52.52324],[13.51931,52.52232],[13.51931,52.52233],[13.51926,52.52171],[13.51926,52.52165],[13.51925,52.52152],[13.5192,52.5209],[13.51916,52.52089],[13.51916,52.52085],[13.5191,52.51992],[13.51909,52.51988],[13.51908,52.51965],[13.51912,52.51965],[13.51911,52.51961],[13.51909,52.5195],[13.51908,52.51945],[13.51908,52.51943],[13.51906,52.51931],[13.51902,52.51902],[13.51901,52.51894],[13.51901,52.5189],[13.51896,52.51845],[13.51896,52.51844],[13.51896,52.51841],[13.51893,52.51796],[13.51893,52.51792],[13.5189,52.51747],[13.5189,52.51743],[13.51888,52.51698],[13.51888,52.51696],[13.51885,52.51655],[13.51885,52.51647],[13.51874,52.51444],[13.5186,52.51454],[13.51859,52.51445],[13.51857,52.51409],[13.51856,52.51395],[13.51855,52.51391],[13.51872,52.51391],[13.51875,52.51391],[13.51876,52.51395],[13.51876,52.51403],[13.51895,52.51403],[13.51931,52.51403],[13.5193,52.51396],[13.5193,52.5139],[13.51959,52.51389],[13.52,52.51388],[13.51999,52.51377],[13.51999,52.51373],[13.52013,52.51373],[13.52013,52.51376],[13.5204,52.51376],[13.52041,52.51387],[13.52092,52.51386],[13.52142,52.51385],[13.52148,52.51385],[13.52158,52.51385],[13.52183,52.51385],[13.52199,52.51385],[13.52203,52.51385],[13.52256,52.51388],[13.52276,52.51389],[13.52297,52.5139],[13.5234,52.51391],[13.52359,52.51391],[13.5237,52.51391],[13.52388,52.5139],[13.52421,52.51387],[13.52442,52.51385],[13.52451,52.51383],[13.52474,52.5138],[13.5249,52.51379],[13.52616,52.51378],[13.52679,52.51378],[13.52742,52.5138],[13.52843,52.5138],[13.52925,52.51379],[13.53008,52.51375],[13.53025,52.51374],[13.53113,52.51371],[13.53115,52.51371],[13.53174,52.5137],[13.53197,52.5137],[13.53222,52.51368],[13.53284,52.51362],[13.53292,52.51362],[13.53326,52.51364],[13.53398,52.51362],[13.53443,52.51354],[13.53474,52.51348],[13.53514,52.51338],[13.53544,52.51327],[13.53571,52.51316],[13.53572,52.51316],[13.5363,52.51288],[13.53652,52.51275],[13.53691,52.51247],[13.53719,52.5122],[13.53725,52.51215],[13.53732,52.51211],[13.53757,52.51179],[13.53773,52.51141],[13.53782,52.5111],[13.53785,52.51053],[13.53787,52.51017],[13.53785,52.50993],[13.53807,52.50992],[13.53821,52.50991],[13.53621,52.50999],[13.53622,52.50996],[13.53624,52.50924],[13.53625,52.50893],[13.53626,52.50888],[13.53629,52.50794],[13.53612,52.5079],[13.53623,52.50701],[13.53629,52.50641],[13.53613,52.50617],[13.5361,52.50613],[13.53601,52.50601],[13.53519,52.50555],[13.53595,52.50431],[13.53646,52.50349],[13.53776,52.50137],[13.53867,52.4999],[13.53868,52.49987],[13.53872,52.49981],[13.5395,52.49855],[13.53987,52.49851],[13.53998,52.49849],[13.54069,52.49841],[13.54095,52.49838],[13.54099,52.49838],[13.54142,52.49833],[13.54151,52.49832],[13.54163,52.49831],[13.54173,52.4983],[13.54208,52.49826],[13.54214,52.49825],[13.54225,52.49814],[13.54227,52.49811],[13.54256,52.49782],[13.54269,52.49768],[13.54272,52.49764],[13.54297,52.4974],[13.5434,52.49696],[13.54409,52.49621],[13.54381,52.49592],[13.54391,52.49571],[13.54392,52.4957],[13.54395,52.49568],[13.54421,52.49558],[13.54445,52.49548],[13.54452,52.49511],[13.54451,52.495],[13.54454,52.495],[13.54456,52.49486],[13.54481,52.49347],[13.54482,52.49345],[13.54483,52.49334],[13.54484,52.49329],[13.54476,52.49321],[13.54486,52.49321],[13.54485,52.49321],[13.54503,52.49302],[13.54573,52.4923],[13.54625,52.49177],[13.54663,52.49114],[13.54783,52.4891],[13.54829,52.48839],[13.54897,52.48733],[13.54997,52.48578],[13.55014,52.48549],[13.55021,52.48519],[13.55007,52.48489],[13.54989,52.48445],[13.5491,52.48374],[13.54875,52.48321],[13.54868,52.48312],[13.54828,52.48248],[13.54792,52.48251],[13.54791,52.48193],[13.54791,52.48189],[13.54789,52.48024],[13.54789,52.48021],[13.54789,52.48012],[13.54789,52.4801],[13.54788,52.47978],[13.54845,52.47978],[13.5488,52.47937],[13.54887,52.4793],[13.54898,52.47917],[13.54899,52.47916],[13.54931,52.47879],[13.54937,52.47873],[13.54949,52.47859],[13.54985,52.47817],[13.5503,52.47766],[13.55081,52.47707],[13.55086,52.47702],[13.55091,52.47686],[13.55102,52.47654],[13.55115,52.47619],[13.55138,52.47558],[13.5516,52.47498],[13.55182,52.47439],[13.55205,52.47375],[13.5526,52.47365],[13.55261,52.47365],[13.55352,52.47364],[13.55378,52.47364],[13.55384,52.47364],[13.55388,52.47364],[13.55479,52.47362],[13.55505,52.47361],[13.55619,52.47349],[13.55735,52.47329],[13.55856,52.47326],[13.55899,52.47325],[13.559,52.47325],[13.55903,52.47325],[13.55904,52.47325],[13.5592,52.47325],[13.55925,52.47325],[13.55964,52.47324],[13.56008,52.47325],[13.56026,52.47325],[13.56028,52.47325],[13.56035,52.47325],[13.56062,52.47326],[13.56087,52.47326],[13.56098,52.47327],[13.56135,52.4733],[13.56161,52.47332],[13.56193,52.47334],[13.56229,52.47338],[13.56261,52.47341],[13.56309,52.47347],[13.56331,52.47351],[13.56388,52.47362],[13.56415,52.47367],[13.56451,52.47378],[13.56503,52.47393],[13.56505,52.47394],[13.56513,52.47396],[13.56534,52.47382],[13.5656,52.47364],[13.56567,52.4736],[13.56607,52.47365],[13.56639,52.47369],[13.56659,52.47372],[13.56663,52.47372],[13.56666,52.47379],[13.56668,52.47379],[13.56701,52.47386],[13.56705,52.47387],[13.56711,52.47395],[13.56772,52.47458],[13.56775,52.47456],[13.56778,52.47455],[13.56787,52.47458],[13.56792,52.4746],[13.56801,52.47464],[13.56819,52.4747],[13.5682,52.47471],[13.56839,52.47478],[13.56874,52.47491],[13.56918,52.47509],[13.56935,52.47514],[13.56941,52.47517],[13.56951,52.47521],[13.5697,52.47528],[13.56996,52.47539],[13.57031,52.47553],[13.57038,52.47556],[13.57048,52.4756],[13.57071,52.47568],[13.5712,52.47587],[13.57152,52.47599],[13.57191,52.47615],[13.57192,52.47616],[13.57199,52.47619],[13.57201,52.47619],[13.57196,52.47622],[13.57207,52.47626],[13.57262,52.47648],[13.5728,52.47655],[13.57306,52.47666],[13.57327,52.47674],[13.57343,52.47679],[13.57361,52.47655],[13.57361,52.47654],[13.57362,52.47654],[13.57362,52.47653],[13.57363,52.47653],[13.57363,52.47652],[13.57364,52.47652],[13.57364,52.47651],[13.57365,52.47651],[13.57366,52.4765],[13.57367,52.4765],[13.57368,52.47649],[13.57369,52.47649],[13.5737,52.47649],[13.57371,52.47649],[13.57372,52.47648],[13.57373,52.47648],[13.57374,52.47648],[13.57375,52.47648],[13.57376,52.47648],[13.57377,52.47648],[13.57378,52.47648],[13.57379,52.47648],[13.5738,52.47648],[13.57381,52.47648],[13.57382,52.47648],[13.57383,52.47649],[13.57384,52.47649],[13.57385,52.47649],[13.57386,52.4765],[13.57387,52.4765],[13.57388,52.47651],[13.57389,52.47651],[13.5739,52.47652],[13.5739,52.47653],[13.57391,52.47653],[13.57392,52.47654],[13.57392,52.47655],[13.57393,52.47655],[13.57393,52.47656],[13.57394,52.47657],[13.57394,52.47658],[13.57395,52.47659],[13.57395,52.4766],[13.57395,52.47661],[13.57393,52.47669],[13.5739,52.47675],[13.57384,52.47687],[13.57384,52.47697],[13.57388,52.477],[13.57392,52.47704],[13.57402,52.47712],[13.57434,52.47741],[13.57444,52.47752],[13.57468,52.47816],[13.575,52.47926],[13.57502,52.47937],[13.57503,52.47937],[13.57503,52.47938],[13.57503,52.47939],[13.57504,52.4794],[13.57505,52.47941],[13.57506,52.47942],[13.57507,52.47942],[13.57508,52.47943],[13.57509,52.47943],[13.57512,52.47944],[13.57512,52.47948],[13.57552,52.47961],[13.57583,52.4797],[13.57604,52.47977],[13.57655,52.47993],[13.57674,52.47999],[13.577,52.48007],[13.57726,52.48015],[13.57753,52.48023],[13.57776,52.48031],[13.57783,52.48034],[13.57832,52.48052],[13.5785,52.48058],[13.57875,52.48067],[13.57901,52.48077],[13.57933,52.48088],[13.57972,52.48102],[13.57975,52.48101],[13.58016,52.48081],[13.58092,52.48044],[13.58112,52.48034],[13.58153,52.48014],[13.58187,52.47997],[13.58212,52.48003],[13.58229,52.48008],[13.58257,52.48015],[13.58293,52.48024],[13.58329,52.48033],[13.58349,52.48038],[13.58382,52.48046],[13.58421,52.48056],[13.58446,52.48063],[13.58466,52.48068],[13.58489,52.48074],[13.58512,52.4808],[13.58534,52.48086],[13.58555,52.48091],[13.5862,52.48108],[13.58634,52.48112],[13.58655,52.48102],[13.58734,52.48066],[13.58757,52.48057],[13.58784,52.48044],[13.58893,52.47994],[13.58949,52.47967],[13.58993,52.47945],[13.5901,52.47936],[13.59066,52.47905],[13.59084,52.47898],[13.59156,52.47864],[13.59253,52.47813],[13.59393,52.47739],[13.59521,52.47681],[13.59568,52.47656],[13.59663,52.47606],[13.5968,52.47597],[13.59696,52.47587],[13.59734,52.47563],[13.59833,52.47516],[13.59864,52.47497],[13.59957,52.47442],[13.59962,52.47439],[13.59964,52.47443],[13.59968,52.47447],[13.59991,52.47432],[13.59994,52.47431],[13.60022,52.47417],[13.60061,52.47398],[13.60088,52.47385],[13.60114,52.47372],[13.60174,52.47343],[13.60188,52.47337],[13.60193,52.47334],[13.60225,52.47319],[13.60252,52.47306],[13.60273,52.47295],[13.60295,52.47285],[13.60307,52.47279],[13.60338,52.47281],[13.60378,52.47283],[13.60401,52.47285],[13.60459,52.47289],[13.60472,52.4729],[13.6049,52.47291],[13.60503,52.4729],[13.60533,52.4729],[13.60563,52.4729],[13.60603,52.47289],[13.60626,52.47289],[13.60671,52.47288],[13.60679,52.47288],[13.6071,52.47287],[13.60737,52.47287],[13.60748,52.47287],[13.60767,52.47287],[13.60838,52.47285],[13.60837,52.47268],[13.60818,52.47126],[13.60817,52.47125],[13.60817,52.47123],[13.60816,52.47117],[13.60815,52.47109],[13.60843,52.47104],[13.6113,52.47048],[13.61131,52.47048],[13.6115,52.47063],[13.61137,52.47065],[13.61159,52.47083],[13.61176,52.47097],[13.61214,52.47128],[13.61221,52.47134],[13.61228,52.4714],[13.61253,52.4716],[13.61272,52.47176],[13.61298,52.47197],[13.61317,52.47213],[13.61329,52.47223],[13.61331,52.47222],[13.6151,52.4737],[13.61528,52.47384],[13.61544,52.47397],[13.61559,52.4741],[13.61575,52.47423],[13.61601,52.47444],[13.61627,52.47465],[13.61649,52.47483],[13.61621,52.47495],[13.61615,52.47498],[13.61588,52.47511],[13.61575,52.47516],[13.61545,52.4753],[13.61533,52.47532],[13.61493,52.47539],[13.61486,52.4754],[13.61482,52.47541],[13.61472,52.47542],[13.61444,52.47547],[13.61423,52.47551],[13.61412,52.47552],[13.61397,52.47555],[13.6137,52.47559],[13.61368,52.4756],[13.61355,52.47562],[13.6136,52.47582],[13.61361,52.47584],[13.61366,52.47604],[13.61371,52.47621],[13.61374,52.47635],[13.61379,52.47653],[13.61383,52.4767],[13.61385,52.47675],[13.61388,52.47688],[13.61389,52.47693],[13.61394,52.47711],[13.61395,52.47714],[13.61398,52.47728],[13.61399,52.47729],[13.61402,52.47741],[13.61408,52.47764],[13.61411,52.47777],[13.61416,52.47797],[13.61419,52.47806],[13.6142,52.47809],[13.61421,52.47815],[13.61422,52.47818],[13.61424,52.47827],[13.61426,52.47833],[13.61429,52.47845],[13.61433,52.4786],[13.61434,52.47863],[13.61435,52.47869],[13.61438,52.47878],[13.61438,52.4788],[13.61442,52.47896],[13.61443,52.47898],[13.61447,52.47914],[13.61447,52.47916],[13.61449,52.47922],[13.61451,52.47931],[13.61452,52.47934],[13.61456,52.47949],[13.61457,52.47951],[13.61461,52.47968],[13.61461,52.47969],[13.61466,52.47987],[13.61471,52.48005],[13.61471,52.48006],[13.61475,52.48022],[13.61476,52.48026],[13.6148,52.4804],[13.61482,52.48048],[13.61485,52.48058],[13.61488,52.48073],[13.61489,52.48076],[13.61499,52.48085],[13.61516,52.48098],[13.61529,52.4811],[13.61534,52.48113],[13.61547,52.48124],[13.61551,52.48127],[13.61565,52.48139],[13.61569,52.48142],[13.61582,52.48153],[13.61586,52.48156],[13.616,52.48168],[13.61603,52.48171],[13.61608,52.48175],[13.61617,52.48182],[13.61622,52.48186],[13.61634,52.48196],[13.61648,52.48208],[13.61652,52.48211],[13.61669,52.48225],[13.61674,52.48229],[13.61687,52.4824],[13.617,52.48251],[13.61704,52.48254],[13.61719,52.48266],[13.61722,52.48269],[13.61737,52.48281],[13.61739,52.48283],[13.61755,52.48297],[13.61757,52.48298],[13.61774,52.48312],[13.61792,52.48327],[13.6181,52.48342],[13.61813,52.48344],[13.6183,52.48358],[13.61843,52.48369],[13.61872,52.48393],[13.61879,52.48399],[13.61892,52.4841],[13.61897,52.48414],[13.61911,52.48425],[13.61914,52.48428],[13.61928,52.4844],[13.61931,52.48442],[13.61944,52.48453],[13.61949,52.48457],[13.6196,52.48466],[13.61966,52.48471],[13.61975,52.48479],[13.61984,52.48486],[13.61991,52.48492],[13.62001,52.485],[13.62007,52.48505],[13.6202,52.48516],[13.62023,52.48518],[13.62038,52.48531],[13.62051,52.48541],[13.62051,52.48542],[13.62065,52.48553],[13.62077,52.48563],[13.62086,52.4857],[13.62097,52.48579],[13.62107,52.48588],[13.62116,52.48595],[13.62125,52.48603],[13.62135,52.48611],[13.62141,52.48616],[13.62154,52.48627],[13.62156,52.48628],[13.62169,52.48639],[13.62174,52.48643],[13.62182,52.4865],[13.62193,52.48659],[13.62198,52.48663],[13.62212,52.48675],[13.62231,52.48691],[13.62233,52.48692],[13.6225,52.48706],[13.6225,52.48707],[13.6227,52.48722],[13.62285,52.48735],[13.62303,52.4875],[13.62316,52.48761],[13.62332,52.48774],[13.62349,52.48788],[13.62353,52.48791],[13.62365,52.48802],[13.6237,52.48806],[13.62382,52.48815],[13.62388,52.4882],[13.62398,52.48829],[13.62405,52.48835],[13.62415,52.48842],[13.62423,52.48849],[13.62431,52.48856],[13.6244,52.48864],[13.62447,52.4887],[13.62458,52.48878],[13.62464,52.48883],[13.62475,52.48893],[13.6248,52.48897],[13.62492,52.48907],[13.62497,52.4891],[13.62514,52.48924],[13.62517,52.48927],[13.62527,52.48935],[13.62566,52.48968],[13.62583,52.48982],[13.62601,52.48997],[13.62618,52.49011],[13.62636,52.49026],[13.62653,52.4904],[13.62671,52.49055],[13.62688,52.49069],[13.62706,52.49084],[13.62723,52.49098],[13.62741,52.49112],[13.62758,52.49127],[13.62796,52.49158],[13.62809,52.49169],[13.62843,52.49197]]]]}},{"type":"Feature","properties":{"name":"Mitte"},"geometry":{"type":"MultiPolygon","coordinates":[[[[13.38816,52.56751],[13.38813,52.56749],[13.3881,52.56747],[13.38805,52.56743],[13.388,52.56739],[13.388,52.56738],[13.38799,52.56738],[13.3879,52.56731],[13.38787,52.56731],[13.3872,52.5674],[13.38708,52.56741],[13.38693,52.56743],[13.38684,52.56744],[13.38663,52.56747],[13.3863,52.56751],[13.3861,52.56754],[13.38604,52.56755],[13.3858,52.56758],[13.38535,52.56763],[13.38511,52.56766],[13.3849,52.56769],[13.38461,52.56773],[13.38455,52.56774],[13.3843,52.56771],[13.38422,52.56768],[13.38405,52.56761],[13.38385,52.56753],[13.38383,52.56752],[13.38315,52.56724],[13.38284,52.56711],[13.38283,52.56711],[13.38274,52.56707],[13.38217,52.56684],[13.38166,52.56663],[13.38128,52.56647],[13.3812,52.56644],[13.38116,52.56642],[13.38058,52.56636],[13.37995,52.56628],[13.3799,52.56628],[13.37974,52.56626],[13.37966,52.56625],[13.37937,52.56622],[13.3789,52.56616],[13.37875,52.56615],[13.37868,52.56614],[13.37859,52.56619],[13.37852,52.56594],[13.37849,52.56584],[13.37844,52.56562],[13.37826,52.56494],[13.37821,52.56475],[13.37817,52.56457],[13.37815,52.56453],[13.37811,52.56437],[13.37808,52.56424],[13.37804,52.56408],[13.378,52.56393],[13.37797,52.56382],[13.37793,52.56367],[13.37789,52.5635],[13.37783,52.5633],[13.37777,52.56307],[13.37776,52.563],[13.37774,52.56295],[13.37768,52.56272],[13.37767,52.56267],[13.37763,52.56251],[13.37761,52.56245],[13.3776,52.5624],[13.37755,52.56221],[13.37752,52.56209],[13.37746,52.56185],[13.37742,52.56173],[13.37736,52.56147],[13.37721,52.56091],[13.37715,52.56066],[13.37693,52.56067],[13.37684,52.56067],[13.37663,52.56066],[13.3764,52.56066],[13.37632,52.56066],[13.37627,52.56066],[13.3762,52.56065],[13.37612,52.56065],[13.37606,52.56065],[13.376,52.56065],[13.37577,52.56065],[13.37573,52.56064],[13.37564,52.56064],[13.37559,52.56064],[13.3755,52.56064],[13.37545,52.56064],[13.37523,52.56063],[13.375,52.56063],[13.37496,52.56063],[13.37478,52.56062],[13.3747,52.56062],[13.37465,52.56062],[13.37456,52.56062],[13.37448,52.56062],[13.37443,52.56062],[13.37434,52.56062],[13.37421,52.56061],[13.37417,52.56061],[13.37401,52.56061],[13.37372,52.5606],[13.37368,52.5606],[13.37323,52.56059],[13.37301,52.56059],[13.37293,52.56059],[13.37289,52.56058],[13.37279,52.56058],[13.37276,52.56058],[13.37275,52.56058],[13.37274,52.56058],[13.37272,52.56058],[13.3727,52.56058],[13.37267,52.56058],[13.37263,52.56058],[13.37262,52.56058],[13.37258,52.56058],[13.37255,52.56058],[13.37254,52.56058],[13.3725,52.56058],[13.37247,52.56058],[13.37245,52.56058],[13.37242,52.56058],[13.37241,52.56057],[13.37237,52.56057],[13.37235,52.56057],[13.37232,52.56057],[13.3723,52.56057],[13.37229,52.56057],[13.37226,52.56057],[13.37222,52.56057],[13.37221,52.56057],[13.37218,52.56057],[13.37217,52.56057],[13.37209,52.56057],[13.37197,52.56057],[13.37178,52.56056],[13.37176,52.56056],[13.37173,52.56056],[13.37157,52.56056],[13.37134,52.56055],[13.37122,52.56055],[13.37099,52.56054],[13.37083,52.56054],[13.37058,52.56038],[13.37033,52.56021],[13.37033,52.56019],[13.37022,52.56012],[13.37023,52.56012],[13.36994,52.55993],[13.36992,52.55994],[13.36985,52.5599],[13.36979,52.55987],[13.36978,52.55986],[13.36967,52.5598],[13.36966,52.55979],[13.36956,52.55973],[13.36932,52.55961],[13.3692,52.55954],[13.36917,52.55953],[13.3691,52.55949],[13.36908,52.55948],[13.36903,52.55945],[13.36892,52.5594],[13.36883,52.55935],[13.36784,52.55884],[13.3678,52.55882],[13.36747,52.55865],[13.36733,52.55858],[13.36701,52.55841],[13.36688,52.55834],[13.36666,52.55823],[13.36601,52.55818],[13.36578,52.55817],[13.3656,52.55815],[13.3651,52.55812],[13.36488,52.5593],[13.36485,52.55944],[13.36484,52.55953],[13.3648,52.55972],[13.36479,52.55978],[13.36478,52.55985],[13.36475,52.55999],[13.36474,52.56002],[13.36473,52.5601],[13.36472,52.56013],[13.36471,52.56017],[13.36464,52.56058],[13.3646,52.56078],[13.36457,52.56093],[13.36453,52.56116],[13.36452,52.56118],[13.36449,52.56117],[13.36409,52.56111],[13.36398,52.56109],[13.36383,52.56107],[13.36369,52.56104],[13.36356,52.56102],[13.36349,52.56101],[13.36329,52.56098],[13.36312,52.56096],[13.36301,52.56094],[13.36296,52.56093],[13.36292,52.56092],[13.36278,52.5609],[13.36249,52.56085],[13.36221,52.56081],[13.36178,52.56074],[13.36154,52.5607],[13.36128,52.56066],[13.36117,52.56064],[13.36106,52.56063],[13.36097,52.56061],[13.36084,52.56059],[13.3608,52.56058],[13.3604,52.56052],[13.3601,52.56047],[13.36006,52.56065],[13.36004,52.56075],[13.36,52.56094],[13.35995,52.56114],[13.35994,52.56117],[13.35992,52.56129],[13.35991,52.56133],[13.35991,52.56135],[13.35989,52.56144],[13.35988,52.56148],[13.35985,52.56159],[13.35984,52.56163],[13.35981,52.56181],[13.35971,52.56185],[13.35953,52.56187],[13.35945,52.56187],[13.35932,52.56188],[13.35923,52.56188],[13.35902,52.5619],[13.35894,52.5619],[13.3587,52.56191],[13.35858,52.56192],[13.35826,52.56194],[13.35823,52.56194],[13.35782,52.56196],[13.35776,52.56197],[13.35775,52.56197],[13.35754,52.56198],[13.35751,52.56198],[13.35716,52.562],[13.35709,52.56201],[13.3569,52.56202],[13.35685,52.56202],[13.35664,52.56201],[13.35661,52.56201],[13.35641,52.56201],[13.35611,52.56201],[13.35607,52.56201],[13.35585,52.56201],[13.35563,52.562],[13.35541,52.562],[13.35519,52.562],[13.35497,52.562],[13.35475,52.56199],[13.35453,52.56199],[13.35431,52.56199],[13.35355,52.56198],[13.35352,52.56198],[13.3533,52.56198],[13.35316,52.56198],[13.35306,52.56197],[13.35169,52.56196],[13.35146,52.56196],[13.35004,52.56194],[13.34992,52.56194],[13.34985,52.56194],[13.34983,52.56194],[13.34956,52.56193],[13.34951,52.56193],[13.34942,52.56193],[13.34933,52.56193],[13.3493,52.56193],[13.34914,52.56193],[13.34909,52.56193],[13.34903,52.56194],[13.34888,52.56197],[13.34874,52.562],[13.34871,52.56207],[13.34719,52.56238],[13.34687,52.56245],[13.34686,52.56245],[13.34682,52.56246],[13.3458,52.56267],[13.34578,52.56267],[13.34576,52.56268],[13.34531,52.56277],[13.34526,52.56278],[13.34482,52.56287],[13.34474,52.56289],[13.34455,52.56293],[13.34453,52.56293],[13.34436,52.56297],[13.34431,52.56297],[13.34429,52.56298],[13.34382,52.56308],[13.34377,52.56309],[13.34356,52.56313],[13.34352,52.56314],[13.34335,52.56317],[13.34316,52.56321],[13.34307,52.56323],[13.34305,52.56323],[13.34263,52.56332],[13.34181,52.56349],[13.34177,52.5635],[13.34174,52.5635],[13.34154,52.56355],[13.3415,52.56355],[13.34146,52.56356],[13.34126,52.5636],[13.34123,52.56361],[13.34119,52.56362],[13.34099,52.56366],[13.34096,52.56366],[13.34092,52.56367],[13.34072,52.56371],[13.34068,52.56372],[13.34065,52.56373],[13.34036,52.56379],[13.34034,52.56379],[13.34033,52.56379],[13.34026,52.56381],[13.33992,52.56388],[13.33964,52.56394],[13.33934,52.564],[13.33904,52.56406],[13.33902,52.56406],[13.33898,52.56407],[13.33883,52.5641],[13.33864,52.56414],[13.33855,52.56416],[13.33853,52.56416],[13.33851,52.56417],[13.33846,52.56418],[13.33811,52.56425],[13.33806,52.56426],[13.33753,52.56437],[13.33751,52.56437],[13.3371,52.56446],[13.33666,52.56422],[13.33631,52.56403],[13.33532,52.56351],[13.33504,52.56336],[13.33361,52.5626],[13.3333,52.56243],[13.33307,52.56231],[13.33281,52.56217],[13.33238,52.56194],[13.33224,52.56187],[13.3321,52.56179],[13.33203,52.56177],[13.33199,52.56176],[13.33194,52.56174],[13.33189,52.56171],[13.33179,52.56166],[13.33141,52.56188],[13.33138,52.56189],[13.33137,52.5619],[13.33136,52.56191],[13.33105,52.56208],[13.33092,52.56215],[13.33081,52.56216],[13.33058,52.56217],[13.33037,52.56218],[13.33014,52.5622],[13.33003,52.5622],[13.32992,52.56221],[13.3297,52.56222],[13.32944,52.56224],[13.32865,52.56228],[13.32745,52.56235],[13.32689,52.56238],[13.32679,52.56238],[13.32676,52.56226],[13.32663,52.562],[13.32662,52.56196],[13.3266,52.56193],[13.32658,52.5619],[13.32656,52.56186],[13.32653,52.56183],[13.32651,52.5618],[13.32649,52.56177],[13.32647,52.56174],[13.32644,52.56171],[13.32642,52.56168],[13.3264,52.56166],[13.32638,52.56163],[13.32637,52.56161],[13.32634,52.56158],[13.32631,52.56156],[13.32629,52.56154],[13.32627,52.56151],[13.32624,52.56149],[13.32622,52.56147],[13.32619,52.56144],[13.32616,52.56142],[13.32613,52.56139],[13.3261,52.56136],[13.32606,52.56134],[13.32602,52.56131],[13.32599,52.56128],[13.32595,52.56125],[13.32591,52.56123],[13.32587,52.5612],[13.32583,52.56118],[13.32579,52.56115],[13.32574,52.56113],[13.3257,52.5611],[13.32566,52.56108],[13.32561,52.56106],[13.32557,52.56104],[13.32552,52.56101],[13.32547,52.56099],[13.32542,52.56097],[13.32537,52.56095],[13.32532,52.56092],[13.32528,52.56091],[13.32526,52.5609],[13.32521,52.56088],[13.32517,52.56087],[13.32512,52.56085],[13.32508,52.56084],[13.32503,52.56082],[13.32498,52.56081],[13.32493,52.56079],[13.32488,52.56078],[13.32482,52.56076],[13.32477,52.56075],[13.32471,52.56073],[13.32466,52.56072],[13.32461,52.56071],[13.32455,52.5607],[13.32449,52.56069],[13.32444,52.56068],[13.32438,52.56067],[13.32433,52.56066],[13.32427,52.56065],[13.32421,52.56064],[13.32418,52.56064],[13.32411,52.56063],[13.3239,52.56057],[13.32378,52.56056],[13.32365,52.56055],[13.32353,52.56054],[13.32341,52.56052],[13.32318,52.56049],[13.32265,52.56042],[13.32131,52.56025],[13.3203,52.56012],[13.31935,52.56],[13.31923,52.55998],[13.3191,52.55996],[13.31898,52.55995],[13.31886,52.55993],[13.31874,52.55991],[13.31862,52.55989],[13.31851,52.55987],[13.3184,52.55986],[13.31827,52.55983],[13.31817,52.55982],[13.31816,52.55981],[13.31793,52.55977],[13.3178,52.55975],[13.31776,52.55974],[13.31767,52.55972],[13.31755,52.55969],[13.31744,52.55967],[13.31728,52.55964],[13.31705,52.55959],[13.31694,52.55956],[13.31557,52.55923],[13.31529,52.55916],[13.3152,52.55914],[13.31475,52.55903],[13.31382,52.55881],[13.31381,52.55881],[13.3138,52.5588],[13.31376,52.55879],[13.31373,52.55879],[13.31309,52.55863],[13.31305,52.55862],[13.31292,52.55859],[13.31291,52.55859],[13.31275,52.55855],[13.31269,52.55853],[13.31249,52.55848],[13.31233,52.55844],[13.31228,52.55843],[13.31138,52.55819],[13.31134,52.55817],[13.31068,52.558],[13.31029,52.55789],[13.31022,52.55787],[13.30976,52.55775],[13.30967,52.55772],[13.30962,52.55767],[13.30838,52.55637],[13.30817,52.55615],[13.30786,52.55582],[13.30742,52.55536],[13.30736,52.5553],[13.30716,52.55509],[13.30718,52.55508],[13.3071,52.55499],[13.30663,52.55449],[13.30661,52.55447],[13.30582,52.55363],[13.3057,52.55351],[13.30562,52.55342],[13.30534,52.55313],[13.30408,52.55179],[13.30401,52.55172],[13.30388,52.55158],[13.30379,52.55148],[13.30378,52.55147],[13.30362,52.55129],[13.3035,52.55117],[13.30339,52.55104],[13.30328,52.55091],[13.30317,52.55079],[13.30306,52.55066],[13.30295,52.55054],[13.30284,52.55041],[13.30273,52.55028],[13.30262,52.55015],[13.30252,52.55002],[13.30241,52.5499],[13.30231,52.54977],[13.30172,52.54904],[13.30153,52.54881],[13.30164,52.5488],[13.30441,52.54874],[13.30508,52.54872],[13.30657,52.54865],[13.30701,52.54863],[13.30848,52.54857],[13.30923,52.54853],[13.31037,52.54848],[13.31295,52.54837],[13.31473,52.54833],[13.31477,52.54832],[13.31483,52.54832],[13.31512,52.54832],[13.31518,52.54831],[13.31676,52.54828],[13.31794,52.54824],[13.31799,52.5482],[13.31801,52.54819],[13.31851,52.54783],[13.31863,52.54774],[13.31864,52.54773],[13.31865,52.54772],[13.31881,52.54762],[13.31885,52.54759],[13.31933,52.5473],[13.31948,52.54718],[13.31988,52.5468],[13.31991,52.54676],[13.31997,52.54671],[13.32018,52.54653],[13.32029,52.54644],[13.32055,52.54627],[13.32062,52.54622],[13.32217,52.54502],[13.32219,52.545],[13.32257,52.54472],[13.32287,52.54453],[13.32309,52.54435],[13.32346,52.54403],[13.32356,52.54395],[13.32361,52.54392],[13.32441,52.54329],[13.32443,52.54328],[13.32465,52.54311],[13.32471,52.54306],[13.32496,52.54286],[13.32507,52.54277],[13.32549,52.54244],[13.32561,52.54234],[13.32565,52.54231],[13.32584,52.54216],[13.32623,52.54193],[13.32627,52.54191],[13.32624,52.54189],[13.32623,52.54187],[13.32636,52.54181],[13.32684,52.54161],[13.32729,52.54144],[13.32733,52.54143],[13.32732,52.54135],[13.32732,52.54134],[13.32729,52.54108],[13.32726,52.54078],[13.32725,52.54076],[13.32724,52.54064],[13.32724,52.54063],[13.32724,52.54062],[13.3272,52.54027],[13.32714,52.53973],[13.32716,52.53971],[13.32716,52.53969],[13.32719,52.53965],[13.32764,52.53932],[13.32766,52.53931],[13.32785,52.53916],[13.32787,52.53915],[13.32796,52.53909],[13.32805,52.53902],[13.32811,52.53898],[13.32817,52.53893],[13.32818,52.53892],[13.32821,52.5389],[13.32831,52.53883],[13.32836,52.5388],[13.3284,52.53877],[13.3285,52.53869],[13.32851,52.53869],[13.32853,52.53867],[13.32859,52.53862],[13.32886,52.53843],[13.32888,52.53841],[13.32895,52.53837],[13.32901,52.53832],[13.32904,52.5383],[13.32905,52.53829],[13.32913,52.53823],[13.32909,52.53821],[13.32904,52.5382],[13.32898,52.53818],[13.32893,52.53816],[13.32888,52.53815],[13.32883,52.53813],[13.32878,52.53812],[13.32873,52.5381],[13.32867,52.53809],[13.32862,52.53808],[13.32857,52.53807],[13.32852,52.53805],[13.32846,52.53804],[13.32841,52.53803],[13.32835,52.53802],[13.3283,52.53801],[13.32824,52.538],[13.32819,52.53799],[13.32813,52.53798],[13.32808,52.53798],[13.3279,52.53795],[13.32687,52.5378],[13.32687,52.53779],[13.32687,52.53778],[13.32687,52.53777],[13.32686,52.53776],[13.32685,52.53776],[13.32684,52.53775],[13.32683,52.53775],[13.32669,52.53773],[13.32662,52.53772],[13.32638,52.53769],[13.32614,52.53765],[13.32607,52.53764],[13.32595,52.53763],[13.32593,52.53762],[13.32592,52.53762],[13.32591,52.53762],[13.3259,52.53762],[13.32589,52.53763],[13.32588,52.53763],[13.32587,52.53764],[13.32586,52.53765],[13.32586,52.53766],[13.32585,52.53767],[13.32583,52.53767],[13.32192,52.53711],[13.32014,52.53686],[13.31888,52.53668],[13.31141,52.53561],[13.31161,52.5351],[13.31196,52.5342],[13.31229,52.53332],[13.31255,52.53265],[13.31279,52.53231],[13.31292,52.5322],[13.31293,52.53217],[13.31294,52.53214],[13.31295,52.53211],[13.31297,52.53206],[13.31298,52.53202],[13.313,52.53197],[13.31301,52.53193],[13.31302,52.5319],[13.31303,52.53188],[13.31303,52.53187],[13.31308,52.53188],[13.31332,52.53192],[13.31337,52.53193],[13.31338,52.53189],[13.3134,52.53188],[13.31371,52.53192],[13.31385,52.53194],[13.314,52.53196],[13.31495,52.53208],[13.31565,52.53217],[13.31703,52.53235],[13.31719,52.53233],[13.31751,52.53238],[13.31705,52.53205],[13.31731,52.53154],[13.3172,52.53147],[13.31715,52.53143],[13.3171,52.53139],[13.31698,52.5313],[13.31694,52.53129],[13.31689,52.53126],[13.31674,52.53119],[13.31661,52.53116],[13.31668,52.53104],[13.31669,52.53102],[13.31675,52.5309],[13.31629,52.53082],[13.31596,52.53076],[13.31587,52.53074],[13.31538,52.53065],[13.31532,52.53064],[13.31466,52.53051],[13.31452,52.53049],[13.31447,52.53048],[13.31416,52.5304],[13.31397,52.53036],[13.31385,52.53033],[13.31367,52.5303],[13.31354,52.53029],[13.31335,52.53026],[13.31337,52.53022],[13.31344,52.53001],[13.31347,52.52994],[13.31348,52.52991],[13.3141,52.52817],[13.31472,52.52641],[13.31489,52.52593],[13.31492,52.52585],[13.31492,52.52584],[13.31497,52.52571],[13.315,52.52563],[13.31533,52.52468],[13.31534,52.52466],[13.31661,52.52106],[13.31665,52.52096],[13.3167,52.52094],[13.31674,52.52092],[13.31677,52.5209],[13.3178,52.52037],[13.31784,52.5204],[13.31785,52.52041],[13.31829,52.52074],[13.31831,52.52076],[13.31875,52.52109],[13.31878,52.52111],[13.31876,52.52157],[13.31875,52.52175],[13.31874,52.52187],[13.31874,52.52188],[13.31871,52.52193],[13.3187,52.52197],[13.3187,52.52198],[13.31869,52.52204],[13.31869,52.52207],[13.31871,52.52214],[13.31875,52.52235],[13.31876,52.52236],[13.31882,52.52265],[13.31888,52.52288],[13.31888,52.52289],[13.31889,52.52293],[13.31894,52.52307],[13.31903,52.52323],[13.31917,52.52342],[13.31935,52.5236],[13.31943,52.52367],[13.3195,52.52373],[13.31955,52.52378],[13.31978,52.52393],[13.31986,52.52398],[13.32001,52.52407],[13.32026,52.52419],[13.32053,52.52429],[13.32082,52.52439],[13.32102,52.52444],[13.32103,52.52444],[13.32111,52.52446],[13.32137,52.52452],[13.32168,52.52457],[13.32199,52.5246],[13.3224,52.52464],[13.32281,52.52466],[13.32325,52.52469],[13.32352,52.52469],[13.32381,52.52468],[13.32411,52.52465],[13.32442,52.52461],[13.32474,52.52454],[13.32506,52.52446],[13.32519,52.52442],[13.32529,52.52439],[13.3255,52.52432],[13.3258,52.52422],[13.32619,52.52407],[13.32642,52.52397],[13.32649,52.52394],[13.32664,52.52386],[13.32684,52.52376],[13.32691,52.52373],[13.32692,52.52372],[13.32718,52.52355],[13.32744,52.52338],[13.32769,52.52321],[13.3278,52.52314],[13.32796,52.52304],[13.32818,52.52289],[13.32823,52.52285],[13.32828,52.52282],[13.32833,52.52278],[13.32838,52.52275],[13.32843,52.52271],[13.32847,52.52268],[13.32851,52.52265],[13.32856,52.5226],[13.32862,52.52255],[13.32863,52.52255],[13.32863,52.52256],[13.32864,52.52256],[13.32865,52.52256],[13.32866,52.52255],[13.32868,52.52253],[13.32872,52.5225],[13.32884,52.52239],[13.32888,52.52235],[13.3289,52.52233],[13.3289,52.52232],[13.32889,52.52231],[13.32888,52.52231],[13.32889,52.5223],[13.32898,52.5222],[13.32906,52.5221],[13.32912,52.52203],[13.32913,52.52202],[13.32918,52.52195],[13.3292,52.52193],[13.32926,52.52184],[13.32929,52.52179],[13.32933,52.52171],[13.32936,52.52165],[13.32939,52.52158],[13.32942,52.52151],[13.32945,52.52144],[13.32948,52.52137],[13.32949,52.52133],[13.32952,52.52122],[13.32953,52.52118],[13.32955,52.52102],[13.32955,52.52092],[13.32955,52.52083],[13.32954,52.52071],[13.32952,52.5206],[13.32949,52.52046],[13.32943,52.52026],[13.32939,52.52017],[13.32938,52.52014],[13.32937,52.5201],[13.32934,52.52003],[13.3293,52.51995],[13.32927,52.51987],[13.32926,52.51984],[13.32925,52.51979],[13.32921,52.51964],[13.32918,52.51956],[13.32918,52.51954],[13.32917,52.51953],[13.32916,52.51949],[13.32914,52.51941],[13.32913,52.51939],[13.32912,52.51933],[13.32911,52.51925],[13.3291,52.51919],[13.32909,52.51911],[13.32909,52.51904],[13.3291,52.51899],[13.3291,52.51896],[13.32911,52.51895],[13.32912,52.51888],[13.32914,52.51876],[13.32916,52.5187],[13.32917,52.51865],[13.32919,52.51861],[13.3292,52.5186],[13.32925,52.5185],[13.32927,52.51846],[13.32928,52.51844],[13.32932,52.51837],[13.32937,52.51829],[13.32937,52.51828],[13.32947,52.51815],[13.32963,52.51795],[13.32979,52.51781],[13.32988,52.51774],[13.32998,52.51766],[13.3301,52.51758],[13.33013,52.51756],[13.33031,52.51745],[13.33036,52.51742],[13.33041,52.51739],[13.33046,52.51736],[13.33053,52.51732],[13.33059,52.51729],[13.33061,52.51727],[13.33069,52.51723],[13.33073,52.51721],[13.33079,52.51718],[13.33084,52.51715],[13.33087,52.51714],[13.33089,52.51713],[13.3309,52.51713],[13.33098,52.51709],[13.33106,52.51706],[13.33116,52.51703],[13.33139,52.51696],[13.33154,52.51691],[13.33174,52.51684],[13.33184,52.51682],[13.33194,52.51679],[13.33213,52.51675],[13.33221,52.51673],[13.33228,52.5167],[13.33257,52.51669],[13.33258,52.51669],[13.33259,52.51669],[13.33271,52.51669],[13.33283,52.51668],[13.33307,52.51667],[13.3331,52.51667],[13.33314,52.51667],[13.33317,52.51667],[13.33321,52.51667],[13.33326,52.51667],[13.3333,52.51667],[13.33334,52.51667],[13.33338,52.51667],[13.33344,52.51668],[13.33349,52.51668],[13.33355,52.51668],[13.33361,52.51669],[13.33366,52.5167],[13.33372,52.5167],[13.33384,52.51672],[13.33397,52.51674],[13.33409,52.51675],[13.33422,52.51677],[13.33423,52.51673],[13.33424,52.51671],[13.33425,52.51669],[13.33426,52.51667],[13.33427,52.51664],[13.33433,52.51651],[13.33438,52.51641],[13.33443,52.5163],[13.33463,52.51587],[13.33475,52.5156],[13.33479,52.5155],[13.3349,52.51541],[13.33514,52.51521],[13.33518,52.51517],[13.33523,52.51513],[13.33533,52.51504],[13.33538,52.51486],[13.33555,52.51475],[13.33568,52.51467],[13.33571,52.51465],[13.33587,52.51455],[13.33592,52.51452],[13.33598,52.51448],[13.33614,52.51438],[13.33595,52.514],[13.33592,52.51396],[13.33611,52.51397],[13.33605,52.51385],[13.33604,52.51384],[13.33603,52.51381],[13.33601,52.51379],[13.33587,52.51335],[13.33585,52.51329],[13.33572,52.51328],[13.33235,52.51306],[13.33221,52.51305],[13.33188,52.51303],[13.33166,52.51293],[13.33166,52.51291],[13.33167,52.51287],[13.33167,52.51286],[13.33167,52.51285],[13.33166,52.51285],[13.33166,52.51284],[13.33165,52.51283],[13.33164,52.51282],[13.33163,52.51282],[13.33163,52.51281],[13.33161,52.51281],[13.3316,52.5128],[13.33158,52.5128],[13.33157,52.5128],[13.33155,52.51279],[13.33153,52.51279],[13.33152,52.51279],[13.3315,52.5128],[13.33149,52.5128],[13.33147,52.51281],[13.33146,52.51281],[13.33144,52.51282],[13.33143,52.51282],[13.33142,52.51283],[13.33142,52.51284],[13.33141,52.51285],[13.3314,52.51288],[13.33139,52.51289],[13.33136,52.51288],[13.33103,52.51286],[13.33098,52.51286],[13.33075,52.51284],[13.33073,52.51284],[13.3306,52.51283],[13.33056,52.51283],[13.33057,52.51281],[13.33059,52.51276],[13.33062,52.51269],[13.33066,52.51262],[13.33071,52.51256],[13.33078,52.5125],[13.33083,52.51246],[13.33087,52.51244],[13.33098,52.51239],[13.33112,52.51233],[13.33119,52.51231],[13.33123,52.5123],[13.33127,52.51228],[13.33128,52.51228],[13.33135,52.51226],[13.33145,52.51223],[13.33152,52.51221],[13.33374,52.51172],[13.33381,52.51171],[13.33385,52.51171],[13.33389,52.51172],[13.33392,52.51173],[13.33399,52.51172],[13.33403,52.51172],[13.33401,52.5117],[13.33384,52.51156],[13.33376,52.5115],[13.3336,52.5114],[13.33341,52.51128],[13.33325,52.51119],[13.3332,52.51117],[13.33298,52.51106],[13.3329,52.51103],[13.33275,52.51097],[13.33252,52.51088],[13.33227,52.5108],[13.33179,52.51065],[13.33166,52.5106],[13.33165,52.5106],[13.33004,52.51008],[13.33085,52.50982],[13.33097,52.50978],[13.33111,52.50974],[13.33154,52.5096],[13.3316,52.50958],[13.3326,52.50926],[13.33264,52.50925],[13.33299,52.50913],[13.33317,52.50908],[13.3333,52.50904],[13.33332,52.50903],[13.33336,52.50902],[13.33342,52.509],[13.33354,52.50896],[13.33367,52.50892],[13.33373,52.5089],[13.33388,52.50885],[13.3339,52.50884],[13.33397,52.50898],[13.33399,52.50897],[13.33416,52.50894],[13.33423,52.50893],[13.33424,52.50893],[13.33426,52.50893],[13.33432,52.50892],[13.33433,52.50892],[13.33438,52.50891],[13.33441,52.50891],[13.33443,52.50889],[13.33446,52.50888],[13.3345,52.50886],[13.33453,52.50884],[13.33457,52.50882],[13.3346,52.5088],[13.33463,52.50878],[13.33466,52.50876],[13.33469,52.50874],[13.33471,52.50871],[13.33474,52.50869],[13.33476,52.50866],[13.33478,52.50864],[13.3348,52.50861],[13.33482,52.50859],[13.33483,52.50856],[13.33484,52.50854],[13.33485,52.50852],[13.33486,52.5085],[13.33487,52.50848],[13.33487,52.50846],[13.33488,52.50837],[13.33488,52.50834],[13.33488,52.50832],[13.33488,52.50831],[13.33488,52.50829],[13.33487,52.50826],[13.33487,52.50824],[13.33487,52.50822],[13.33486,52.50821],[13.33485,52.50818],[13.33484,52.50816],[13.33483,52.50813],[13.33482,52.50811],[13.3348,52.50809],[13.33478,52.50806],[13.33477,52.50804],[13.33388,52.50688],[13.33375,52.50672],[13.33407,52.50658],[13.334,52.50652],[13.33408,52.50648],[13.33451,52.50628],[13.33526,52.50594],[13.33529,52.50593],[13.33533,52.50591],[13.33537,52.50589],[13.3354,52.50588],[13.33544,52.50587],[13.33548,52.50585],[13.33552,52.50584],[13.33556,52.50583],[13.33561,52.50582],[13.33565,52.50581],[13.33569,52.50581],[13.33574,52.5058],[13.33578,52.50579],[13.33582,52.50579],[13.33646,52.50573],[13.33651,52.50573],[13.33656,52.50572],[13.33661,52.50572],[13.33666,52.50572],[13.33671,52.50572],[13.33676,52.50572],[13.33681,52.50572],[13.33686,52.50572],[13.33691,52.50572],[13.33696,52.50573],[13.33702,52.50573],[13.33707,52.50574],[13.33814,52.50586],[13.33818,52.50587],[13.33823,52.50587],[13.33826,52.50588],[13.33859,52.50591],[13.33861,52.50592],[13.33863,52.50592],[13.33864,52.50592],[13.33879,52.50562],[13.33885,52.5055],[13.33889,52.50543],[13.33892,52.50535],[13.33897,52.50527],[13.33899,52.50523],[13.33907,52.50507],[13.33911,52.50508],[13.33915,52.50509],[13.33919,52.5051],[13.33923,52.50511],[13.33929,52.50512],[13.33935,52.50513],[13.33941,52.50513],[13.33947,52.50514],[13.33953,52.50515],[13.33959,52.50515],[13.33965,52.50515],[13.33971,52.50516],[13.33977,52.50516],[13.33983,52.50516],[13.33989,52.50516],[13.33995,52.50516],[13.34001,52.50515],[13.34007,52.50515],[13.34013,52.50514],[13.34019,52.50514],[13.34025,52.50513],[13.34031,52.50512],[13.34037,52.50511],[13.34043,52.5051],[13.34048,52.50509],[13.34054,52.50508],[13.3406,52.50507],[13.34072,52.50504],[13.34079,52.50502],[13.34142,52.50487],[13.34158,52.50483],[13.34172,52.5048],[13.34174,52.50479],[13.34239,52.50463],[13.3424,52.50463],[13.34248,52.50461],[13.34253,52.5046],[13.34254,52.5046],[13.34259,52.50459],[13.34303,52.50448],[13.34406,52.50423],[13.34457,52.50411],[13.34469,52.50408],[13.34482,52.50405],[13.34495,52.50403],[13.34507,52.504],[13.3452,52.50397],[13.34534,52.50395],[13.34547,52.50392],[13.3456,52.50389],[13.34611,52.5038],[13.3462,52.50378],[13.3463,52.50376],[13.34639,52.50375],[13.34646,52.50373],[13.3466,52.5037],[13.34669,52.50368],[13.34678,52.50366],[13.34687,52.50364],[13.34701,52.50361],[13.34715,52.50358],[13.34815,52.50333],[13.34861,52.50322],[13.34872,52.5032],[13.34881,52.50317],[13.34923,52.50307],[13.34934,52.50305],[13.34955,52.503],[13.34956,52.50299],[13.34984,52.50293],[13.34986,52.50292],[13.35003,52.50288],[13.35006,52.50287],[13.3502,52.50284],[13.35095,52.50266],[13.35133,52.50257],[13.35139,52.50255],[13.35158,52.50251],[13.35189,52.50243],[13.35226,52.50234],[13.35266,52.50225],[13.35267,52.50224],[13.3527,52.50224],[13.35284,52.5022],[13.35293,52.50218],[13.35297,52.50217],[13.35303,52.50216],[13.35309,52.50214],[13.35313,52.50213],[13.35323,52.50211],[13.35327,52.5021],[13.35343,52.50206],[13.35344,52.50206],[13.35366,52.502],[13.3537,52.502],[13.35379,52.50197],[13.35418,52.50188],[13.3542,52.50191],[13.35441,52.50186],[13.35476,52.50177],[13.35514,52.50168],[13.3553,52.50164],[13.35533,52.50164],[13.35532,52.50162],[13.35531,52.5016],[13.35547,52.50157],[13.35603,52.50143],[13.35624,52.50138],[13.35634,52.50135],[13.35655,52.5013],[13.35657,52.50133],[13.35714,52.5012],[13.35716,52.50119],[13.35752,52.5011],[13.35753,52.5011],[13.35754,52.5011],[13.35754,52.50109],[13.35757,52.50108],[13.3576,52.50108],[13.35764,52.50106],[13.35778,52.50102],[13.35782,52.50101],[13.35784,52.50101],[13.35787,52.501],[13.35791,52.50099],[13.35793,52.50098],[13.35806,52.50094],[13.3581,52.50093],[13.35857,52.5008],[13.35866,52.50077],[13.35898,52.50068],[13.35901,52.50067],[13.35907,52.50066],[13.35929,52.50059],[13.35932,52.50058],[13.35955,52.50052],[13.3598,52.50045],[13.36001,52.50039],[13.36037,52.50028],[13.36082,52.50015],[13.36102,52.5001],[13.36138,52.49999],[13.36144,52.49998],[13.36184,52.49986],[13.36185,52.49986],[13.36208,52.49979],[13.3622,52.49976],[13.36221,52.49976],[13.36235,52.49972],[13.36236,52.49971],[13.36254,52.49966],[13.36304,52.49956],[13.36317,52.49955],[13.36321,52.49954],[13.36333,52.49952],[13.3634,52.49951],[13.36351,52.4995],[13.36355,52.49949],[13.36365,52.49948],[13.36366,52.49948],[13.3637,52.49947],[13.36371,52.49947],[13.36378,52.49946],[13.36387,52.49945],[13.36395,52.49944],[13.36403,52.49943],[13.36404,52.49943],[13.36408,52.49942],[13.36409,52.49942],[13.36439,52.49938],[13.3644,52.49938],[13.36472,52.49933],[13.36483,52.49932],[13.36497,52.4993],[13.36508,52.49929],[13.36524,52.49926],[13.36527,52.49926],[13.36528,52.49926],[13.36529,52.49926],[13.36532,52.49925],[13.36548,52.49923],[13.36559,52.49922],[13.36562,52.49921],[13.36569,52.4992],[13.3659,52.49917],[13.36596,52.49917],[13.36599,52.49916],[13.36631,52.49912],[13.36658,52.49908],[13.36696,52.49903],[13.36703,52.49902],[13.36712,52.49901],[13.36718,52.499],[13.36726,52.49899],[13.3673,52.49898],[13.36733,52.49898],[13.36734,52.49898],[13.36738,52.49897],[13.36755,52.49895],[13.36762,52.49894],[13.36769,52.49893],[13.36777,52.49892],[13.36778,52.49892],[13.36781,52.49892],[13.36799,52.49889],[13.36808,52.49888],[13.36812,52.49887],[13.36856,52.49881],[13.36862,52.4988],[13.36876,52.49879],[13.36879,52.49878],[13.36898,52.49876],[13.36927,52.49872],[13.36932,52.49871],[13.36936,52.49874],[13.36939,52.49876],[13.36953,52.49887],[13.37016,52.49936],[13.37036,52.49951],[13.37036,52.49952],[13.37036,52.49953],[13.37039,52.49956],[13.37051,52.49965],[13.37056,52.49968],[13.37059,52.49969],[13.37067,52.49975],[13.37078,52.49983],[13.3708,52.49985],[13.37081,52.49986],[13.37082,52.49987],[13.37084,52.49988],[13.37085,52.4999],[13.37085,52.49991],[13.37086,52.49992],[13.37087,52.49993],[13.37088,52.49995],[13.37088,52.49996],[13.37089,52.49997],[13.37089,52.49998],[13.37089,52.49999],[13.3709,52.5],[13.37092,52.50007],[13.3711,52.50068],[13.37119,52.50098],[13.37125,52.50117],[13.37132,52.50141],[13.37135,52.5015],[13.37136,52.50152],[13.37137,52.50155],[13.37138,52.50157],[13.37139,52.50159],[13.3714,52.5016],[13.37141,52.50162],[13.37142,52.50163],[13.37143,52.50164],[13.37144,52.50164],[13.37147,52.50168],[13.37155,52.50177],[13.3716,52.50182],[13.37219,52.50245],[13.37258,52.50288],[13.37283,52.50315],[13.37291,52.50324],[13.37303,52.50336],[13.3731,52.50346],[13.37326,52.50368],[13.37329,52.50372],[13.37331,52.50375],[13.37338,52.50385],[13.37344,52.50394],[13.37346,52.50396],[13.37347,52.50397],[13.3735,52.50402],[13.37352,52.50404],[13.37357,52.50411],[13.37358,52.50413],[13.37361,52.50416],[13.37372,52.50405],[13.37379,52.50397],[13.37387,52.50387],[13.37388,52.50387],[13.37388,52.50388],[13.37393,52.50381],[13.37398,52.50377],[13.37402,52.50373],[13.37411,52.50362],[13.37413,52.5036],[13.37423,52.50351],[13.37425,52.50349],[13.37432,52.50344],[13.37432,52.50345],[13.37437,52.50341],[13.3744,52.50339],[13.37442,52.50338],[13.37453,52.50332],[13.37452,52.50332],[13.37454,52.50331],[13.37455,52.50331],[13.3746,52.50328],[13.37462,52.50327],[13.37463,52.50326],[13.37468,52.50323],[13.37475,52.50324],[13.37486,52.50331],[13.3749,52.50333],[13.37498,52.50338],[13.37536,52.50403],[13.37545,52.50419],[13.37548,52.50424],[13.37548,52.50425],[13.37549,52.50426],[13.37551,52.50429],[13.37555,52.50437],[13.37558,52.50442],[13.37559,52.50443],[13.37562,52.50449],[13.37569,52.50461],[13.3757,52.50462],[13.37582,52.50482],[13.37584,52.50486],[13.37584,52.50487],[13.37593,52.50502],[13.37598,52.5051],[13.37599,52.50512],[13.37605,52.50522],[13.37606,52.50524],[13.3761,52.5053],[13.37611,52.50532],[13.37616,52.50541],[13.37617,52.50543],[13.37623,52.50552],[13.37634,52.50572],[13.37638,52.50578],[13.37661,52.50619],[13.37663,52.50622],[13.37664,52.50624],[13.37669,52.50631],[13.37679,52.5065],[13.37686,52.50662],[13.3769,52.50668],[13.37692,52.50671],[13.37693,52.50674],[13.37694,52.50675],[13.37701,52.50687],[13.37725,52.50729],[13.37732,52.50741],[13.37736,52.50747],[13.37738,52.5075],[13.37739,52.50753],[13.3774,52.50754],[13.37747,52.50766],[13.37758,52.50784],[13.37762,52.50792],[13.37765,52.50797],[13.37785,52.50781],[13.37807,52.50763],[13.37839,52.50737],[13.37861,52.50719],[13.37881,52.50703],[13.37894,52.50693],[13.37905,52.50693],[13.37919,52.50694],[13.37944,52.50695],[13.38239,52.50712],[13.38249,52.50713],[13.38251,52.50713],[13.38428,52.50724],[13.38542,52.50731],[13.38576,52.50733],[13.38581,52.50733],[13.38696,52.5074],[13.3871,52.50741],[13.38792,52.50745],[13.38814,52.50747],[13.38831,52.50748],[13.38849,52.50749],[13.38897,52.50751],[13.38936,52.50754],[13.38982,52.50756],[13.39021,52.50759],[13.3903,52.50759],[13.3904,52.5076],[13.39049,52.5076],[13.3905,52.5076],[13.39089,52.50763],[13.39173,52.50767],[13.39179,52.50768],[13.39212,52.5077],[13.39245,52.50772],[13.39281,52.50774],[13.39325,52.50777],[13.3937,52.5078],[13.39406,52.50782],[13.39438,52.50784],[13.3945,52.50784],[13.39705,52.508],[13.39736,52.50802],[13.39855,52.5081],[13.39877,52.50811],[13.3988,52.50809],[13.3992,52.50808],[13.39923,52.50808],[13.39935,52.50823],[13.39946,52.50838],[13.39947,52.5084],[13.3996,52.50857],[13.39969,52.5087],[13.39977,52.50881],[13.4,52.50911],[13.40019,52.50938],[13.40023,52.50938],[13.40067,52.50922],[13.40091,52.50914],[13.40126,52.50904],[13.40141,52.50898],[13.40155,52.50893],[13.4021,52.50873],[13.40218,52.50871],[13.40246,52.50862],[13.40275,52.50854],[13.40301,52.50843],[13.40303,52.50842],[13.40321,52.50835],[13.40349,52.50823],[13.40363,52.50818],[13.40382,52.50809],[13.40386,52.50807],[13.40391,52.50805],[13.40403,52.50799],[13.4043,52.50786],[13.40443,52.50777],[13.40458,52.50789],[13.40463,52.50792],[13.40516,52.50815],[13.40521,52.50818],[13.40528,52.50821],[13.4053,52.5082],[13.40534,52.50817],[13.40537,52.50815],[13.40547,52.50807],[13.40578,52.50784],[13.4059,52.50776],[13.40612,52.50759],[13.40641,52.50738],[13.4066,52.50723],[13.40708,52.50686],[13.40715,52.50681],[13.40721,52.50676],[13.40736,52.50665],[13.40739,52.50666],[13.40784,52.50632],[13.40784,52.50631],[13.40788,52.50628],[13.40798,52.50621],[13.40803,52.50618],[13.40805,52.50619],[13.4081,52.50621],[13.40812,52.50622],[13.40813,52.50622],[13.40816,52.50623],[13.40899,52.50655],[13.40923,52.50664],[13.40945,52.50673],[13.40997,52.50693],[13.41016,52.50668],[13.41017,52.50667],[13.41019,52.50664],[13.41034,52.50644],[13.41076,52.50589],[13.41089,52.50572],[13.41091,52.50569],[13.41098,52.5056],[13.4114,52.50506],[13.41141,52.50504],[13.41152,52.50489],[13.41158,52.50487],[13.41172,52.50482],[13.41181,52.50479],[13.41249,52.50456],[13.41259,52.50453],[13.41262,52.50452],[13.41273,52.50449],[13.41288,52.50444],[13.41291,52.50443],[13.41292,52.50442],[13.41298,52.5044],[13.41302,52.50439],[13.41311,52.50436],[13.41326,52.50431],[13.41329,52.5043],[13.4133,52.5043],[13.41336,52.50428],[13.41353,52.50422],[13.41377,52.50414],[13.41407,52.50404],[13.4142,52.50419],[13.41432,52.50434],[13.41441,52.50444],[13.41446,52.5045],[13.41448,52.50452],[13.41452,52.50458],[13.41461,52.50468],[13.41459,52.50479],[13.41463,52.50481],[13.41474,52.50485],[13.41491,52.50492],[13.41494,52.50491],[13.41504,52.50488],[13.41514,52.50485],[13.41549,52.50475],[13.41555,52.50474],[13.4158,52.50467],[13.41585,52.50466],[13.41621,52.50456],[13.41626,52.50454],[13.41627,52.50454],[13.41632,52.50453],[13.41636,52.50451],[13.41641,52.5045],[13.41642,52.5045],[13.41645,52.50449],[13.41651,52.50447],[13.41667,52.50443],[13.41669,52.50442],[13.41679,52.5044],[13.41708,52.50432],[13.41731,52.50425],[13.4176,52.50417],[13.41774,52.50436],[13.41781,52.50446],[13.4179,52.50458],[13.41801,52.50473],[13.4181,52.50485],[13.41821,52.50502],[13.41824,52.50501],[13.41827,52.50501],[13.4183,52.50501],[13.41832,52.505],[13.41833,52.505],[13.41835,52.505],[13.41837,52.505],[13.41838,52.505],[13.4184,52.50499],[13.41841,52.50499],[13.41843,52.50499],[13.41844,52.50499],[13.41846,52.50499],[13.41849,52.50499],[13.41852,52.50499],[13.41853,52.50497],[13.41874,52.50501],[13.41894,52.50506],[13.41892,52.50508],[13.41894,52.50509],[13.41896,52.5051],[13.41897,52.50511],[13.41899,52.50512],[13.41901,52.50513],[13.41902,52.50514],[13.41903,52.50515],[13.41905,52.50516],[13.41907,52.50517],[13.41908,52.50518],[13.4191,52.5052],[13.41911,52.50521],[13.41912,52.50522],[13.41913,52.50523],[13.41914,52.50524],[13.41921,52.50534],[13.4193,52.50547],[13.41943,52.50565],[13.41953,52.50562],[13.41967,52.50559],[13.41985,52.50553],[13.42001,52.50549],[13.42032,52.5054],[13.42054,52.50534],[13.4209,52.50524],[13.42113,52.50518],[13.42123,52.50515],[13.42139,52.50512],[13.42154,52.50508],[13.42181,52.50504],[13.4221,52.50503],[13.4222,52.50502],[13.42231,52.50501],[13.42242,52.505],[13.42253,52.50499],[13.42264,52.50499],[13.42275,52.50498],[13.42286,52.50498],[13.42297,52.50498],[13.42308,52.50498],[13.42319,52.50498],[13.4233,52.50499],[13.42341,52.50499],[13.42352,52.50499],[13.42362,52.505],[13.42373,52.50501],[13.42384,52.50502],[13.42395,52.50503],[13.42406,52.50504],[13.42417,52.50505],[13.42435,52.50507],[13.42443,52.50509],[13.42468,52.50513],[13.42481,52.50515],[13.42495,52.50518],[13.42514,52.50523],[13.42532,52.50527],[13.4255,52.50532],[13.42582,52.50542],[13.42671,52.5058],[13.42698,52.50573],[13.4272,52.50567],[13.42736,52.50589],[13.42744,52.50601],[13.42754,52.50615],[13.42762,52.50626],[13.42763,52.50628],[13.42774,52.50644],[13.42785,52.50659],[13.42795,52.50675],[13.42806,52.5069],[13.42827,52.50719],[13.42843,52.50742],[13.42878,52.50793],[13.42882,52.50798],[13.42903,52.50804],[13.4294,52.50857],[13.42924,52.50867],[13.42921,52.50873],[13.4292,52.50875],[13.42919,52.50878],[13.42919,52.50882],[13.42918,52.50883],[13.42917,52.50884],[13.42916,52.50885],[13.42915,52.50886],[13.42912,52.50887],[13.42914,52.50888],[13.42914,52.50889],[13.42913,52.5089],[13.42912,52.5089],[13.42902,52.50894],[13.42892,52.50897],[13.42891,52.50897],[13.4289,52.50897],[13.42889,52.50897],[13.42886,52.50898],[13.42867,52.50899],[13.42838,52.50907],[13.42837,52.50907],[13.42832,52.50911],[13.42833,52.50911],[13.42807,52.50929],[13.42619,52.5104],[13.42606,52.51047],[13.42602,52.5105],[13.42596,52.51053],[13.4258,52.51063],[13.42568,52.51069],[13.42568,52.5107],[13.42515,52.51101],[13.42514,52.51101],[13.42511,52.51103],[13.42487,52.51117],[13.42452,52.51137],[13.4244,52.51143],[13.42424,52.51151],[13.42419,52.51154],[13.42363,52.51182],[13.42364,52.51182],[13.42334,52.51199],[13.42318,52.51208],[13.42308,52.51213],[13.42305,52.51212],[13.42303,52.51212],[13.42278,52.51224],[13.42279,52.51225],[13.42302,52.51249],[13.42323,52.51272],[13.42324,52.51273],[13.42325,52.51274],[13.42328,52.51277],[13.42331,52.51281],[13.42334,52.51284],[13.42335,52.51285],[13.42336,52.51286],[13.42339,52.51289],[13.42342,52.51292],[13.42345,52.51296],[13.4237,52.51322],[13.42374,52.51326],[13.42382,52.51335],[13.42383,52.51335],[13.42383,52.51336],[13.42384,52.51337],[13.42401,52.51368],[13.42406,52.51374],[13.4241,52.51379],[13.42424,52.51395],[13.4243,52.51402],[13.42433,52.51406],[13.42439,52.51414],[13.42441,52.51416],[13.42486,52.51475],[13.42489,52.51479],[13.425,52.51494],[13.4251,52.51507],[13.4251,52.51508],[13.42514,52.51514],[13.4254,52.51559],[13.42553,52.51582],[13.42556,52.51587],[13.4256,52.51593],[13.42567,52.51607],[13.42568,52.51608],[13.42582,52.51634],[13.42582,52.51635],[13.42583,52.51636],[13.42587,52.51643],[13.42589,52.51647],[13.426,52.51667],[13.426,52.51668],[13.42602,52.5167],[13.42619,52.51699],[13.42625,52.5171],[13.42626,52.51711],[13.42627,52.51713],[13.42638,52.51734],[13.42639,52.51734],[13.4264,52.51736],[13.4264,52.51737],[13.42641,52.51738],[13.42646,52.51745],[13.42648,52.51748],[13.42653,52.51757],[13.4267,52.51787],[13.42673,52.51792],[13.42675,52.51796],[13.42651,52.51801],[13.42634,52.51805],[13.42633,52.51803],[13.42615,52.51807],[13.42619,52.51812],[13.42624,52.5182],[13.42631,52.51829],[13.42593,52.51839],[13.42619,52.51875],[13.42635,52.51897],[13.4264,52.51904],[13.42641,52.51905],[13.42645,52.5191],[13.42646,52.51912],[13.42648,52.51914],[13.42649,52.51916],[13.42653,52.51922],[13.42657,52.51927],[13.42659,52.5193],[13.42673,52.51949],[13.42688,52.5197],[13.42692,52.51974],[13.42735,52.51963],[13.42737,52.51962],[13.42739,52.51962],[13.42741,52.51962],[13.42743,52.51961],[13.42745,52.51961],[13.42746,52.51961],[13.42748,52.51961],[13.4275,52.51961],[13.4284,52.51959],[13.42842,52.51963],[13.42846,52.5197],[13.42891,52.52062],[13.42892,52.52064],[13.42893,52.52068],[13.42919,52.5212],[13.42918,52.52122],[13.4289,52.52135],[13.42884,52.52137],[13.42861,52.52147],[13.42857,52.52149],[13.42805,52.52171],[13.42801,52.52172],[13.428,52.52173],[13.42779,52.52182],[13.42762,52.52189],[13.42672,52.52228],[13.42593,52.52262],[13.42555,52.52279],[13.42575,52.52281],[13.42591,52.52283],[13.426,52.52293],[13.42613,52.52293],[13.42615,52.52293],[13.42636,52.52293],[13.42645,52.52294],[13.42652,52.52294],[13.42651,52.52306],[13.42651,52.52309],[13.42651,52.5231],[13.42651,52.52313],[13.42651,52.52314],[13.42651,52.52317],[13.4265,52.52329],[13.42646,52.52329],[13.42642,52.52329],[13.42638,52.5233],[13.42634,52.5233],[13.42625,52.52331],[13.42617,52.52331],[13.42609,52.52332],[13.42601,52.52333],[13.42598,52.52334],[13.42595,52.52334],[13.42591,52.52335],[13.42588,52.52335],[13.42584,52.52336],[13.42581,52.52337],[13.42577,52.52337],[13.42548,52.52345],[13.42543,52.52344],[13.42505,52.52355],[13.42478,52.52363],[13.42433,52.52377],[13.42425,52.5238],[13.42417,52.52382],[13.4241,52.52384],[13.42403,52.52387],[13.42396,52.5239],[13.42386,52.52393],[13.42377,52.52397],[13.4237,52.52399],[13.42366,52.52401],[13.42338,52.52412],[13.42163,52.52481],[13.42148,52.52487],[13.42135,52.52492],[13.42051,52.52524],[13.4205,52.52525],[13.42045,52.52527],[13.41975,52.52555],[13.41949,52.52566],[13.41931,52.52574],[13.41913,52.52581],[13.41896,52.52588],[13.41878,52.52596],[13.41861,52.52603],[13.41843,52.5261],[13.41825,52.52618],[13.41796,52.5263],[13.41729,52.52661],[13.41688,52.52678],[13.4169,52.5268],[13.4167,52.52688],[13.41668,52.52687],[13.41636,52.52702],[13.41622,52.52706],[13.41615,52.52708],[13.41595,52.52719],[13.41543,52.52746],[13.41521,52.52752],[13.41514,52.52754],[13.41486,52.52762],[13.41445,52.52774],[13.41439,52.52775],[13.41431,52.52778],[13.41423,52.5278],[13.41418,52.52781],[13.41357,52.52798],[13.41331,52.52806],[13.41324,52.52808],[13.4131,52.52812],[13.41288,52.52818],[13.41224,52.52836],[13.41218,52.52838],[13.41194,52.52844],[13.41186,52.52846],[13.41177,52.52849],[13.41169,52.52851],[13.41168,52.52852],[13.41162,52.52853],[13.41157,52.52855],[13.41153,52.52856],[13.41147,52.52857],[13.41142,52.52859],[13.4113,52.52862],[13.41126,52.52863],[13.41122,52.52864],[13.41107,52.52866],[13.41086,52.52869],[13.41082,52.5287],[13.41081,52.5287],[13.41009,52.52881],[13.40971,52.52889],[13.4094,52.52895],[13.40931,52.52897],[13.40927,52.52898],[13.40923,52.52899],[13.40908,52.52902],[13.40906,52.52903],[13.40901,52.52904],[13.409,52.52904],[13.40874,52.5291],[13.40839,52.52918],[13.40819,52.52923],[13.40816,52.52923],[13.40801,52.52926],[13.40769,52.52931],[13.40744,52.52935],[13.40741,52.52936],[13.40723,52.52939],[13.40721,52.52939],[13.40687,52.52945],[13.40677,52.52947],[13.40673,52.52947],[13.40663,52.52949],[13.40651,52.52951],[13.40648,52.52951],[13.40637,52.52953],[13.40618,52.52956],[13.40615,52.52957],[13.40613,52.52957],[13.4059,52.52961],[13.40562,52.52966],[13.40559,52.52967],[13.40559,52.52968],[13.4058,52.53012],[13.40592,52.53036],[13.40593,52.53038],[13.40606,52.53057],[13.40609,52.53061],[13.40602,52.53073],[13.40599,52.53078],[13.40605,52.53095],[13.40605,52.53097],[13.40609,52.53111],[13.4061,52.53114],[13.4061,52.53116],[13.40613,52.53127],[13.40614,52.53127],[13.40614,52.53129],[13.40616,52.53136],[13.4062,52.53149],[13.4062,52.53151],[13.40621,52.53152],[13.40621,52.53154],[13.40625,52.53168],[13.40627,52.53175],[13.40628,52.53177],[13.4063,52.53184],[13.40636,52.53207],[13.40637,52.53209],[13.40643,52.53235],[13.40644,52.53236],[13.40652,52.53245],[13.40654,52.53247],[13.40657,52.5325],[13.40669,52.53262],[13.4068,52.53274],[13.40691,52.53285],[13.40693,52.53288],[13.407,52.53295],[13.40702,52.53297],[13.40716,52.53311],[13.40718,52.53313],[13.4072,52.53316],[13.40734,52.5333],[13.40735,52.53332],[13.40748,52.53345],[13.4075,52.53347],[13.40758,52.53355],[13.40766,52.53364],[13.40768,52.53365],[13.40768,52.53366],[13.40778,52.53376],[13.40781,52.53379],[13.40818,52.53418],[13.40835,52.53435],[13.40812,52.53444],[13.4078,52.53456],[13.40768,52.53461],[13.40761,52.53464],[13.40757,52.53466],[13.40754,52.53467],[13.40749,52.53469],[13.40745,52.53476],[13.40736,52.53491],[13.40735,52.53494],[13.40732,52.53498],[13.4073,52.53503],[13.40729,52.53505],[13.40726,52.53509],[13.40719,52.53522],[13.40718,52.53524],[13.40713,52.53533],[13.40712,52.53535],[13.40711,52.53536],[13.40708,52.53541],[13.40708,52.53542],[13.40707,52.53544],[13.40706,52.53546],[13.40705,52.53547],[13.40698,52.5356],[13.40692,52.53571],[13.40678,52.53602],[13.40675,52.5361],[13.40671,52.53617],[13.40669,52.53621],[13.40659,52.53641],[13.40658,52.53644],[13.40655,52.5365],[13.40653,52.53652],[13.4065,52.53659],[13.40648,52.53662],[13.40647,52.53665],[13.40642,52.53674],[13.4064,52.53677],[13.4064,52.53678],[13.40634,52.5369],[13.40632,52.53693],[13.40626,52.53706],[13.40624,52.5371],[13.40618,52.53722],[13.40616,52.53726],[13.40614,52.53728],[13.40612,52.53734],[13.40609,52.53739],[13.40607,52.53743],[13.40603,52.53751],[13.40602,52.53753],[13.40595,52.53767],[13.40594,52.53769],[13.4059,52.53776],[13.40589,52.5378],[13.40581,52.53778],[13.40546,52.5385],[13.40552,52.53851],[13.40542,52.5387],[13.40542,52.53872],[13.40536,52.53871],[13.4053,52.53883],[13.40536,52.53884],[13.40518,52.53919],[13.40518,52.5392],[13.40513,52.53929],[13.40512,52.53931],[13.4051,52.53936],[13.40508,52.5394],[13.40507,52.53942],[13.40502,52.53952],[13.40499,52.53959],[13.40498,52.53961],[13.40495,52.53968],[13.40491,52.53975],[13.40491,52.53977],[13.40488,52.53982],[13.40487,52.53984],[13.40484,52.53991],[13.40483,52.53993],[13.4048,52.54],[13.4047,52.54019],[13.40419,52.5404],[13.40388,52.54031],[13.40367,52.54025],[13.40353,52.54021],[13.40349,52.54029],[13.40347,52.54033],[13.40344,52.54039],[13.40342,52.54043],[13.40338,52.54051],[13.40293,52.54038],[13.40277,52.54033],[13.40272,52.54032],[13.40203,52.54012],[13.40183,52.54045],[13.40182,52.54048],[13.40178,52.54053],[13.40175,52.54058],[13.40173,52.54062],[13.40171,52.54065],[13.40146,52.54105],[13.40099,52.54181],[13.40091,52.54196],[13.40051,52.54281],[13.40042,52.543],[13.40033,52.5432],[13.4003,52.54327],[13.40027,52.54332],[13.40025,52.54336],[13.40025,52.54338],[13.40021,52.54352],[13.40017,52.54368],[13.40013,52.54384],[13.40006,52.54413],[13.39999,52.5444],[13.39992,52.54465],[13.39989,52.54476],[13.39984,52.54496],[13.39982,52.54506],[13.39967,52.54546],[13.39965,52.54551],[13.39949,52.54588],[13.39931,52.5463],[13.39927,52.54638],[13.39921,52.54653],[13.39932,52.54653],[13.39936,52.54654],[13.39935,52.54656],[13.39937,52.54656],[13.4003,52.54665],[13.4003,52.54666],[13.40026,52.54674],[13.39995,52.54746],[13.3999,52.54756],[13.39986,52.54764],[13.39964,52.54816],[13.39963,52.54816],[13.39962,52.5482],[13.39955,52.54836],[13.39954,52.54838],[13.39938,52.54874],[13.39937,52.54876],[13.39936,52.54878],[13.39932,52.54887],[13.39929,52.54895],[13.39923,52.54907],[13.39923,52.5491],[13.3992,52.54921],[13.3992,52.54925],[13.39919,52.54929],[13.39918,52.54933],[13.39917,52.54936],[13.39917,52.5494],[13.39916,52.54943],[13.39915,52.54948],[13.39914,52.54954],[13.39898,52.55045],[13.39894,52.55063],[13.3989,52.55088],[13.3989,52.55089],[13.39876,52.55087],[13.39862,52.55086],[13.39841,52.55084],[13.3981,52.55081],[13.39775,52.55078],[13.39729,52.55074],[13.39721,52.55074],[13.39685,52.5507],[13.39688,52.55073],[13.39702,52.55084],[13.39708,52.55089],[13.39719,52.55097],[13.39722,52.55101],[13.39729,52.55106],[13.39736,52.55112],[13.39745,52.55122],[13.39754,52.55131],[13.39763,52.55142],[13.39772,52.5516],[13.39778,52.55171],[13.3978,52.55176],[13.39781,52.55177],[13.3979,52.55198],[13.39798,52.5522],[13.39802,52.55238],[13.39806,52.5526],[13.39807,52.55275],[13.39807,52.55278],[13.39807,52.55281],[13.39798,52.55323],[13.39783,52.55376],[13.39772,52.55411],[13.39764,52.55441],[13.39761,52.55457],[13.3976,52.55461],[13.39758,52.55467],[13.39757,52.55472],[13.39757,52.55473],[13.39757,52.55474],[13.39756,52.55475],[13.39756,52.55478],[13.39755,52.5548],[13.39753,52.55486],[13.3975,52.55497],[13.39742,52.55522],[13.39731,52.55566],[13.39718,52.55634],[13.39718,52.55679],[13.39716,52.55722],[13.39716,52.55724],[13.39715,52.55738],[13.39714,52.55789],[13.39717,52.55789],[13.3971,52.55827],[13.39709,52.55829],[13.39704,52.55838],[13.39703,52.55839],[13.39703,52.5584],[13.39701,52.55844],[13.39696,52.55881],[13.39678,52.55943],[13.39669,52.55984],[13.39667,52.55992],[13.39664,52.56002],[13.39664,52.56005],[13.39654,52.56043],[13.3964,52.56086],[13.39632,52.56108],[13.39622,52.56129],[13.3961,52.56148],[13.39591,52.56182],[13.39523,52.56258],[13.39521,52.56261],[13.39503,52.56281],[13.3949,52.56295],[13.39488,52.56297],[13.39477,52.5631],[13.39463,52.56325],[13.39452,52.56335],[13.39451,52.56337],[13.39449,52.56339],[13.39439,52.56349],[13.39436,52.56352],[13.3942,52.56366],[13.39404,52.56381],[13.39388,52.56395],[13.39373,52.56409],[13.39366,52.56413],[13.39364,52.56415],[13.39353,52.56423],[13.39338,52.56434],[13.39333,52.56437],[13.39339,52.5644],[13.39337,52.56442],[13.39333,52.56445],[13.39319,52.56456],[13.39312,52.5646],[13.39286,52.56476],[13.39159,52.56548],[13.39134,52.56562],[13.39107,52.56565],[13.39103,52.56562],[13.39071,52.5658],[13.39072,52.5658],[13.39074,52.56582],[13.39063,52.56602],[13.39039,52.56616],[13.38918,52.56685],[13.38892,52.567],[13.38895,52.56707],[13.38893,52.56708],[13.38883,52.56714],[13.38879,52.56715],[13.38902,52.5673],[13.38905,52.56733],[13.38906,52.56738],[13.38902,52.56741],[13.38866,52.56766],[13.3886,52.56764],[13.38852,52.56761],[13.38851,52.56761],[13.38845,52.56764],[13.38842,52.56766],[13.3884,52.56767],[13.38837,52.56765],[13.38836,52.56764],[13.38822,52.56755],[13.38821,52.56754],[13.38818,52.56752],[13.38816,52.56751]]]]}},{"type":"Feature","properties":{"name":"Neukölln"},"geometry":{"type":"MultiPolygon","coordinates":[[[[13.45316,52.48575],[13.45303,52.48582],[13.453,52.48583],[13.45294,52.48586],[13.45289,52.48589],[13.45286,52.4859],[13.45273,52.48597],[13.45243,52.48612],[13.45213,52.48628],[13.452,52.48635],[13.45197,52.48636],[13.45193,52.48638],[13.45172,52.48649],[13.45162,52.48654],[13.45152,52.4866],[13.45125,52.48674],[13.45103,52.48684],[13.45044,52.48715],[13.45033,52.48709],[13.44942,52.48762],[13.44884,52.48796],[13.44873,52.48803],[13.44866,52.48798],[13.44854,52.48805],[13.44759,52.48853],[13.44701,52.48883],[13.44676,52.48896],[13.4465,52.48878],[13.44523,52.48797],[13.44474,52.48765],[13.44444,52.48746],[13.44423,52.48757],[13.44311,52.48814],[13.44289,52.48825],[13.44284,52.48828],[13.44274,52.48833],[13.44271,52.48834],[13.44268,52.48836],[13.44254,52.48843],[13.44251,52.48845],[13.44248,52.48846],[13.44242,52.48849],[13.44238,52.48852],[13.44234,52.48853],[13.44233,52.48854],[13.44212,52.48865],[13.44209,52.48866],[13.44205,52.48868],[13.44198,52.48872],[13.44156,52.48893],[13.44124,52.4891],[13.44104,52.4892],[13.44083,52.48931],[13.44063,52.48941],[13.44061,52.48942],[13.44041,52.48952],[13.44023,52.48961],[13.44015,52.48965],[13.43997,52.48975],[13.43972,52.48988],[13.43966,52.48991],[13.43964,52.48983],[13.43963,52.48969],[13.43962,52.48969],[13.43963,52.48966],[13.43962,52.48966],[13.43927,52.48961],[13.43926,52.48961],[13.43925,52.48964],[13.43923,52.48964],[13.43923,52.48966],[13.43827,52.49038],[13.43721,52.49071],[13.43718,52.49072],[13.43698,52.49078],[13.43548,52.49126],[13.43543,52.49128],[13.43518,52.49136],[13.43512,52.49138],[13.43366,52.49184],[13.43157,52.49251],[13.4304,52.49288],[13.42951,52.49317],[13.42909,52.4933],[13.42846,52.49351],[13.42844,52.49352],[13.42841,52.49353],[13.42824,52.49358],[13.42819,52.4936],[13.42818,52.4936],[13.42575,52.49439],[13.42522,52.49456],[13.42494,52.49466],[13.42286,52.49533],[13.42283,52.49534],[13.42275,52.49537],[13.42262,52.49541],[13.42249,52.49545],[13.42235,52.49549],[13.42222,52.49552],[13.42221,52.49552],[13.42208,52.49556],[13.42195,52.49559],[13.42181,52.49562],[13.42167,52.49566],[13.42153,52.49569],[13.42139,52.49571],[13.42125,52.49574],[13.42111,52.49577],[13.42097,52.49579],[13.42089,52.4958],[13.4207,52.49583],[13.42049,52.49586],[13.42049,52.49585],[13.42048,52.49585],[13.4204,52.49586],[13.42046,52.49579],[13.42079,52.49548],[13.42098,52.49517],[13.42105,52.49506],[13.42114,52.49491],[13.42125,52.49473],[13.42135,52.49458],[13.42142,52.49446],[13.42149,52.49435],[13.42159,52.4942],[13.4217,52.49404],[13.42171,52.49402],[13.4218,52.49386],[13.42189,52.49373],[13.42198,52.49358],[13.42216,52.4933],[13.4223,52.49308],[13.4224,52.49292],[13.42252,52.49273],[13.42257,52.49265],[13.42258,52.49263],[13.42263,52.49255],[13.42278,52.49231],[13.4228,52.49227],[13.42292,52.49208],[13.42295,52.49204],[13.42311,52.49178],[13.42324,52.49157],[13.42338,52.49136],[13.42348,52.49118],[13.42359,52.49102],[13.4237,52.49084],[13.42376,52.49074],[13.42383,52.49063],[13.42398,52.49039],[13.42405,52.49028],[13.4242,52.49004],[13.4243,52.48988],[13.42443,52.48967],[13.42458,52.48942],[13.42467,52.48927],[13.42469,52.48924],[13.42478,52.4891],[13.42488,52.48894],[13.42487,52.48894],[13.42487,52.48893],[13.42486,52.48893],[13.42487,52.48891],[13.42487,52.4889],[13.42488,52.4889],[13.42489,52.4889],[13.4249,52.4889],[13.42496,52.48881],[13.42496,52.48878],[13.42497,52.48878],[13.42498,52.48878],[13.42508,52.48862],[13.42518,52.48845],[13.42529,52.48829],[13.42541,52.48809],[13.42494,52.48778],[13.42458,52.48735],[13.42402,52.48668],[13.42398,52.48664],[13.42377,52.48644],[13.42373,52.4864],[13.42368,52.48636],[13.42337,52.48645],[13.42333,52.48646],[13.42305,52.48654],[13.42302,52.48655],[13.42273,52.48664],[13.4213,52.48705],[13.42108,52.48711],[13.42084,52.48717],[13.42036,52.48723],[13.41991,52.48729],[13.41851,52.48747],[13.41844,52.48748],[13.41793,52.48755],[13.41757,52.4876],[13.41721,52.48764],[13.41694,52.48768],[13.41668,52.48771],[13.41632,52.48776],[13.41604,52.4878],[13.41576,52.48783],[13.4155,52.48787],[13.41374,52.4881],[13.41359,52.48812],[13.41321,52.48817],[13.4126,52.48825],[13.41192,52.48833],[13.41157,52.48838],[13.41121,52.48843],[13.41085,52.48847],[13.41062,52.4885],[13.4104,52.48853],[13.41004,52.48858],[13.40968,52.48863],[13.40946,52.48866],[13.40918,52.48869],[13.40889,52.48873],[13.40861,52.48877],[13.40789,52.48886],[13.40772,52.48875],[13.40784,52.48849],[13.40791,52.48848],[13.40797,52.48833],[13.40798,52.48831],[13.40825,52.48773],[13.4085,52.4872],[13.40853,52.48714],[13.408,52.48665],[13.40795,52.4866],[13.40746,52.48615],[13.40719,52.4859],[13.40711,52.48582],[13.40704,52.48574],[13.40698,52.48566],[13.40692,52.48558],[13.40689,52.48553],[13.40686,52.48548],[13.40682,52.48539],[13.40679,52.4853],[13.40677,52.48522],[13.40675,52.48513],[13.40672,52.48491],[13.4067,52.4848],[13.40665,52.48449],[13.40642,52.48293],[13.4064,52.48277],[13.40635,52.48247],[13.40628,52.48198],[13.40625,52.48198],[13.4062,52.4816],[13.40619,52.48151],[13.40615,52.48123],[13.40606,52.48099],[13.40611,52.48077],[13.40624,52.48016],[13.4068,52.47886],[13.40675,52.47868],[13.40666,52.47835],[13.40662,52.47823],[13.40667,52.47822],[13.40671,52.47821],[13.40674,52.4782],[13.40678,52.47819],[13.40682,52.47819],[13.40685,52.47818],[13.40689,52.47817],[13.40744,52.47811],[13.41077,52.47774],[13.41088,52.47772],[13.41094,52.4779],[13.41122,52.47799],[13.41319,52.47861],[13.41349,52.47871],[13.41359,52.47834],[13.41404,52.47668],[13.41412,52.47638],[13.41467,52.47437],[13.41482,52.47383],[13.41542,52.47163],[13.41544,52.47157],[13.41556,52.4711],[13.4156,52.47099],[13.41578,52.47031],[13.41604,52.46915],[13.41656,52.46683],[13.41671,52.46617],[13.41675,52.46599],[13.41677,52.46591],[13.41677,52.46589],[13.41683,52.4656],[13.41686,52.46547],[13.41687,52.46544],[13.41688,52.4654],[13.41733,52.46544],[13.41743,52.46545],[13.4179,52.46549],[13.41797,52.4655],[13.41814,52.46551],[13.4186,52.46555],[13.419,52.46559],[13.41935,52.46563],[13.4196,52.46565],[13.4197,52.46566],[13.42004,52.46569],[13.4204,52.46573],[13.42074,52.46576],[13.42095,52.46578],[13.42103,52.46579],[13.42121,52.46581],[13.42127,52.46581],[13.42138,52.46582],[13.42151,52.46584],[13.42154,52.46584],[13.42155,52.46576],[13.42162,52.4653],[13.42162,52.46514],[13.42165,52.46467],[13.42169,52.4639],[13.42171,52.4635],[13.4219,52.46287],[13.4221,52.46272],[13.42214,52.46251],[13.42213,52.46246],[13.42212,52.46239],[13.4221,52.46223],[13.42205,52.46189],[13.42205,52.46182],[13.42203,52.46161],[13.42197,52.46152],[13.42301,52.46132],[13.42302,52.46127],[13.42311,52.46091],[13.42317,52.46068],[13.42323,52.4604],[13.42281,52.46046],[13.42143,52.46066],[13.42133,52.46051],[13.42114,52.46021],[13.42079,52.45966],[13.42076,52.45961],[13.42061,52.45937],[13.42077,52.45931],[13.42153,52.45903],[13.42207,52.45883],[13.42264,52.45863],[13.42275,52.45859],[13.42288,52.45854],[13.42388,52.45818],[13.42414,52.45808],[13.42437,52.458],[13.4245,52.45795],[13.42462,52.4579],[13.4247,52.45785],[13.42476,52.45783],[13.42487,52.45777],[13.42498,52.4577],[13.42657,52.4567],[13.42566,52.45663],[13.42536,52.45661],[13.42495,52.4566],[13.42426,52.45661],[13.42353,52.45661],[13.42283,52.45665],[13.42211,52.45666],[13.42139,52.45671],[13.4212,52.45675],[13.42117,52.45672],[13.42114,52.45669],[13.42112,52.45667],[13.42109,52.45664],[13.42104,52.45658],[13.42088,52.45642],[13.42085,52.45638],[13.42077,52.4563],[13.42076,52.45629],[13.42073,52.45624],[13.42071,52.45622],[13.42051,52.45592],[13.42043,52.4558],[13.42034,52.45567],[13.4202,52.45548],[13.41987,52.455],[13.41976,52.45483],[13.41971,52.45476],[13.41966,52.45468],[13.41957,52.45457],[13.41932,52.45424],[13.41897,52.45384],[13.41885,52.4537],[13.41882,52.45366],[13.41878,52.45362],[13.41876,52.45359],[13.41836,52.45308],[13.41828,52.45297],[13.41768,52.4522],[13.41684,52.45224],[13.41655,52.4517],[13.41643,52.45149],[13.41639,52.45141],[13.41608,52.45083],[13.41595,52.45017],[13.41573,52.44927],[13.4151,52.44848],[13.415,52.44807],[13.41477,52.44701],[13.41458,52.44674],[13.41444,52.44656],[13.41417,52.44619],[13.41403,52.44601],[13.41399,52.44595],[13.41398,52.44593],[13.41395,52.44586],[13.41393,52.4458],[13.41389,52.44571],[13.41384,52.4456],[13.41378,52.44545],[13.41372,52.44531],[13.41367,52.44518],[13.41357,52.44495],[13.41346,52.44467],[13.41343,52.44461],[13.41342,52.44458],[13.41341,52.44455],[13.4134,52.44454],[13.4134,52.44453],[13.41332,52.44434],[13.41332,52.44433],[13.41325,52.44417],[13.4132,52.44404],[13.41319,52.44402],[13.41315,52.44392],[13.41312,52.44386],[13.4131,52.4438],[13.41309,52.44378],[13.41307,52.44373],[13.41304,52.44366],[13.41301,52.44358],[13.41297,52.44349],[13.41294,52.44341],[13.41294,52.4434],[13.41289,52.44329],[13.41284,52.44317],[13.4128,52.44305],[13.41279,52.44304],[13.41273,52.4429],[13.41267,52.44274],[13.41253,52.44241],[13.41249,52.4423],[13.41247,52.44225],[13.4124,52.4421],[13.41238,52.44203],[13.41235,52.44195],[13.4123,52.44183],[13.41226,52.44173],[13.41223,52.44165],[13.4122,52.44158],[13.41217,52.44149],[13.41215,52.44144],[13.4121,52.44132],[13.41209,52.4413],[13.41203,52.44114],[13.41202,52.44111],[13.41194,52.44089],[13.41193,52.44088],[13.41176,52.44044],[13.41169,52.44025],[13.41167,52.4402],[13.41164,52.44011],[13.41161,52.44005],[13.41157,52.43992],[13.41154,52.43986],[13.41147,52.43967],[13.41141,52.43952],[13.41138,52.43945],[13.41137,52.43941],[13.41133,52.43932],[13.41126,52.43912],[13.41124,52.43907],[13.41122,52.43902],[13.41117,52.43889],[13.41097,52.43843],[13.41093,52.43834],[13.41091,52.43828],[13.41089,52.43824],[13.41086,52.43817],[13.41084,52.43813],[13.41083,52.4381],[13.41082,52.43807],[13.41077,52.43796],[13.41075,52.43791],[13.41071,52.4378],[13.41069,52.43776],[13.41064,52.43763],[13.41063,52.43761],[13.41057,52.43746],[13.41057,52.43745],[13.41056,52.43743],[13.41053,52.43731],[13.41052,52.4373],[13.41048,52.43716],[13.41044,52.43702],[13.41044,52.43701],[13.41044,52.43696],[13.41043,52.43685],[13.41043,52.43678],[13.41042,52.4367],[13.41042,52.43663],[13.41041,52.43655],[13.4104,52.43647],[13.4104,52.43637],[13.41039,52.43632],[13.41039,52.43623],[13.41038,52.43616],[13.41038,52.43614],[13.41034,52.43608],[13.41031,52.43602],[13.41024,52.4359],[13.41023,52.43589],[13.41018,52.4358],[13.41015,52.43575],[13.41013,52.43572],[13.41007,52.43562],[13.41006,52.4356],[13.40997,52.43546],[13.40988,52.43531],[13.40983,52.43522],[13.4098,52.43517],[13.40971,52.43503],[13.40969,52.435],[13.40962,52.43489],[13.40952,52.43475],[13.40942,52.4346],[13.40933,52.43446],[13.40928,52.43439],[13.40923,52.43432],[13.40916,52.43421],[13.40911,52.43406],[13.40908,52.43397],[13.40907,52.43393],[13.40902,52.43377],[13.40897,52.43352],[13.40897,52.43349],[13.40897,52.43348],[13.40891,52.43331],[13.40888,52.43323],[13.40887,52.43318],[13.40883,52.43311],[13.40861,52.43273],[13.40835,52.43236],[13.40829,52.43229],[13.40825,52.43223],[13.40803,52.43188],[13.40768,52.43133],[13.40738,52.4309],[13.40731,52.43079],[13.40702,52.43036],[13.40699,52.43032],[13.40687,52.43014],[13.40677,52.42989],[13.4067,52.42953],[13.40667,52.42933],[13.40657,52.42881],[13.40656,52.42876],[13.40656,52.42874],[13.40654,52.42864],[13.40643,52.42818],[13.40639,52.42802],[13.40634,52.42783],[13.40634,52.42781],[13.40624,52.42753],[13.40617,52.42734],[13.40612,52.42718],[13.40609,52.42711],[13.40604,52.42701],[13.40603,52.42699],[13.406,52.42693],[13.40598,52.42689],[13.40594,52.42681],[13.40587,52.42667],[13.40585,52.42664],[13.40576,52.42646],[13.40576,52.42645],[13.40567,52.42631],[13.40565,52.42627],[13.40564,52.42626],[13.40562,52.42622],[13.40558,52.42616],[13.40552,52.42607],[13.40541,52.42589],[13.40539,52.42586],[13.40537,52.42583],[13.40527,52.42568],[13.4052,52.42558],[13.40518,52.42555],[13.40517,52.42554],[13.40514,52.4255],[13.405,52.42532],[13.40496,52.42527],[13.40492,52.42521],[13.40487,52.42515],[13.40475,52.425],[13.40472,52.42495],[13.40469,52.42491],[13.40466,52.42487],[13.40464,52.42486],[13.40457,52.42476],[13.40453,52.42471],[13.4045,52.42467],[13.40444,52.42459],[13.40432,52.42445],[13.40416,52.42424],[13.40415,52.42422],[13.40405,52.4241],[13.40404,52.42407],[13.404,52.42402],[13.40397,52.42398],[13.40389,52.42387],[13.40385,52.42381],[13.4038,52.42375],[13.40373,52.42364],[13.40371,52.42361],[13.40365,52.42352],[13.40361,52.42348],[13.40351,52.42334],[13.40348,52.42331],[13.4034,52.42321],[13.40337,52.42317],[13.40328,52.42304],[13.40311,52.42283],[13.40303,52.42273],[13.40287,52.42252],[13.40286,52.42251],[13.40281,52.42244],[13.40276,52.42237],[13.40267,52.42225],[13.4026,52.42216],[13.40313,52.42209],[13.404,52.42197],[13.40547,52.42176],[13.40499,52.42047],[13.40482,52.42],[13.40432,52.41987],[13.40424,52.41985],[13.40296,52.41952],[13.40201,52.41927],[13.40012,52.41877],[13.39992,52.41853],[13.3995,52.41802],[13.40001,52.41711],[13.4001,52.41695],[13.40019,52.4168],[13.40025,52.41669],[13.40029,52.41661],[13.40032,52.41657],[13.40034,52.41653],[13.40037,52.41647],[13.40053,52.4162],[13.40054,52.41617],[13.40063,52.41601],[13.40074,52.41582],[13.40085,52.41564],[13.40095,52.41545],[13.40106,52.41526],[13.40116,52.41508],[13.40131,52.41481],[13.40134,52.41477],[13.40145,52.41458],[13.40154,52.41441],[13.40155,52.41439],[13.40161,52.41428],[13.40169,52.41415],[13.40179,52.41397],[13.4019,52.41377],[13.40201,52.41359],[13.4021,52.41342],[13.40218,52.41329],[13.4023,52.41307],[13.4025,52.41271],[13.40277,52.41275],[13.40315,52.41281],[13.40341,52.41285],[13.40367,52.41289],[13.40375,52.4129],[13.40391,52.41292],[13.40416,52.41296],[13.40421,52.41297],[13.40441,52.413],[13.40458,52.41302],[13.40465,52.41303],[13.40471,52.41304],[13.40505,52.41309],[13.40518,52.41311],[13.40557,52.41317],[13.40583,52.41321],[13.40586,52.41321],[13.406,52.41324],[13.40607,52.41324],[13.40613,52.41325],[13.4063,52.41327],[13.4064,52.41328],[13.40651,52.41329],[13.40667,52.41331],[13.40671,52.41331],[13.40692,52.41334],[13.40694,52.41334],[13.40702,52.41335],[13.40712,52.41336],[13.40724,52.41337],[13.40733,52.41338],[13.40749,52.41339],[13.40756,52.4134],[13.40776,52.41341],[13.40778,52.41341],[13.40804,52.41342],[13.40808,52.41342],[13.40831,52.41343],[13.40837,52.41344],[13.40847,52.41344],[13.40859,52.41344],[13.40864,52.41343],[13.40887,52.41343],[13.40893,52.41343],[13.40914,52.41342],[13.40923,52.41342],[13.40942,52.41341],[13.40952,52.41341],[13.40969,52.4134],[13.40978,52.4134],[13.40995,52.41339],[13.40997,52.41339],[13.41023,52.41336],[13.41058,52.41332],[13.41068,52.4133],[13.41078,52.41329],[13.41087,52.41327],[13.41088,52.41326],[13.41149,52.41314],[13.41185,52.41303],[13.41232,52.41288],[13.4129,52.4127],[13.41292,52.41269],[13.41301,52.41266],[13.41311,52.41264],[13.41364,52.41249],[13.4138,52.41244],[13.41427,52.41231],[13.41489,52.41207],[13.41493,52.41205],[13.41512,52.41198],[13.41559,52.41179],[13.4158,52.41171],[13.41598,52.41164],[13.41602,52.41162],[13.41614,52.41158],[13.41639,52.41148],[13.4166,52.4114],[13.41664,52.41138],[13.41675,52.41134],[13.4169,52.41128],[13.41714,52.41119],[13.41715,52.41118],[13.4174,52.41109],[13.41748,52.41106],[13.41771,52.41097],[13.41774,52.41096],[13.41794,52.41088],[13.41803,52.41085],[13.4181,52.41082],[13.41812,52.41081],[13.41816,52.4108],[13.41831,52.41076],[13.4184,52.41074],[13.41912,52.4106],[13.41943,52.41054],[13.41968,52.41049],[13.41958,52.41018],[13.42081,52.41036],[13.42102,52.4104],[13.42117,52.41043],[13.42147,52.41048],[13.42178,52.41053],[13.42312,52.41084],[13.4247,52.41125],[13.42556,52.41142],[13.42777,52.41186],[13.42795,52.41189],[13.4292,52.4121],[13.43033,52.41229],[13.43035,52.41225],[13.43193,52.41251],[13.43237,52.41265],[13.43337,52.41295],[13.43422,52.41321],[13.43536,52.41356],[13.4361,52.41375],[13.43663,52.41389],[13.43731,52.41407],[13.4384,52.41435],[13.43861,52.41441],[13.43867,52.41442],[13.43889,52.41445],[13.43891,52.41445],[13.4396,52.4146],[13.43985,52.41465],[13.43988,52.41466],[13.43999,52.41468],[13.44026,52.41474],[13.44061,52.41482],[13.44076,52.41486],[13.44084,52.41488],[13.44129,52.415],[13.44157,52.41507],[13.4416,52.41508],[13.44197,52.4152],[13.44252,52.41536],[13.44308,52.41553],[13.44324,52.41559],[13.4438,52.41575],[13.44399,52.41581],[13.44407,52.41583],[13.44566,52.41628],[13.44573,52.4163],[13.446,52.41638],[13.44706,52.41669],[13.44725,52.41679],[13.4474,52.41688],[13.44751,52.41694],[13.44761,52.41699],[13.44782,52.41711],[13.4479,52.41716],[13.44816,52.41725],[13.44839,52.41733],[13.44847,52.41735],[13.44859,52.41739],[13.4494,52.41766],[13.4495,52.4177],[13.44951,52.4177],[13.45005,52.41787],[13.45041,52.41799],[13.45077,52.4181],[13.45095,52.41816],[13.45097,52.41817],[13.45137,52.4183],[13.45193,52.41848],[13.45197,52.41849],[13.45251,52.41869],[13.4526,52.41872],[13.45287,52.41883],[13.45304,52.41889],[13.4532,52.41895],[13.45324,52.41896],[13.45337,52.41901],[13.45354,52.41906],[13.45371,52.41912],[13.45388,52.41918],[13.45405,52.41924],[13.45422,52.4193],[13.45439,52.41935],[13.4546,52.41942],[13.45469,52.41945],[13.45633,52.41986],[13.45701,52.42004],[13.45722,52.42009],[13.45769,52.4202],[13.45799,52.42026],[13.45818,52.42031],[13.4589,52.42047],[13.45895,52.42048],[13.45946,52.42057],[13.4608,52.42074],[13.46089,52.42075],[13.46147,52.42082],[13.46207,52.42089],[13.46271,52.42097],[13.46336,52.42106],[13.46355,52.42108],[13.46368,52.42105],[13.46446,52.42087],[13.46535,52.42066],[13.46632,52.42043],[13.46715,52.42023],[13.46802,52.42003],[13.46804,52.41999],[13.46805,52.41996],[13.46826,52.4195],[13.46839,52.4192],[13.46843,52.41911],[13.46846,52.41904],[13.46849,52.41897],[13.46853,52.41886],[13.46859,52.41873],[13.46866,52.41857],[13.46878,52.41827],[13.4688,52.41825],[13.46882,52.41819],[13.46884,52.41816],[13.46886,52.41812],[13.46919,52.41748],[13.46926,52.41735],[13.46933,52.4172],[13.4694,52.41708],[13.46947,52.41695],[13.46951,52.41686],[13.46954,52.41682],[13.46961,52.41669],[13.46968,52.41656],[13.46975,52.41644],[13.46982,52.41631],[13.46989,52.41617],[13.46997,52.41603],[13.47005,52.41589],[13.47013,52.41575],[13.47019,52.41563],[13.47032,52.41539],[13.47046,52.41515],[13.47052,52.41503],[13.47053,52.41502],[13.47059,52.4149],[13.47066,52.41477],[13.47072,52.41464],[13.47079,52.41451],[13.47085,52.41438],[13.47092,52.41425],[13.47098,52.41412],[13.47101,52.41406],[13.47105,52.41399],[13.47113,52.41387],[13.4712,52.41374],[13.47128,52.41361],[13.47139,52.41342],[13.47151,52.41323],[13.47166,52.41297],[13.47179,52.41275],[13.47191,52.41257],[13.47196,52.41248],[13.47213,52.41222],[13.47223,52.41207],[13.47233,52.41191],[13.4726,52.4115],[13.47264,52.41144],[13.47269,52.41136],[13.47271,52.41133],[13.47278,52.41122],[13.47285,52.41111],[13.47292,52.41099],[13.47293,52.41097],[13.47301,52.41085],[13.47309,52.41071],[13.47312,52.41066],[13.47317,52.41057],[13.47325,52.41042],[13.47332,52.41029],[13.47339,52.41016],[13.47346,52.41003],[13.47355,52.40986],[13.47366,52.40964],[13.47391,52.40917],[13.47392,52.40916],[13.47392,52.40915],[13.47401,52.40899],[13.47409,52.40883],[13.4741,52.40881],[13.47412,52.40879],[13.47417,52.40865],[13.47418,52.40863],[13.4743,52.40846],[13.47441,52.4083],[13.4745,52.40817],[13.47458,52.40805],[13.47473,52.40783],[13.47486,52.40763],[13.47499,52.40745],[13.47511,52.40728],[13.47522,52.40711],[13.47533,52.40695],[13.47544,52.4068],[13.47554,52.40665],[13.47564,52.40651],[13.47573,52.40637],[13.47582,52.40624],[13.4759,52.40609],[13.47598,52.40595],[13.4763,52.40527],[13.47644,52.40502],[13.47664,52.40468],[13.4767,52.40459],[13.47671,52.40458],[13.47678,52.40444],[13.47682,52.40431],[13.47685,52.40426],[13.47694,52.40411],[13.47701,52.40402],[13.47703,52.40399],[13.47721,52.40382],[13.47723,52.4038],[13.47732,52.40371],[13.47747,52.40357],[13.47749,52.40355],[13.47751,52.40354],[13.47753,52.40353],[13.47754,52.40352],[13.47756,52.4035],[13.47761,52.40343],[13.47764,52.40332],[13.47764,52.40324],[13.47761,52.40306],[13.47761,52.40272],[13.47765,52.40265],[13.47792,52.40205],[13.47813,52.40159],[13.4783,52.40127],[13.47836,52.40116],[13.47847,52.40099],[13.47862,52.40074],[13.47878,52.40042],[13.4789,52.40011],[13.47895,52.39998],[13.47898,52.39985],[13.47905,52.3992],[13.47917,52.39858],[13.47918,52.39856],[13.47922,52.39836],[13.47935,52.39778],[13.47955,52.39689],[13.47976,52.39595],[13.48128,52.39636],[13.48355,52.39694],[13.48439,52.39707],[13.48564,52.39727],[13.48648,52.39742],[13.48674,52.39745],[13.48776,52.39753],[13.48789,52.39754],[13.48877,52.39761],[13.48888,52.39762],[13.4892,52.39764],[13.49006,52.39772],[13.49056,52.39776],[13.49091,52.39783],[13.49112,52.39787],[13.49207,52.39806],[13.49217,52.39808],[13.49285,52.39821],[13.49291,52.39822],[13.49431,52.39844],[13.49503,52.39857],[13.4959,52.39865],[13.49614,52.39868],[13.49625,52.39869],[13.49744,52.3988],[13.49749,52.39881],[13.49754,52.39881],[13.49757,52.39882],[13.49758,52.39882],[13.49917,52.39908],[13.50069,52.39933],[13.50071,52.39933],[13.50093,52.39935],[13.50098,52.39936],[13.50227,52.39951],[13.50319,52.39961],[13.50395,52.39969],[13.5049,52.39981],[13.50575,52.39991],[13.50608,52.39996],[13.50698,52.40009],[13.50757,52.40018],[13.50817,52.40026],[13.50894,52.40038],[13.50912,52.40041],[13.50932,52.40044],[13.5096,52.40049],[13.5101,52.40057],[13.51045,52.40062],[13.51169,52.40081],[13.51175,52.40082],[13.51303,52.40105],[13.51354,52.40115],[13.51369,52.40118],[13.5137,52.40119],[13.51373,52.40119],[13.51385,52.40122],[13.51388,52.40122],[13.51404,52.40126],[13.51406,52.40127],[13.5141,52.40128],[13.51464,52.40143],[13.51488,52.40149],[13.51512,52.40156],[13.51537,52.40162],[13.51561,52.40169],[13.51586,52.40175],[13.516,52.40179],[13.516,52.40184],[13.51599,52.40205],[13.51598,52.40219],[13.51617,52.40231],[13.51641,52.40246],[13.51645,52.40249],[13.51667,52.40263],[13.51672,52.40267],[13.51693,52.4028],[13.51698,52.40284],[13.51686,52.40301],[13.51676,52.40317],[13.51665,52.40333],[13.51704,52.40356],[13.51713,52.40361],[13.51755,52.40386],[13.51836,52.40439],[13.51877,52.40466],[13.51933,52.40494],[13.51905,52.40512],[13.51946,52.40541],[13.51981,52.40566],[13.52062,52.40623],[13.52071,52.40629],[13.5206,52.4064],[13.52062,52.40642],[13.52098,52.40668],[13.52102,52.40671],[13.52167,52.40729],[13.52174,52.40739],[13.52179,52.40744],[13.52224,52.40832],[13.52234,52.40854],[13.52261,52.40927],[13.52274,52.40961],[13.5228,52.40975],[13.52281,52.40979],[13.52301,52.41031],[13.52312,52.41059],[13.52321,52.41081],[13.52318,52.41083],[13.52308,52.41092],[13.52293,52.41104],[13.52306,52.41118],[13.52318,52.41133],[13.52333,52.41149],[13.52336,52.41153],[13.52348,52.41167],[13.52337,52.41178],[13.52331,52.41184],[13.52326,52.41189],[13.52318,52.41197],[13.52301,52.41214],[13.52325,52.41229],[13.52326,52.4123],[13.52344,52.41242],[13.52345,52.41242],[13.52344,52.41242],[13.52325,52.41263],[13.52323,52.41265],[13.52325,52.41269],[13.52343,52.41293],[13.5236,52.41317],[13.52379,52.41334],[13.52406,52.41359],[13.52403,52.4136],[13.5238,52.41369],[13.52376,52.41371],[13.52353,52.4138],[13.52349,52.41382],[13.52345,52.41383],[13.52319,52.41393],[13.52316,52.41395],[13.52292,52.41404],[13.52268,52.41413],[13.52263,52.41415],[13.52259,52.41432],[13.52251,52.41435],[13.52227,52.41443],[13.52226,52.41443],[13.52234,52.41455],[13.52243,52.41468],[13.52252,52.41481],[13.52261,52.41494],[13.5227,52.41508],[13.52279,52.4152],[13.52293,52.4154],[13.52296,52.41545],[13.52292,52.41552],[13.52281,52.4157],[13.5225,52.41625],[13.52237,52.41657],[13.52222,52.41692],[13.52215,52.41721],[13.52214,52.41723],[13.52213,52.41735],[13.52213,52.41787],[13.52215,52.41812],[13.52216,52.4183],[13.52212,52.41843],[13.52159,52.4189],[13.52085,52.41954],[13.52065,52.42019],[13.5205,52.42084],[13.52018,52.42103],[13.52011,52.42112],[13.51991,52.42135],[13.51976,52.42138],[13.51948,52.42142],[13.51891,52.42202],[13.5188,52.42213],[13.51873,52.42219],[13.51868,52.42223],[13.51865,52.42226],[13.51855,52.42257],[13.51854,52.4226],[13.51854,52.42261],[13.51846,52.42285],[13.51844,52.42291],[13.51851,52.42302],[13.51879,52.42343],[13.51905,52.42381],[13.51915,52.42395],[13.51917,52.42399],[13.51961,52.42463],[13.51958,52.42471],[13.51956,52.42471],[13.51967,52.42488],[13.51977,52.42503],[13.51987,52.42518],[13.51997,52.42533],[13.52007,52.42548],[13.5202,52.42568],[13.52021,52.4257],[13.52023,52.42573],[13.52028,52.42582],[13.52041,52.42605],[13.52043,52.42609],[13.52045,52.42619],[13.52046,52.42624],[13.52046,52.42625],[13.5205,52.42654],[13.52051,52.42656],[13.5205,52.42656],[13.52046,52.42657],[13.52043,52.42659],[13.52034,52.42661],[13.5203,52.42662],[13.52028,52.42662],[13.52023,52.42664],[13.52014,52.42667],[13.52012,52.42667],[13.52,52.42672],[13.51995,52.42673],[13.5199,52.42674],[13.51977,52.42675],[13.5197,52.42676],[13.51937,52.42677],[13.5186,52.42681],[13.5179,52.42685],[13.51738,52.42688],[13.51724,52.42689],[13.51712,52.4269],[13.51694,52.42691],[13.51686,52.42691],[13.51653,52.42694],[13.51622,52.42696],[13.51589,52.42699],[13.51558,52.42702],[13.51524,52.42706],[13.51487,52.4271],[13.5147,52.42712],[13.51441,52.42716],[13.51409,52.42721],[13.51376,52.42726],[13.51342,52.42731],[13.5131,52.42737],[13.5127,52.42744],[13.51243,52.4275],[13.51212,52.42756],[13.5118,52.42763],[13.51149,52.42769],[13.5114,52.42771],[13.51113,52.42778],[13.51083,52.42786],[13.51057,52.42793],[13.51032,52.428],[13.51015,52.42805],[13.51,52.42809],[13.50976,52.42816],[13.50972,52.42817],[13.50958,52.42821],[13.50956,52.42822],[13.50933,52.42829],[13.5091,52.42836],[13.50893,52.42842],[13.50892,52.42842],[13.50869,52.4285],[13.50858,52.42854],[13.50826,52.42865],[13.50792,52.42877],[13.50764,52.42888],[13.50739,52.42898],[13.50723,52.42904],[13.50715,52.42907],[13.50691,52.42917],[13.50669,52.42927],[13.50668,52.42927],[13.50642,52.42939],[13.50619,52.42949],[13.50597,52.4296],[13.50576,52.4297],[13.5052,52.42997],[13.5046,52.43026],[13.50439,52.43036],[13.504,52.43055],[13.50357,52.43076],[13.50303,52.43102],[13.50256,52.43125],[13.50176,52.43164],[13.50126,52.43188],[13.50088,52.43206],[13.50075,52.43213],[13.50072,52.43214],[13.50048,52.43226],[13.5003,52.43235],[13.50026,52.43237],[13.50007,52.43246],[13.49999,52.4325],[13.49987,52.43256],[13.49977,52.43261],[13.49967,52.43265],[13.49956,52.43271],[13.49946,52.43275],[13.49927,52.43285],[13.49906,52.43295],[13.49887,52.43304],[13.49867,52.43314],[13.49854,52.43321],[13.49847,52.43323],[13.49836,52.43326],[13.49822,52.43328],[13.49807,52.43331],[13.49797,52.43334],[13.49789,52.43337],[13.49777,52.43343],[13.4978,52.43345],[13.49773,52.43348],[13.4976,52.43355],[13.49753,52.43357],[13.49749,52.4336],[13.49722,52.43383],[13.49719,52.43385],[13.49709,52.43391],[13.49623,52.43433],[13.49604,52.43442],[13.49508,52.43489],[13.495,52.43492],[13.49492,52.43495],[13.49484,52.43497],[13.4948,52.43498],[13.49466,52.43501],[13.49458,52.43503],[13.49452,52.43505],[13.49444,52.43508],[13.49425,52.43517],[13.49413,52.43523],[13.49383,52.43538],[13.49382,52.43538],[13.49352,52.43553],[13.49339,52.43559],[13.49321,52.43568],[13.49297,52.4358],[13.49291,52.43582],[13.49261,52.43597],[13.49254,52.436],[13.49233,52.4361],[13.49231,52.43612],[13.49212,52.43621],[13.49201,52.43626],[13.4919,52.43631],[13.49175,52.43639],[13.49168,52.43642],[13.4915,52.43651],[13.49127,52.43662],[13.49125,52.43663],[13.4908,52.43685],[13.49036,52.43706],[13.4899,52.43728],[13.48969,52.43739],[13.48967,52.4374],[13.48966,52.43741],[13.48945,52.43751],[13.48938,52.43754],[13.48936,52.43756],[13.48932,52.4376],[13.4893,52.43762],[13.4892,52.43772],[13.48916,52.43775],[13.48915,52.43776],[13.48909,52.43779],[13.48906,52.43781],[13.48898,52.43785],[13.48714,52.43874],[13.48583,52.43938],[13.48481,52.43987],[13.48474,52.43991],[13.48464,52.43994],[13.48463,52.43994],[13.48451,52.43997],[13.4844,52.43999],[13.48433,52.44001],[13.48427,52.44002],[13.48426,52.44003],[13.4842,52.44006],[13.48413,52.44009],[13.48394,52.44019],[13.48391,52.4402],[13.48361,52.44035],[13.48331,52.44049],[13.48301,52.44064],[13.4827,52.44079],[13.48241,52.44093],[13.48211,52.44108],[13.4821,52.44108],[13.48165,52.4413],[13.48162,52.44132],[13.47914,52.44253],[13.47907,52.44257],[13.47882,52.44268],[13.47881,52.44268],[13.47875,52.44271],[13.47869,52.44274],[13.47855,52.4428],[13.4785,52.4428],[13.47847,52.44283],[13.47846,52.44283],[13.47843,52.44285],[13.4784,52.44287],[13.47838,52.44289],[13.47838,52.4429],[13.47835,52.44292],[13.47827,52.44301],[13.47824,52.44304],[13.47816,52.4431],[13.47809,52.44315],[13.47802,52.44318],[13.4769,52.44373],[13.47668,52.44384],[13.4766,52.44387],[13.47654,52.44388],[13.47647,52.4439],[13.47639,52.44392],[13.47633,52.44393],[13.47627,52.44394],[13.47621,52.44396],[13.47617,52.44398],[13.47612,52.444],[13.47586,52.44412],[13.47506,52.44451],[13.47479,52.44463],[13.47471,52.44468],[13.47451,52.44477],[13.47338,52.44532],[13.47272,52.44564],[13.47247,52.44576],[13.47188,52.44605],[13.47018,52.44687],[13.46951,52.44719],[13.46811,52.44788],[13.46756,52.44814],[13.46676,52.44853],[13.46614,52.44883],[13.46598,52.44891],[13.46583,52.44899],[13.46562,52.4491],[13.46539,52.44923],[13.46516,52.44936],[13.46494,52.4495],[13.46493,52.4495],[13.46473,52.44963],[13.46455,52.44974],[13.46435,52.44988],[13.46422,52.44997],[13.46408,52.45006],[13.46391,52.45019],[13.46376,52.45031],[13.4635,52.45057],[13.46329,52.4508],[13.46306,52.45108],[13.46301,52.45112],[13.46294,52.45115],[13.46286,52.45112],[13.46275,52.45123],[13.46267,52.4512],[13.46266,52.45122],[13.46266,52.45125],[13.46264,52.45128],[13.46264,52.45129],[13.46262,52.45134],[13.46259,52.45145],[13.46256,52.45151],[13.4623,52.45184],[13.46221,52.45195],[13.46204,52.45218],[13.46178,52.45256],[13.46171,52.45265],[13.46149,52.45282],[13.46147,52.45284],[13.46145,52.45286],[13.46141,52.45291],[13.46134,52.453],[13.46073,52.4539],[13.46067,52.45399],[13.46066,52.45401],[13.46057,52.45414],[13.46049,52.45428],[13.46044,52.45435],[13.46036,52.45449],[13.46003,52.45497],[13.45901,52.45647],[13.45891,52.45658],[13.45879,52.45673],[13.45755,52.45828],[13.45749,52.45836],[13.45744,52.45843],[13.45744,52.45844],[13.45729,52.45867],[13.45723,52.45878],[13.45719,52.45885],[13.45702,52.45906],[13.45698,52.45911],[13.45697,52.45915],[13.45699,52.4592],[13.45704,52.45923],[13.45712,52.45926],[13.45723,52.45926],[13.45727,52.45921],[13.45734,52.45924],[13.45832,52.45921],[13.45841,52.45921],[13.45856,52.4592],[13.45862,52.4592],[13.45958,52.45918],[13.46066,52.45915],[13.46889,52.45893],[13.47172,52.45886],[13.47179,52.45886],[13.4719,52.45885],[13.47211,52.45884],[13.47222,52.45885],[13.47338,52.45881],[13.47497,52.45876],[13.47497,52.45881],[13.47497,52.45882],[13.47495,52.45913],[13.47495,52.45916],[13.47495,52.45919],[13.47498,52.45947],[13.47517,52.45991],[13.47522,52.45997],[13.47523,52.45999],[13.47528,52.46006],[13.47533,52.46015],[13.47534,52.46017],[13.47538,52.46023],[13.47539,52.46025],[13.4758,52.46091],[13.47715,52.46196],[13.4772,52.46199],[13.47736,52.46223],[13.47741,52.4623],[13.47759,52.46257],[13.47804,52.46323],[13.47855,52.46398],[13.47849,52.46486],[13.47849,52.46489],[13.47848,52.46499],[13.47841,52.46513],[13.47834,52.46523],[13.47786,52.46569],[13.47778,52.46576],[13.47771,52.46583],[13.47765,52.46589],[13.47635,52.46713],[13.47618,52.46727],[13.4756,52.46765],[13.47558,52.46767],[13.47507,52.4681],[13.47504,52.46813],[13.47503,52.46813],[13.47497,52.46819],[13.47492,52.46824],[13.47368,52.46944],[13.47321,52.4699],[13.47309,52.47001],[13.47295,52.47014],[13.47292,52.47018],[13.47265,52.47042],[13.47241,52.47065],[13.47234,52.47072],[13.4722,52.47086],[13.47197,52.47107],[13.47182,52.47122],[13.47136,52.47167],[13.47098,52.47203],[13.47059,52.47244],[13.47013,52.47293],[13.47012,52.47294],[13.4701,52.47296],[13.46995,52.47315],[13.4698,52.47333],[13.46969,52.47351],[13.46962,52.47367],[13.46959,52.4738],[13.46961,52.47399],[13.46998,52.47484],[13.47029,52.47573],[13.47033,52.47584],[13.47038,52.47602],[13.47048,52.47646],[13.4705,52.47656],[13.47053,52.47669],[13.47055,52.47681],[13.47057,52.47691],[13.47005,52.47728],[13.46813,52.47863],[13.46756,52.47903],[13.46696,52.47946],[13.46598,52.48014],[13.46596,52.48015],[13.4658,52.48027],[13.46516,52.48072],[13.46493,52.48088],[13.46464,52.48109],[13.46411,52.48146],[13.46396,52.48156],[13.46391,52.4816],[13.46376,52.4817],[13.46373,52.48173],[13.46356,52.48185],[13.46328,52.48204],[13.46273,52.48243],[13.46237,52.48268],[13.46192,52.483],[13.46174,52.48313],[13.46122,52.4835],[13.46116,52.48354],[13.46118,52.4837],[13.46097,52.48385],[13.46093,52.48388],[13.46089,52.48391],[13.46056,52.48414],[13.45997,52.48455],[13.45985,52.48463],[13.45956,52.48484],[13.45955,52.48483],[13.45946,52.48489],[13.4594,52.48494],[13.45912,52.48513],[13.45874,52.4854],[13.4586,52.4855],[13.45859,52.4855],[13.45858,52.4855],[13.45856,52.48552],[13.45832,52.48569],[13.45823,52.48575],[13.45813,52.48582],[13.45784,52.4856],[13.45764,52.48545],[13.45756,52.48538],[13.45728,52.48517],[13.45719,52.4851],[13.4568,52.48481],[13.45652,52.4846],[13.45624,52.48439],[13.45607,52.48425],[13.45547,52.48456],[13.45513,52.48473],[13.45456,52.48503],[13.4543,52.48516],[13.45412,52.48525],[13.45394,52.48535],[13.45371,52.48546],[13.45364,52.4855],[13.4535,52.48557],[13.45348,52.48558],[13.45316,52.48575]]]]}},{"type":"Feature","properties":{"name":"Pankow"},"geometry":{"type":"MultiPolygon","coordinates":[[[[13.50712,52.64838],[13.50679,52.64855],[13.50578,52.64904],[13.50515,52.64935],[13.50472,52.64956],[13.50314,52.64997],[13.50271,52.65016],[13.50261,52.65019],[13.50181,52.65049],[13.50045,52.65101],[13.5004,52.65103],[13.50003,52.65118],[13.49999,52.65119],[13.49975,52.65129],[13.49939,52.65143],[13.49803,52.65196],[13.49743,52.6522],[13.49539,52.653],[13.49508,52.65312],[13.4944,52.65339],[13.49348,52.65375],[13.49173,52.65442],[13.491,52.65471],[13.49095,52.65472],[13.49076,52.6548],[13.4896,52.65579],[13.48957,52.65581],[13.48956,52.65582],[13.48948,52.65589],[13.48938,52.65598],[13.48903,52.65628],[13.48831,52.6569],[13.48827,52.65693],[13.48822,52.65697],[13.48818,52.65701],[13.48809,52.65709],[13.48807,52.6571],[13.48806,52.65711],[13.4869,52.6581],[13.48685,52.65815],[13.48536,52.65943],[13.48543,52.65967],[13.48544,52.65974],[13.48546,52.65981],[13.48561,52.66036],[13.48582,52.66113],[13.48584,52.6612],[13.486,52.6618],[13.4862,52.66254],[13.48621,52.66259],[13.48632,52.663],[13.48644,52.66344],[13.48691,52.66518],[13.48692,52.6652],[13.48696,52.66537],[13.48729,52.66657],[13.4873,52.6666],[13.4875,52.66737],[13.48769,52.66807],[13.48771,52.66813],[13.48793,52.66894],[13.48795,52.66904],[13.48842,52.67079],[13.48638,52.67006],[13.48522,52.66964],[13.48499,52.66959],[13.48486,52.66955],[13.48379,52.6693],[13.48351,52.66922],[13.48082,52.6684],[13.47993,52.66811],[13.47797,52.66768],[13.47697,52.66712],[13.47586,52.66656],[13.47583,52.66655],[13.47573,52.66663],[13.47572,52.66664],[13.4757,52.66665],[13.47566,52.66669],[13.47556,52.66687],[13.47558,52.66706],[13.47555,52.66718],[13.47555,52.66728],[13.47557,52.66733],[13.47562,52.66741],[13.47568,52.66747],[13.4757,52.6675],[13.47568,52.66754],[13.47563,52.6676],[13.47542,52.66777],[13.4753,52.6679],[13.47513,52.66799],[13.47489,52.66804],[13.47471,52.66804],[13.47459,52.66806],[13.47453,52.66822],[13.47474,52.66859],[13.4753,52.66952],[13.47595,52.67055],[13.47597,52.67058],[13.47612,52.67084],[13.4763,52.67111],[13.47633,52.67116],[13.47634,52.67117],[13.47635,52.67119],[13.47636,52.6712],[13.47647,52.67136],[13.47691,52.67179],[13.47726,52.67207],[13.47824,52.67307],[13.47985,52.67472],[13.48008,52.67486],[13.47998,52.67495],[13.47949,52.67551],[13.47727,52.6739],[13.47662,52.67429],[13.47628,52.67449],[13.47587,52.67478],[13.47552,52.67502],[13.47549,52.67501],[13.47529,52.67484],[13.47415,52.67392],[13.47356,52.67344],[13.47184,52.67199],[13.47168,52.67184],[13.47071,52.67102],[13.47069,52.67103],[13.47058,52.67106],[13.47052,52.67107],[13.46994,52.67057],[13.46804,52.66894],[13.46798,52.66889],[13.46597,52.66716],[13.46593,52.66712],[13.46577,52.66717],[13.46381,52.66773],[13.46297,52.66798],[13.46294,52.66799],[13.46283,52.66802],[13.46086,52.6686],[13.45986,52.66889],[13.45958,52.66897],[13.45955,52.66898],[13.45574,52.66594],[13.45551,52.66575],[13.45545,52.66573],[13.45522,52.66563],[13.4545,52.66516],[13.45179,52.66335],[13.45168,52.66328],[13.45163,52.66324],[13.45155,52.66319],[13.45095,52.66278],[13.45086,52.66272],[13.45079,52.66267],[13.45286,52.66213],[13.45395,52.66185],[13.45492,52.66137],[13.45616,52.66074],[13.45675,52.66044],[13.45678,52.66042],[13.45749,52.66006],[13.45764,52.65998],[13.45804,52.65977],[13.45846,52.65955],[13.45877,52.65939],[13.45886,52.65934],[13.45961,52.65896],[13.4599,52.65881],[13.4605,52.6585],[13.46072,52.65839],[13.46095,52.65827],[13.46118,52.65816],[13.46141,52.65803],[13.46165,52.65791],[13.46238,52.65754],[13.4626,52.65752],[13.46271,52.65751],[13.46451,52.65735],[13.47118,52.65674],[13.47126,52.65674],[13.47173,52.65669],[13.47351,52.65653],[13.47352,52.65646],[13.47352,52.65645],[13.47353,52.65637],[13.47368,52.65632],[13.47413,52.65594],[13.47426,52.65575],[13.47427,52.65569],[13.47422,52.65559],[13.47419,52.65536],[13.47404,52.65486],[13.47406,52.65481],[13.47408,52.65477],[13.47406,52.6547],[13.47405,52.65464],[13.47403,52.65464],[13.47403,52.65456],[13.47412,52.65452],[13.47409,52.6544],[13.47408,52.65436],[13.47406,52.65433],[13.47391,52.65412],[13.47361,52.65391],[13.47351,52.65388],[13.47327,52.65383],[13.47296,52.65369],[13.47271,52.65363],[13.47266,52.65361],[13.47262,52.65357],[13.47241,52.65348],[13.47218,52.65341],[13.47216,52.65338],[13.47206,52.65331],[13.47197,52.65323],[13.47179,52.65314],[13.47174,52.65311],[13.47163,52.65304],[13.47157,52.65299],[13.4715,52.65293],[13.47145,52.65288],[13.47132,52.65281],[13.47127,52.65278],[13.47116,52.6527],[13.47109,52.65266],[13.47097,52.6526],[13.4708,52.65251],[13.47057,52.6524],[13.4705,52.65236],[13.47041,52.65227],[13.47028,52.65215],[13.47016,52.65204],[13.46997,52.65186],[13.46989,52.65183],[13.46965,52.65177],[13.46927,52.65167],[13.46901,52.65167],[13.46895,52.65169],[13.46876,52.65173],[13.46866,52.65172],[13.46856,52.65168],[13.46849,52.65164],[13.46831,52.65166],[13.46814,52.65164],[13.46801,52.6516],[13.46766,52.65159],[13.46755,52.6516],[13.46733,52.65167],[13.46707,52.65165],[13.46693,52.65161],[13.46679,52.65152],[13.46658,52.65148],[13.46645,52.65142],[13.46638,52.65139],[13.46572,52.65117],[13.46571,52.65116],[13.46552,52.65104],[13.4653,52.65092],[13.46503,52.65074],[13.46473,52.65069],[13.46466,52.65066],[13.46456,52.65058],[13.46452,52.65056],[13.46446,52.65055],[13.46442,52.65055],[13.46436,52.65055],[13.46428,52.65052],[13.46426,52.65051],[13.46426,52.65048],[13.46427,52.65043],[13.46425,52.65042],[13.46419,52.65044],[13.46414,52.65044],[13.4641,52.65044],[13.46406,52.65043],[13.46401,52.65043],[13.46387,52.65038],[13.46376,52.65031],[13.4636,52.65022],[13.46306,52.64992],[13.46276,52.64962],[13.46275,52.6496],[13.46268,52.64948],[13.46254,52.64922],[13.46241,52.64906],[13.46236,52.64901],[13.46234,52.64899],[13.46221,52.64889],[13.46212,52.64885],[13.46182,52.64882],[13.46156,52.64878],[13.46129,52.64873],[13.46079,52.6486],[13.46041,52.64848],[13.46007,52.64831],[13.45994,52.64822],[13.45986,52.64817],[13.45973,52.64808],[13.45969,52.64809],[13.45838,52.64822],[13.45834,52.64822],[13.45645,52.64842],[13.45627,52.64838],[13.454,52.64855],[13.45288,52.64864],[13.45208,52.6487],[13.45209,52.64898],[13.4521,52.64967],[13.45205,52.64968],[13.45198,52.64969],[13.45169,52.64962],[13.4516,52.64974],[13.45151,52.64976],[13.45137,52.64978],[13.45128,52.64979],[13.45119,52.64981],[13.45098,52.64985],[13.45066,52.64987],[13.45032,52.64989],[13.44999,52.64992],[13.44995,52.64992],[13.44967,52.64994],[13.44934,52.64996],[13.44903,52.64998],[13.44874,52.65],[13.44841,52.65002],[13.44811,52.65003],[13.44807,52.65003],[13.44789,52.65004],[13.44772,52.65004],[13.44749,52.65003],[13.44737,52.65],[13.44707,52.64995],[13.44676,52.6499],[13.44657,52.64985],[13.44645,52.64979],[13.4461,52.64972],[13.44593,52.64967],[13.44538,52.64956],[13.44517,52.64953],[13.44491,52.6495],[13.44459,52.64951],[13.44429,52.64952],[13.44399,52.64952],[13.44371,52.64953],[13.44335,52.64954],[13.44331,52.64954],[13.4432,52.64935],[13.44289,52.64936],[13.44277,52.64912],[13.44218,52.64907],[13.44161,52.64902],[13.44165,52.64933],[13.44155,52.64938],[13.44138,52.64936],[13.44094,52.64928],[13.44082,52.64926],[13.44081,52.64923],[13.44074,52.64896],[13.43979,52.64527],[13.43941,52.64526],[13.43908,52.64521],[13.43882,52.64515],[13.43853,52.64511],[13.43818,52.64505],[13.43798,52.64502],[13.43779,52.64499],[13.43755,52.64494],[13.43711,52.64487],[13.43691,52.64484],[13.43672,52.64482],[13.43668,52.64481],[13.43649,52.64479],[13.43635,52.64477],[13.43633,52.64476],[13.43631,52.64476],[13.43622,52.64475],[13.43604,52.64472],[13.4357,52.64466],[13.43537,52.64457],[13.43535,52.64456],[13.43529,52.64454],[13.43526,52.64453],[13.43483,52.64444],[13.43447,52.64438],[13.43419,52.64432],[13.43403,52.64429],[13.43401,52.64428],[13.43387,52.64401],[13.43385,52.64394],[13.43384,52.64389],[13.43382,52.64382],[13.4338,52.64364],[13.43379,52.64356],[13.43377,52.64343],[13.43374,52.64323],[13.43363,52.64282],[13.43358,52.64263],[13.43353,52.64243],[13.43352,52.64235],[13.43351,52.6423],[13.43348,52.64212],[13.43351,52.64212],[13.43339,52.64147],[13.43349,52.64105],[13.43355,52.64082],[13.43362,52.64051],[13.43364,52.64046],[13.43366,52.64037],[13.43382,52.63973],[13.4339,52.63937],[13.43393,52.63926],[13.43396,52.63915],[13.43405,52.63881],[13.43407,52.63871],[13.43408,52.6387],[13.43415,52.6384],[13.43421,52.63817],[13.43426,52.63795],[13.43272,52.63738],[13.43145,52.63741],[13.43128,52.63742],[13.43018,52.63745],[13.4289,52.63748],[13.42763,52.63751],[13.42757,52.63747],[13.42724,52.63728],[13.42721,52.63726],[13.42716,52.63723],[13.42715,52.63722],[13.42694,52.6371],[13.42689,52.63707],[13.42673,52.63698],[13.42672,52.63697],[13.42663,52.63691],[13.42661,52.63691],[13.42614,52.63662],[13.4255,52.63624],[13.42438,52.63557],[13.42435,52.63546],[13.42424,52.63553],[13.42418,52.63556],[13.42408,52.63562],[13.42404,52.63564],[13.42395,52.63569],[13.42171,52.63691],[13.4217,52.63692],[13.42159,52.63698],[13.42142,52.63707],[13.42123,52.63717],[13.42102,52.63729],[13.42079,52.63741],[13.42013,52.63773],[13.41917,52.63819],[13.41797,52.63875],[13.41701,52.6392],[13.41686,52.63927],[13.41655,52.63943],[13.4163,52.63964],[13.416,52.63989],[13.41569,52.64013],[13.41508,52.64063],[13.41443,52.64112],[13.41426,52.64124],[13.41435,52.64134],[13.41465,52.64167],[13.41475,52.64178],[13.41475,52.64193],[13.41474,52.64216],[13.41474,52.64239],[13.41442,52.64251],[13.41363,52.64247],[13.4136,52.64249],[13.41268,52.64318],[13.41249,52.64333],[13.41242,52.64338],[13.41229,52.64348],[13.41225,52.64347],[13.4122,52.64347],[13.41204,52.64344],[13.40917,52.64292],[13.40916,52.64292],[13.40906,52.6429],[13.40904,52.6429],[13.40902,52.64289],[13.40895,52.64288],[13.40891,52.64287],[13.40875,52.64284],[13.40874,52.64284],[13.40867,52.64283],[13.40857,52.64281],[13.40853,52.6428],[13.40846,52.64279],[13.40805,52.64272],[13.40788,52.64269],[13.4075,52.64303],[13.40716,52.64334],[13.40689,52.64358],[13.40675,52.6437],[13.40659,52.64385],[13.4062,52.644],[13.40475,52.64455],[13.40389,52.64486],[13.40324,52.64519],[13.40106,52.64638],[13.40102,52.6464],[13.40094,52.64645],[13.40076,52.64655],[13.40049,52.64669],[13.40035,52.64677],[13.39972,52.64713],[13.39931,52.64737],[13.39791,52.64811],[13.39794,52.64829],[13.39781,52.64829],[13.3978,52.64829],[13.39777,52.64829],[13.3976,52.64822],[13.39738,52.64819],[13.39727,52.64815],[13.39705,52.64802],[13.397,52.64795],[13.39684,52.64783],[13.39681,52.64769],[13.39639,52.64742],[13.39621,52.64743],[13.39607,52.64744],[13.39581,52.64743],[13.39551,52.64743],[13.39524,52.64744],[13.3952,52.64744],[13.39492,52.64749],[13.39455,52.64756],[13.3945,52.64753],[13.3945,52.64751],[13.39447,52.64736],[13.39434,52.64717],[13.39414,52.64692],[13.39396,52.64676],[13.39391,52.64669],[13.39385,52.64652],[13.39389,52.64648],[13.39393,52.64644],[13.39392,52.6464],[13.39387,52.64632],[13.39373,52.64623],[13.3937,52.64622],[13.39356,52.64617],[13.39345,52.64617],[13.39338,52.64616],[13.39335,52.64616],[13.39321,52.64605],[13.39317,52.64599],[13.39315,52.64596],[13.39314,52.64588],[13.39319,52.64586],[13.3932,52.64586],[13.39326,52.64583],[13.3933,52.6458],[13.39327,52.64576],[13.3932,52.64571],[13.39311,52.64568],[13.39307,52.64566],[13.393,52.64564],[13.39293,52.64556],[13.39296,52.64554],[13.39318,52.64541],[13.39304,52.64531],[13.39295,52.64532],[13.39285,52.64532],[13.39283,52.64538],[13.39285,52.64547],[13.39282,52.64543],[13.39276,52.64536],[13.39272,52.64531],[13.39288,52.64528],[13.39292,52.64526],[13.39295,52.64523],[13.39288,52.64517],[13.39281,52.64515],[13.39253,52.6451],[13.39251,52.64508],[13.39238,52.64498],[13.39237,52.64496],[13.39241,52.64489],[13.39243,52.6448],[13.39241,52.64478],[13.39237,52.64477],[13.39234,52.64476],[13.39224,52.64478],[13.39215,52.64481],[13.39209,52.64482],[13.39203,52.64479],[13.39191,52.64475],[13.39193,52.64469],[13.39199,52.6446],[13.39226,52.64448],[13.39231,52.64444],[13.39233,52.6444],[13.39231,52.64438],[13.39228,52.64437],[13.39217,52.64435],[13.39213,52.64436],[13.39209,52.64438],[13.39207,52.64442],[13.39202,52.64448],[13.39196,52.64446],[13.39196,52.64444],[13.39202,52.64436],[13.39202,52.64432],[13.39198,52.64428],[13.39196,52.64426],[13.3919,52.64424],[13.39184,52.64423],[13.39183,52.6442],[13.39188,52.64414],[13.3919,52.64411],[13.39195,52.64413],[13.39204,52.64415],[13.39209,52.64415],[13.39216,52.64414],[13.39219,52.64412],[13.39218,52.64408],[13.39217,52.64404],[13.39215,52.64401],[13.39208,52.644],[13.39206,52.644],[13.39201,52.64398],[13.39184,52.64392],[13.39181,52.64391],[13.39174,52.64384],[13.39177,52.64383],[13.39199,52.64384],[13.39205,52.64384],[13.39213,52.64383],[13.39221,52.64383],[13.39226,52.64381],[13.3923,52.64374],[13.39229,52.6437],[13.3922,52.64369],[13.3921,52.64368],[13.39203,52.64369],[13.39198,52.6437],[13.39186,52.64372],[13.39175,52.64372],[13.39174,52.64371],[13.39153,52.64366],[13.3915,52.64363],[13.39161,52.6436],[13.39169,52.64358],[13.39181,52.64358],[13.39194,52.64357],[13.392,52.64358],[13.39206,52.64358],[13.39213,52.6436],[13.39218,52.64364],[13.39224,52.64365],[13.39229,52.64365],[13.39231,52.64357],[13.39224,52.64352],[13.39223,52.64348],[13.39225,52.6434],[13.39227,52.64333],[13.39225,52.64328],[13.39222,52.64324],[13.39221,52.64324],[13.39211,52.64323],[13.39197,52.64329],[13.39194,52.64332],[13.39196,52.64337],[13.392,52.64339],[13.39201,52.6434],[13.39201,52.64346],[13.392,52.64346],[13.39197,52.64347],[13.39197,52.64341],[13.39189,52.64339],[13.39183,52.64339],[13.39157,52.64345],[13.3915,52.6435],[13.39133,52.64355],[13.3913,52.64355],[13.39132,52.64344],[13.39134,52.64334],[13.3913,52.64318],[13.39126,52.64316],[13.3912,52.64317],[13.39112,52.64321],[13.39111,52.64318],[13.39115,52.64307],[13.39107,52.64296],[13.39101,52.64292],[13.39094,52.64289],[13.39086,52.64279],[13.39076,52.64273],[13.3907,52.64265],[13.39067,52.64262],[13.39079,52.64261],[13.39086,52.6426],[13.39088,52.64258],[13.39091,52.64254],[13.3909,52.64247],[13.39081,52.64241],[13.39077,52.6424],[13.3906,52.64242],[13.39041,52.64248],[13.39031,52.64248],[13.39014,52.64244],[13.39019,52.6424],[13.39031,52.64236],[13.39043,52.64232],[13.39057,52.64224],[13.39059,52.64219],[13.39058,52.64217],[13.39055,52.64215],[13.39047,52.64213],[13.39042,52.64211],[13.39037,52.6421],[13.39033,52.64209],[13.3903,52.64211],[13.39026,52.64214],[13.39023,52.64216],[13.3902,52.64215],[13.39023,52.64204],[13.39024,52.642],[13.39028,52.64198],[13.39032,52.64195],[13.3903,52.64191],[13.39026,52.64189],[13.39038,52.64189],[13.39043,52.64188],[13.39046,52.64185],[13.39046,52.64183],[13.39046,52.64181],[13.3904,52.64179],[13.39026,52.64178],[13.39021,52.64177],[13.39017,52.64175],[13.39014,52.64169],[13.39008,52.64164],[13.39005,52.64157],[13.39007,52.64153],[13.3901,52.6415],[13.39018,52.64153],[13.39027,52.64155],[13.39033,52.64156],[13.39036,52.64154],[13.39039,52.64153],[13.3904,52.6415],[13.39038,52.64147],[13.39029,52.6414],[13.39023,52.64138],[13.39018,52.64135],[13.3901,52.64136],[13.38981,52.64142],[13.38988,52.64152],[13.38966,52.64152],[13.38965,52.64146],[13.38968,52.64138],[13.38969,52.64123],[13.38998,52.6412],[13.39005,52.64119],[13.39,52.64109],[13.38991,52.64102],[13.38991,52.64099],[13.38998,52.64098],[13.39007,52.64097],[13.3901,52.64095],[13.39013,52.64093],[13.39014,52.64091],[13.39012,52.64087],[13.39012,52.64084],[13.39017,52.64084],[13.39023,52.64087],[13.39028,52.64087],[13.39035,52.64088],[13.3904,52.64085],[13.39041,52.64083],[13.39038,52.64078],[13.39031,52.64073],[13.39024,52.6407],[13.39021,52.64063],[13.39017,52.64053],[13.39013,52.64051],[13.39006,52.64051],[13.38996,52.64055],[13.38991,52.64054],[13.38993,52.64051],[13.39,52.64048],[13.39011,52.64044],[13.39019,52.64039],[13.39031,52.6403],[13.39044,52.64015],[13.39046,52.64012],[13.39046,52.6401],[13.39043,52.64008],[13.39037,52.64005],[13.39039,52.63999],[13.39052,52.63996],[13.39061,52.63992],[13.39048,52.63987],[13.39037,52.63981],[13.39024,52.63974],[13.39015,52.63967],[13.39007,52.6396],[13.38998,52.63953],[13.38989,52.63948],[13.38988,52.63944],[13.38987,52.6394],[13.38982,52.63938],[13.38967,52.63939],[13.38963,52.63938],[13.38961,52.63937],[13.38962,52.63935],[13.38965,52.63932],[13.38971,52.63927],[13.38975,52.63923],[13.38984,52.6392],[13.38989,52.63917],[13.38992,52.63915],[13.38994,52.63912],[13.38989,52.63907],[13.38977,52.63905],[13.38961,52.63902],[13.38959,52.63899],[13.38961,52.63895],[13.38973,52.63891],[13.38976,52.6389],[13.38967,52.63888],[13.38955,52.63889],[13.38949,52.63888],[13.38944,52.63884],[13.38947,52.63881],[13.38961,52.63883],[13.38974,52.63884],[13.38982,52.63885],[13.38982,52.63878],[13.38968,52.63864],[13.38956,52.63858],[13.38952,52.63852],[13.38952,52.63847],[13.38945,52.63835],[13.38935,52.63825],[13.38932,52.63823],[13.38926,52.63819],[13.38919,52.63818],[13.38907,52.63815],[13.38906,52.63813],[13.38908,52.63811],[13.3891,52.6381],[13.38914,52.63808],[13.38926,52.63802],[13.38933,52.63795],[13.38933,52.63789],[13.38932,52.63787],[13.38928,52.63785],[13.38922,52.63785],[13.38914,52.63785],[13.38902,52.63788],[13.38894,52.63786],[13.38894,52.63784],[13.38913,52.63773],[13.38918,52.63771],[13.38921,52.63768],[13.38922,52.63765],[13.38921,52.63762],[13.38915,52.63761],[13.38908,52.6376],[13.38897,52.63759],[13.38865,52.6376],[13.38862,52.63759],[13.38849,52.63752],[13.38835,52.63744],[13.38831,52.63742],[13.38832,52.63738],[13.38833,52.63736],[13.38835,52.63731],[13.38835,52.63729],[13.38834,52.63726],[13.38832,52.63722],[13.38827,52.6372],[13.38823,52.63717],[13.38817,52.63716],[13.38808,52.63716],[13.38795,52.63717],[13.38792,52.63718],[13.38784,52.63719],[13.38779,52.6372],[13.38768,52.63724],[13.38762,52.63724],[13.38758,52.63722],[13.38753,52.6372],[13.38749,52.63717],[13.38743,52.63715],[13.38734,52.63711],[13.38729,52.6371],[13.38717,52.63706],[13.38712,52.63703],[13.3871,52.63701],[13.38706,52.63699],[13.38705,52.63699],[13.38701,52.63698],[13.38695,52.63697],[13.38688,52.63698],[13.38682,52.637],[13.38675,52.63702],[13.3867,52.63702],[13.38665,52.637],[13.38663,52.63697],[13.38662,52.63695],[13.38661,52.63692],[13.38657,52.63689],[13.38653,52.63687],[13.38651,52.63687],[13.38647,52.63688],[13.38643,52.63691],[13.38639,52.63693],[13.38636,52.63693],[13.38635,52.6369],[13.38635,52.63688],[13.38641,52.63682],[13.38641,52.6368],[13.38642,52.63678],[13.38637,52.63674],[13.38633,52.63673],[13.38629,52.63674],[13.38626,52.63675],[13.38625,52.63675],[13.3862,52.63678],[13.38612,52.63678],[13.38605,52.63674],[13.38599,52.6367],[13.38588,52.63664],[13.38579,52.6366],[13.38576,52.63659],[13.38575,52.63658],[13.38573,52.63658],[13.38569,52.63658],[13.38558,52.63662],[13.38553,52.63663],[13.38548,52.63662],[13.38544,52.63661],[13.38541,52.6366],[13.38533,52.63657],[13.38522,52.63654],[13.38515,52.63652],[13.38509,52.63649],[13.3851,52.63648],[13.38511,52.63647],[13.38512,52.63645],[13.38516,52.63644],[13.38517,52.63643],[13.3852,52.63641],[13.38521,52.63639],[13.38521,52.63635],[13.3852,52.63633],[13.38519,52.63631],[13.38516,52.6363],[13.38511,52.63627],[13.38508,52.63626],[13.38505,52.63626],[13.385,52.63626],[13.38497,52.63627],[13.38494,52.63628],[13.38491,52.63629],[13.38487,52.63633],[13.38484,52.63635],[13.38482,52.6364],[13.38481,52.63642],[13.38479,52.63644],[13.38478,52.63644],[13.38476,52.63645],[13.3847,52.63644],[13.38467,52.63643],[13.38465,52.63639],[13.38464,52.63638],[13.3846,52.63629],[13.38457,52.63626],[13.38453,52.63624],[13.38448,52.63625],[13.38445,52.63625],[13.38442,52.63628],[13.38439,52.63633],[13.38436,52.63636],[13.38434,52.63638],[13.38431,52.63639],[13.38427,52.63638],[13.38426,52.63636],[13.38425,52.63632],[13.38424,52.63627],[13.38421,52.63623],[13.38414,52.6362],[13.38409,52.63619],[13.38403,52.63618],[13.38396,52.63621],[13.38393,52.63623],[13.3839,52.63626],[13.38387,52.63628],[13.38383,52.63633],[13.38383,52.63636],[13.38385,52.63639],[13.3839,52.63641],[13.38393,52.63644],[13.38393,52.63645],[13.38393,52.63646],[13.38389,52.63648],[13.38383,52.63647],[13.38381,52.63647],[13.38376,52.63645],[13.38366,52.63644],[13.38356,52.63642],[13.3835,52.63643],[13.38346,52.63645],[13.38343,52.6365],[13.38343,52.63651],[13.38341,52.63655],[13.3834,52.63657],[13.38337,52.63661],[13.38333,52.63664],[13.38328,52.63663],[13.38324,52.63661],[13.38322,52.63659],[13.3832,52.63657],[13.38319,52.63656],[13.38318,52.63654],[13.38316,52.63653],[13.38312,52.63648],[13.38308,52.63642],[13.38302,52.63637],[13.38296,52.63635],[13.38291,52.63634],[13.38285,52.63636],[13.38282,52.63637],[13.38278,52.63639],[13.38274,52.63642],[13.38269,52.63643],[13.38259,52.63645],[13.38249,52.63646],[13.3824,52.63645],[13.38234,52.63642],[13.38227,52.63643],[13.38223,52.63644],[13.38221,52.63646],[13.38219,52.63647],[13.38217,52.63645],[13.38217,52.63644],[13.38216,52.6364],[13.38213,52.63634],[13.38203,52.63631],[13.38192,52.63636],[13.3819,52.63637],[13.38186,52.63638],[13.38181,52.6364],[13.38182,52.63637],[13.38183,52.63634],[13.38184,52.63633],[13.38193,52.63622],[13.38201,52.63616],[13.38205,52.63608],[13.38207,52.63602],[13.38193,52.63595],[13.38269,52.63575],[13.38286,52.63522],[13.38205,52.635],[13.38158,52.63487],[13.38128,52.63476],[13.38094,52.63464],[13.38071,52.63456],[13.38057,52.63452],[13.38051,52.6345],[13.38032,52.63445],[13.38017,52.63441],[13.38013,52.6344],[13.38012,52.6344],[13.38008,52.63438],[13.38,52.6344],[13.37997,52.63441],[13.3801,52.63428],[13.38007,52.63426],[13.38004,52.63425],[13.38,52.63422],[13.3794,52.63387],[13.37921,52.63401],[13.37871,52.63435],[13.37865,52.63426],[13.37845,52.63412],[13.37825,52.63399],[13.37822,52.63395],[13.37804,52.63377],[13.37768,52.63339],[13.3777,52.63328],[13.37773,52.63321],[13.37774,52.63318],[13.37762,52.63307],[13.37738,52.63314],[13.37727,52.63319],[13.37714,52.63314],[13.37708,52.63308],[13.377,52.63303],[13.37694,52.63301],[13.37692,52.633],[13.37679,52.63292],[13.37678,52.63287],[13.37677,52.63286],[13.37679,52.63278],[13.37687,52.6328],[13.377,52.63284],[13.37706,52.63282],[13.37717,52.6327],[13.37719,52.63269],[13.37719,52.63267],[13.37712,52.63255],[13.37704,52.63251],[13.37703,52.63251],[13.37679,52.63245],[13.37673,52.63244],[13.37666,52.63245],[13.3766,52.63246],[13.37656,52.63241],[13.37661,52.63239],[13.37683,52.63231],[13.37689,52.63229],[13.37692,52.63226],[13.37691,52.63221],[13.37687,52.63217],[13.37682,52.63216],[13.37676,52.63215],[13.37664,52.63213],[13.37647,52.63214],[13.37645,52.63212],[13.37648,52.63208],[13.37652,52.63202],[13.37654,52.63194],[13.37642,52.63183],[13.37636,52.63178],[13.37633,52.63178],[13.37623,52.63175],[13.37617,52.63173],[13.37607,52.63169],[13.37596,52.63164],[13.37584,52.63161],[13.37582,52.63161],[13.37584,52.63157],[13.37591,52.63151],[13.37597,52.63148],[13.37605,52.63146],[13.37624,52.63146],[13.37625,52.63145],[13.37634,52.63137],[13.37635,52.63134],[13.37632,52.6313],[13.37624,52.63127],[13.37621,52.63124],[13.37616,52.63114],[13.37617,52.63112],[13.37621,52.63099],[13.37628,52.63082],[13.37628,52.63081],[13.37645,52.63062],[13.37647,52.6306],[13.37648,52.63053],[13.37655,52.63042],[13.37667,52.63028],[13.3768,52.63003],[13.37695,52.62996],[13.377,52.6299],[13.37702,52.62982],[13.37699,52.62976],[13.37691,52.62971],[13.37689,52.62959],[13.37686,52.62957],[13.37682,52.62954],[13.37699,52.62941],[13.37702,52.62934],[13.37685,52.62916],[13.37659,52.62921],[13.37644,52.62925],[13.37639,52.62924],[13.37637,52.62922],[13.37636,52.62918],[13.37638,52.62917],[13.3766,52.62908],[13.37668,52.62889],[13.37613,52.62894],[13.37605,52.62904],[13.37596,52.62908],[13.3759,52.62909],[13.37588,52.62909],[13.37587,52.62909],[13.37583,52.62904],[13.376,52.62892],[13.37607,52.62888],[13.37627,52.62875],[13.37637,52.62862],[13.37638,52.62838],[13.3762,52.62833],[13.37596,52.62841],[13.37586,52.62841],[13.37573,52.62845],[13.37569,52.62852],[13.37547,52.62868],[13.37545,52.62868],[13.3754,52.62864],[13.37523,52.62861],[13.3752,52.62851],[13.3751,52.62835],[13.37505,52.62823],[13.37478,52.62797],[13.37463,52.628],[13.37462,52.62791],[13.37457,52.62777],[13.37419,52.62792],[13.37421,52.62777],[13.37414,52.62768],[13.37406,52.62768],[13.37397,52.62768],[13.37383,52.62776],[13.37372,52.62779],[13.37364,52.62781],[13.37355,52.6278],[13.3734,52.62771],[13.3733,52.6276],[13.3732,52.62757],[13.37315,52.62755],[13.37298,52.62745],[13.37279,52.62755],[13.37274,52.62757],[13.3727,52.62758],[13.37269,52.62757],[13.37263,52.62752],[13.37252,52.62744],[13.37232,52.62727],[13.37212,52.6273],[13.37187,52.62732],[13.3716,52.6274],[13.37159,52.62739],[13.3716,52.62726],[13.3716,52.62721],[13.37148,52.62716],[13.37119,52.6272],[13.3711,52.62723],[13.37097,52.62735],[13.3709,52.62737],[13.37083,52.62738],[13.3708,52.62738],[13.37076,52.62736],[13.37073,52.62734],[13.37069,52.62731],[13.37062,52.62723],[13.37046,52.62706],[13.37044,52.62704],[13.37041,52.62702],[13.37029,52.627],[13.37017,52.62707],[13.37023,52.62682],[13.37012,52.62677],[13.36989,52.6267],[13.36987,52.62669],[13.36983,52.62652],[13.36972,52.62645],[13.36966,52.62632],[13.36955,52.62625],[13.36957,52.62611],[13.36951,52.62601],[13.36913,52.62603],[13.36912,52.62603],[13.36911,52.62599],[13.36916,52.62583],[13.36888,52.62568],[13.36853,52.62558],[13.36827,52.62567],[13.36824,52.62568],[13.36816,52.62566],[13.36797,52.62558],[13.36768,52.62572],[13.36766,52.62601],[13.36755,52.62597],[13.3673,52.62588],[13.36728,52.62587],[13.36728,52.62581],[13.36722,52.62575],[13.36715,52.62576],[13.36698,52.62586],[13.36694,52.62585],[13.36692,52.62579],[13.36695,52.62558],[13.36697,52.62547],[13.36691,52.62544],[13.36693,52.62535],[13.36698,52.62537],[13.36711,52.6254],[13.36719,52.62531],[13.3673,52.62502],[13.3678,52.62425],[13.36791,52.62407],[13.36809,52.62387],[13.36848,52.62341],[13.36859,52.62329],[13.36862,52.62326],[13.36871,52.62316],[13.36877,52.62309],[13.36937,52.62242],[13.36942,52.62236],[13.36952,52.62226],[13.36963,52.62211],[13.36972,52.62199],[13.36978,52.62193],[13.36983,52.62187],[13.37013,52.6215],[13.37038,52.6212],[13.37105,52.62037],[13.37155,52.6197],[13.37191,52.61917],[13.37245,52.61838],[13.37275,52.61792],[13.37298,52.61754],[13.37311,52.61733],[13.37314,52.61729],[13.37322,52.61718],[13.37323,52.61716],[13.3737,52.61649],[13.37421,52.61576],[13.37424,52.61572],[13.37426,52.6157],[13.37429,52.61567],[13.37451,52.61533],[13.37523,52.61423],[13.37572,52.61324],[13.37605,52.61201],[13.37606,52.61196],[13.37628,52.61113],[13.37629,52.6111],[13.37632,52.6107],[13.37635,52.60932],[13.37621,52.60774],[13.37578,52.60707],[13.37579,52.60702],[13.37578,52.607],[13.3757,52.60689],[13.3756,52.60675],[13.37544,52.60653],[13.37515,52.60611],[13.37526,52.60622],[13.37506,52.60594],[13.37427,52.60477],[13.37402,52.60442],[13.37377,52.60405],[13.3733,52.60337],[13.37281,52.60267],[13.37246,52.60217],[13.37237,52.60204],[13.37191,52.60137],[13.37184,52.60127],[13.37166,52.60103],[13.37118,52.6003],[13.37111,52.6002],[13.37109,52.60017],[13.37102,52.60005],[13.371,52.60002],[13.37086,52.59983],[13.37057,52.59948],[13.37034,52.59925],[13.37015,52.59908],[13.36997,52.59894],[13.36962,52.59865],[13.36938,52.59846],[13.36864,52.59784],[13.3686,52.59781],[13.36852,52.59774],[13.36817,52.59744],[13.3681,52.59738],[13.368,52.59737],[13.36797,52.59737],[13.36796,52.59736],[13.36785,52.59725],[13.36776,52.59717],[13.36714,52.59666],[13.36704,52.59657],[13.3662,52.59589],[13.36569,52.59546],[13.36565,52.59542],[13.36549,52.59529],[13.36524,52.59507],[13.36503,52.5949],[13.36436,52.59434],[13.36429,52.59431],[13.3643,52.59428],[13.36365,52.59375],[13.363,52.59322],[13.36253,52.59284],[13.36159,52.59205],[13.36113,52.59167],[13.36093,52.59151],[13.36087,52.59145],[13.3608,52.5914],[13.36078,52.59138],[13.36068,52.5913],[13.36066,52.59128],[13.36065,52.59127],[13.36031,52.59122],[13.36007,52.59118],[13.35985,52.59116],[13.35971,52.59114],[13.35913,52.59109],[13.35863,52.59106],[13.35801,52.59103],[13.35621,52.59092],[13.35618,52.59092],[13.35569,52.59089],[13.35521,52.59088],[13.35477,52.59089],[13.35465,52.5909],[13.35452,52.5909],[13.35415,52.59091],[13.35392,52.5909],[13.35369,52.5909],[13.35216,52.59082],[13.35206,52.59081],[13.35176,52.59079],[13.35128,52.59074],[13.3508,52.59069],[13.3502,52.5906],[13.34864,52.59032],[13.34812,52.59021],[13.34793,52.59017],[13.34791,52.59016],[13.34762,52.5901],[13.34758,52.59009],[13.34757,52.59009],[13.34756,52.59008],[13.34757,52.59008],[13.34766,52.59003],[13.34783,52.58993],[13.34803,52.58982],[13.34865,52.58947],[13.34913,52.5892],[13.34926,52.58921],[13.34992,52.58924],[13.34979,52.58891],[13.35017,52.5887],[13.35036,52.5886],[13.35054,52.58849],[13.35071,52.5884],[13.35075,52.58838],[13.35139,52.58802],[13.35187,52.5878],[13.35223,52.58759],[13.3521,52.58753],[13.35216,52.5875],[13.35264,52.58725],[13.35315,52.58699],[13.35332,52.5869],[13.35357,52.58677],[13.35388,52.5866],[13.35394,52.58656],[13.35442,52.5863],[13.35453,52.58623],[13.35515,52.58588],[13.35549,52.58568],[13.35569,52.58557],[13.35574,52.58554],[13.35611,52.58534],[13.35659,52.58508],[13.35695,52.58487],[13.35782,52.58439],[13.35807,52.58434],[13.35845,52.58426],[13.35881,52.58417],[13.35925,52.58386],[13.35922,52.58377],[13.35998,52.58336],[13.3607,52.58296],[13.36217,52.58215],[13.36295,52.58172],[13.36345,52.58143],[13.36364,52.58135],[13.3637,52.58132],[13.36387,52.58125],[13.36401,52.58147],[13.36405,52.58145],[13.36407,52.58143],[13.36431,52.58129],[13.3647,52.58102],[13.36523,52.58064],[13.36528,52.58061],[13.36572,52.58035],[13.36629,52.58003],[13.36653,52.5799],[13.36659,52.57987],[13.36669,52.57981],[13.36673,52.57979],[13.36684,52.57973],[13.36738,52.57943],[13.36817,52.579],[13.36813,52.57895],[13.36853,52.57873],[13.36914,52.57839],[13.37016,52.57784],[13.37118,52.57729],[13.37227,52.57681],[13.37232,52.57686],[13.37299,52.57657],[13.37363,52.57631],[13.37427,52.57605],[13.37472,52.57585],[13.37514,52.57563],[13.37582,52.57522],[13.37605,52.57508],[13.37625,52.57494],[13.37627,52.57493],[13.37646,52.5748],[13.37652,52.57481],[13.37649,52.57478],[13.37648,52.57478],[13.37645,52.57474],[13.37732,52.57417],[13.37762,52.57397],[13.37808,52.57367],[13.37816,52.57361],[13.37825,52.57369],[13.37848,52.57372],[13.37859,52.57341],[13.37886,52.57345],[13.37892,52.57345],[13.37901,52.57315],[13.37904,52.57307],[13.37927,52.57309],[13.37936,52.57282],[13.37952,52.57272],[13.37961,52.57274],[13.37968,52.57252],[13.38,52.57246],[13.38018,52.57242],[13.38026,52.57241],[13.38027,52.57241],[13.38089,52.57229],[13.38098,52.57227],[13.38116,52.57223],[13.38152,52.57216],[13.38185,52.5721],[13.38215,52.57204],[13.3822,52.57203],[13.38224,52.57202],[13.38254,52.57208],[13.38277,52.57218],[13.38308,52.57233],[13.38337,52.57217],[13.38359,52.57205],[13.38381,52.57193],[13.38402,52.57182],[13.38426,52.57169],[13.38469,52.57145],[13.38491,52.57133],[13.38512,52.57121],[13.38533,52.57109],[13.38555,52.57097],[13.38578,52.57085],[13.386,52.57073],[13.38622,52.57061],[13.38643,52.57049],[13.38665,52.57037],[13.3867,52.57034],[13.38671,52.57034],[13.38692,52.57022],[13.38705,52.57015],[13.38714,52.5701],[13.38736,52.56998],[13.38757,52.56986],[13.38779,52.56974],[13.38801,52.56962],[13.38826,52.56948],[13.38812,52.56938],[13.38777,52.56915],[13.38815,52.56892],[13.38894,52.56845],[13.38918,52.5683],[13.38926,52.56826],[13.38928,52.56824],[13.38905,52.56813],[13.38846,52.56776],[13.38845,52.56775],[13.38838,52.56768],[13.3884,52.56767],[13.38842,52.56766],[13.38845,52.56764],[13.38851,52.56761],[13.38852,52.56761],[13.3886,52.56764],[13.38866,52.56766],[13.38902,52.56741],[13.38906,52.56738],[13.38905,52.56733],[13.38902,52.5673],[13.38879,52.56715],[13.38883,52.56714],[13.38893,52.56708],[13.38895,52.56707],[13.38892,52.567],[13.38918,52.56685],[13.39039,52.56616],[13.39063,52.56602],[13.39074,52.56582],[13.39072,52.5658],[13.39071,52.5658],[13.39103,52.56562],[13.39107,52.56565],[13.39134,52.56562],[13.39159,52.56548],[13.39286,52.56476],[13.39312,52.5646],[13.39319,52.56456],[13.39333,52.56445],[13.39337,52.56442],[13.39339,52.5644],[13.39333,52.56437],[13.39338,52.56434],[13.39353,52.56423],[13.39364,52.56415],[13.39366,52.56413],[13.39373,52.56409],[13.39388,52.56395],[13.39404,52.56381],[13.3942,52.56366],[13.39436,52.56352],[13.39439,52.56349],[13.39449,52.56339],[13.39451,52.56337],[13.39452,52.56335],[13.39463,52.56325],[13.39477,52.5631],[13.39488,52.56297],[13.3949,52.56295],[13.39503,52.56281],[13.39521,52.56261],[13.39523,52.56258],[13.39591,52.56182],[13.3961,52.56148],[13.39622,52.56129],[13.39632,52.56108],[13.3964,52.56086],[13.39654,52.56043],[13.39664,52.56005],[13.39664,52.56002],[13.39667,52.55992],[13.39669,52.55984],[13.39678,52.55943],[13.39696,52.55881],[13.39701,52.55844],[13.39703,52.5584],[13.39703,52.55839],[13.39704,52.55838],[13.39709,52.55829],[13.3971,52.55827],[13.39717,52.55789],[13.39714,52.55789],[13.39715,52.55738],[13.39716,52.55724],[13.39716,52.55722],[13.39718,52.55679],[13.39718,52.55634],[13.39731,52.55566],[13.39742,52.55522],[13.3975,52.55497],[13.39753,52.55486],[13.39755,52.5548],[13.39756,52.55478],[13.39756,52.55475],[13.39757,52.55474],[13.39757,52.55473],[13.39757,52.55472],[13.39758,52.55467],[13.3976,52.55461],[13.39761,52.55457],[13.39764,52.55441],[13.39772,52.55411],[13.39783,52.55376],[13.39798,52.55323],[13.39807,52.55281],[13.39807,52.55278],[13.39807,52.55275],[13.39806,52.5526],[13.39802,52.55238],[13.39798,52.5522],[13.3979,52.55198],[13.39781,52.55177],[13.3978,52.55176],[13.39778,52.55171],[13.39772,52.5516],[13.39763,52.55142],[13.39754,52.55131],[13.39745,52.55122],[13.39736,52.55112],[13.39729,52.55106],[13.39722,52.55101],[13.39719,52.55097],[13.39708,52.55089],[13.39702,52.55084],[13.39688,52.55073],[13.39685,52.5507],[13.39721,52.55074],[13.39729,52.55074],[13.39775,52.55078],[13.3981,52.55081],[13.39841,52.55084],[13.39862,52.55086],[13.39876,52.55087],[13.3989,52.55089],[13.3989,52.55088],[13.39894,52.55063],[13.39898,52.55045],[13.39914,52.54954],[13.39915,52.54948],[13.39916,52.54943],[13.39917,52.5494],[13.39917,52.54936],[13.39918,52.54933],[13.39919,52.54929],[13.3992,52.54925],[13.3992,52.54921],[13.39923,52.5491],[13.39923,52.54907],[13.39929,52.54895],[13.39932,52.54887],[13.39936,52.54878],[13.39937,52.54876],[13.39938,52.54874],[13.39954,52.54838],[13.39955,52.54836],[13.39962,52.5482],[13.39963,52.54816],[13.39964,52.54816],[13.39986,52.54764],[13.3999,52.54756],[13.39995,52.54746],[13.40026,52.54674],[13.4003,52.54666],[13.4003,52.54665],[13.39937,52.54656],[13.39935,52.54656],[13.39936,52.54654],[13.39932,52.54653],[13.39921,52.54653],[13.39927,52.54638],[13.39931,52.5463],[13.39949,52.54588],[13.39965,52.54551],[13.39967,52.54546],[13.39982,52.54506],[13.39984,52.54496],[13.39989,52.54476],[13.39992,52.54465],[13.39999,52.5444],[13.40006,52.54413],[13.40013,52.54384],[13.40017,52.54368],[13.40021,52.54352],[13.40025,52.54338],[13.40025,52.54336],[13.40027,52.54332],[13.4003,52.54327],[13.40033,52.5432],[13.40042,52.543],[13.40051,52.54281],[13.40091,52.54196],[13.40099,52.54181],[13.40146,52.54105],[13.40171,52.54065],[13.40173,52.54062],[13.40175,52.54058],[13.40178,52.54053],[13.40182,52.54048],[13.40183,52.54045],[13.40203,52.54012],[13.40272,52.54032],[13.40277,52.54033],[13.40293,52.54038],[13.40338,52.54051],[13.40342,52.54043],[13.40344,52.54039],[13.40347,52.54033],[13.40349,52.54029],[13.40353,52.54021],[13.40367,52.54025],[13.40388,52.54031],[13.40419,52.5404],[13.4047,52.54019],[13.4048,52.54],[13.40483,52.53993],[13.40484,52.53991],[13.40487,52.53984],[13.40488,52.53982],[13.40491,52.53977],[13.40491,52.53975],[13.40495,52.53968],[13.40498,52.53961],[13.40499,52.53959],[13.40502,52.53952],[13.40507,52.53942],[13.40508,52.5394],[13.4051,52.53936],[13.40512,52.53931],[13.40513,52.53929],[13.40518,52.5392],[13.40518,52.53919],[13.40536,52.53884],[13.4053,52.53883],[13.40536,52.53871],[13.40542,52.53872],[13.40542,52.5387],[13.40552,52.53851],[13.40546,52.5385],[13.40581,52.53778],[13.40589,52.5378],[13.4059,52.53776],[13.40594,52.53769],[13.40595,52.53767],[13.40602,52.53753],[13.40603,52.53751],[13.40607,52.53743],[13.40609,52.53739],[13.40612,52.53734],[13.40614,52.53728],[13.40616,52.53726],[13.40618,52.53722],[13.40624,52.5371],[13.40626,52.53706],[13.40632,52.53693],[13.40634,52.5369],[13.4064,52.53678],[13.4064,52.53677],[13.40642,52.53674],[13.40647,52.53665],[13.40648,52.53662],[13.4065,52.53659],[13.40653,52.53652],[13.40655,52.5365],[13.40658,52.53644],[13.40659,52.53641],[13.40669,52.53621],[13.40671,52.53617],[13.40675,52.5361],[13.40678,52.53602],[13.40692,52.53571],[13.40698,52.5356],[13.40705,52.53547],[13.40706,52.53546],[13.40707,52.53544],[13.40708,52.53542],[13.40708,52.53541],[13.40711,52.53536],[13.40712,52.53535],[13.40713,52.53533],[13.40718,52.53524],[13.40719,52.53522],[13.40726,52.53509],[13.40729,52.53505],[13.4073,52.53503],[13.40732,52.53498],[13.40735,52.53494],[13.40736,52.53491],[13.40745,52.53476],[13.40749,52.53469],[13.40754,52.53467],[13.40757,52.53466],[13.40761,52.53464],[13.40768,52.53461],[13.4078,52.53456],[13.40812,52.53444],[13.40835,52.53435],[13.40818,52.53418],[13.40781,52.53379],[13.40778,52.53376],[13.40768,52.53366],[13.40768,52.53365],[13.40766,52.53364],[13.40758,52.53355],[13.4075,52.53347],[13.40748,52.53345],[13.40735,52.53332],[13.40734,52.5333],[13.4072,52.53316],[13.40718,52.53313],[13.40716,52.53311],[13.40702,52.53297],[13.407,52.53295],[13.40693,52.53288],[13.40691,52.53285],[13.4068,52.53274],[13.40669,52.53262],[13.40657,52.5325],[13.40654,52.53247],[13.40652,52.53245],[13.40644,52.53236],[13.40643,52.53235],[13.40637,52.53209],[13.40636,52.53207],[13.4063,52.53184],[13.40628,52.53177],[13.40627,52.53175],[13.40625,52.53168],[13.40621,52.53154],[13.40621,52.53152],[13.4062,52.53151],[13.4062,52.53149],[13.40616,52.53136],[13.40614,52.53129],[13.40614,52.53127],[13.40613,52.53127],[13.4061,52.53116],[13.4061,52.53114],[13.40609,52.53111],[13.40605,52.53097],[13.40605,52.53095],[13.40599,52.53078],[13.40602,52.53073],[13.40609,52.53061],[13.40606,52.53057],[13.40593,52.53038],[13.40592,52.53036],[13.4058,52.53012],[13.40559,52.52968],[13.40559,52.52967],[13.40562,52.52966],[13.4059,52.52961],[13.40613,52.52957],[13.40615,52.52957],[13.40618,52.52956],[13.40637,52.52953],[13.40648,52.52951],[13.40651,52.52951],[13.40663,52.52949],[13.40673,52.52947],[13.40677,52.52947],[13.40687,52.52945],[13.40721,52.52939],[13.40723,52.52939],[13.40741,52.52936],[13.40744,52.52935],[13.40769,52.52931],[13.40801,52.52926],[13.40816,52.52923],[13.40819,52.52923],[13.40839,52.52918],[13.40874,52.5291],[13.409,52.52904],[13.40901,52.52904],[13.40906,52.52903],[13.40908,52.52902],[13.40923,52.52899],[13.40927,52.52898],[13.40931,52.52897],[13.4094,52.52895],[13.40971,52.52889],[13.41009,52.52881],[13.41081,52.5287],[13.41082,52.5287],[13.41086,52.52869],[13.41107,52.52866],[13.41122,52.52864],[13.41126,52.52863],[13.4113,52.52862],[13.41142,52.52859],[13.41147,52.52857],[13.41153,52.52856],[13.41157,52.52855],[13.41162,52.52853],[13.41168,52.52852],[13.41169,52.52851],[13.41177,52.52849],[13.41186,52.52846],[13.41194,52.52844],[13.41218,52.52838],[13.41224,52.52836],[13.41288,52.52818],[13.4131,52.52812],[13.41324,52.52808],[13.41331,52.52806],[13.41357,52.52798],[13.41418,52.52781],[13.41423,52.5278],[13.41431,52.52778],[13.41439,52.52775],[13.41445,52.52774],[13.41486,52.52762],[13.41514,52.52754],[13.41521,52.52752],[13.41543,52.52746],[13.41595,52.52719],[13.41615,52.52708],[13.41622,52.52706],[13.41636,52.52702],[13.41668,52.52687],[13.4167,52.52688],[13.4169,52.5268],[13.41688,52.52678],[13.41729,52.52661],[13.41796,52.5263],[13.41825,52.52618],[13.41843,52.5261],[13.41861,52.52603],[13.41878,52.52596],[13.41896,52.52588],[13.41913,52.52581],[13.41931,52.52574],[13.41949,52.52566],[13.41975,52.52555],[13.42016,52.52579],[13.42148,52.5266],[13.42199,52.52691],[13.42256,52.52725],[13.42275,52.52737],[13.42355,52.52786],[13.42364,52.52792],[13.42381,52.5279],[13.42383,52.5279],[13.424,52.52788],[13.42445,52.5279],[13.42447,52.52791],[13.42451,52.5279],[13.42466,52.52791],[13.42485,52.52788],[13.42495,52.528],[13.42503,52.5281],[13.42529,52.52813],[13.42532,52.52813],[13.43119,52.52881],[13.43596,52.52937],[13.43681,52.52947],[13.43711,52.5295],[13.43748,52.52955],[13.4378,52.52926],[13.43829,52.52882],[13.43831,52.5288],[13.43875,52.52878],[13.4391,52.529],[13.43913,52.52902],[13.43952,52.52927],[13.44026,52.52974],[13.44031,52.52977],[13.44035,52.5298],[13.44104,52.53024],[13.4411,52.53027],[13.4412,52.53034],[13.44228,52.53103],[13.44232,52.53099],[13.44302,52.53034],[13.44322,52.53016],[13.44606,52.52753],[13.44648,52.52714],[13.44654,52.52701],[13.44656,52.52698],[13.44693,52.52663],[13.44717,52.52641],[13.44792,52.52663],[13.44861,52.52684],[13.44865,52.52685],[13.44934,52.52706],[13.44951,52.52711],[13.44964,52.52715],[13.44968,52.52716],[13.44981,52.5272],[13.44992,52.52723],[13.44995,52.52724],[13.45006,52.52727],[13.45026,52.52733],[13.45049,52.5274],[13.45052,52.52741],[13.45077,52.52748],[13.45079,52.52749],[13.45113,52.52756],[13.45141,52.52763],[13.45191,52.52774],[13.45218,52.5278],[13.45242,52.52753],[13.45246,52.52746],[13.45247,52.52746],[13.45282,52.52693],[13.45288,52.52685],[13.4532,52.52637],[13.45333,52.52619],[13.45367,52.52569],[13.45382,52.52546],[13.45416,52.52497],[13.4546,52.52432],[13.45464,52.52426],[13.45465,52.52424],[13.45471,52.52416],[13.45484,52.52397],[13.45492,52.52385],[13.45537,52.52318],[13.45561,52.52283],[13.45567,52.52275],[13.45575,52.52263],[13.4558,52.52255],[13.45616,52.52246],[13.45591,52.52211],[13.45588,52.52207],[13.4558,52.52197],[13.45542,52.52145],[13.45529,52.52127],[13.45707,52.52095],[13.45716,52.52093],[13.45781,52.52081],[13.45824,52.52073],[13.45834,52.52072],[13.45872,52.52065],[13.45895,52.52061],[13.45913,52.52057],[13.45925,52.52055],[13.45936,52.52053],[13.45947,52.52051],[13.45961,52.52049],[13.45967,52.52048],[13.45996,52.52042],[13.46005,52.52041],[13.46014,52.52039],[13.46035,52.52035],[13.46042,52.52034],[13.46045,52.52033],[13.4605,52.52033],[13.46062,52.5203],[13.46067,52.5203],[13.46125,52.52019],[13.4613,52.52018],[13.4617,52.52011],[13.46187,52.52008],[13.46209,52.52004],[13.46232,52.52],[13.46253,52.51996],[13.46262,52.51994],[13.4627,52.51993],[13.46276,52.51993],[13.46329,52.51998],[13.46375,52.52001],[13.46394,52.52003],[13.46414,52.52004],[13.46542,52.52015],[13.46558,52.52016],[13.4669,52.52027],[13.46719,52.52029],[13.46847,52.5204],[13.46933,52.52047],[13.4697,52.5205],[13.47061,52.52057],[13.47113,52.52061],[13.47125,52.52062],[13.47141,52.52064],[13.47142,52.52064],[13.47163,52.52065],[13.47166,52.52066],[13.47202,52.52069],[13.47211,52.52069],[13.4718,52.52099],[13.47146,52.52131],[13.4713,52.52152],[13.47099,52.52182],[13.47065,52.5221],[13.4703,52.52238],[13.46991,52.52264],[13.46961,52.52281],[13.46949,52.52287],[13.46936,52.52294],[13.46904,52.5231],[13.46859,52.5233],[13.4681,52.52349],[13.4676,52.52366],[13.46709,52.52382],[13.46656,52.52394],[13.46602,52.52406],[13.46548,52.52415],[13.46493,52.52423],[13.46383,52.52436],[13.46365,52.52439],[13.46297,52.52448],[13.46276,52.5245],[13.46211,52.5247],[13.46149,52.5249],[13.46124,52.52498],[13.46087,52.5251],[13.46041,52.52524],[13.46026,52.52529],[13.45967,52.52551],[13.45912,52.52577],[13.45896,52.52586],[13.45892,52.52589],[13.45885,52.52593],[13.45883,52.52594],[13.45882,52.52595],[13.45877,52.52599],[13.45873,52.52601],[13.45872,52.52602],[13.45849,52.52617],[13.45843,52.52622],[13.45835,52.52628],[13.45818,52.5264],[13.4579,52.52665],[13.45779,52.52675],[13.4574,52.52713],[13.45709,52.52741],[13.45699,52.52751],[13.45686,52.52763],[13.45665,52.52783],[13.45659,52.52788],[13.45623,52.52823],[13.45623,52.52824],[13.4562,52.52826],[13.45625,52.52831],[13.45633,52.52839],[13.45692,52.52852],[13.457,52.52854],[13.45759,52.52867],[13.45806,52.52878],[13.46067,52.52936],[13.46101,52.52968],[13.46108,52.52977],[13.46125,52.52998],[13.4613,52.53003],[13.46134,52.53008],[13.46158,52.53037],[13.46161,52.53042],[13.46195,52.53083],[13.46221,52.53114],[13.46237,52.53133],[13.46306,52.53217],[13.46325,52.5324],[13.46336,52.53259],[13.46339,52.53263],[13.46444,52.53299],[13.46444,52.533],[13.46443,52.53301],[13.46443,52.53302],[13.46443,52.53303],[13.46443,52.53304],[13.46443,52.53305],[13.46443,52.53306],[13.46444,52.53307],[13.46445,52.53308],[13.46446,52.53309],[13.46447,52.5331],[13.46448,52.53311],[13.46449,52.53312],[13.46451,52.53313],[13.46452,52.53314],[13.46454,52.53315],[13.46452,52.5332],[13.46493,52.53334],[13.46496,52.53335],[13.46597,52.53368],[13.46609,52.53372],[13.46617,52.53375],[13.46626,52.53378],[13.46635,52.53381],[13.46643,52.53384],[13.46651,52.53387],[13.4666,52.5339],[13.46668,52.53394],[13.46676,52.53397],[13.46696,52.53405],[13.46697,52.53405],[13.46698,52.53404],[13.46699,52.53404],[13.467,52.53404],[13.46701,52.53404],[13.46702,52.53403],[13.46711,52.53407],[13.46712,52.53408],[13.46714,52.53408],[13.46715,52.53408],[13.46716,52.53408],[13.46718,52.53408],[13.46719,52.53408],[13.4672,52.53408],[13.46722,52.53408],[13.46723,52.53407],[13.46724,52.53407],[13.46725,52.53406],[13.46731,52.53403],[13.46735,52.53405],[13.46738,52.53406],[13.46735,52.53409],[13.46739,52.5341],[13.4674,52.5341],[13.46789,52.53432],[13.46819,52.53445],[13.46851,52.5346],[13.46851,52.53461],[13.46869,52.53469],[13.46874,52.53471],[13.46873,52.53474],[13.46872,52.53477],[13.4687,52.5348],[13.46869,52.53483],[13.46867,52.53486],[13.46864,52.5349],[13.46841,52.53526],[13.46807,52.53577],[13.4679,52.53602],[13.46782,52.53612],[13.4678,52.53613],[13.46778,52.53616],[13.46774,52.53618],[13.4677,52.5362],[13.46759,52.53625],[13.46757,52.53626],[13.46754,52.53627],[13.46752,52.53627],[13.4675,52.53628],[13.46748,52.53629],[13.46746,52.5363],[13.46743,52.5363],[13.46741,52.53631],[13.46696,52.53642],[13.46692,52.53643],[13.46682,52.53647],[13.46679,52.53648],[13.46677,52.53649],[13.46674,52.5365],[13.46671,52.53651],[13.46669,52.53652],[13.46639,52.53666],[13.46641,52.5367],[13.46659,52.53694],[13.46668,52.53707],[13.46683,52.53728],[13.46687,52.53733],[13.46728,52.53792],[13.46729,52.53793],[13.46765,52.53845],[13.46762,52.53845],[13.46756,52.53846],[13.46753,52.53846],[13.46752,52.5384],[13.46752,52.53841],[13.46746,52.53844],[13.46731,52.5385],[13.46868,52.53955],[13.46984,52.54046],[13.46976,52.54069],[13.46964,52.54101],[13.46961,52.54106],[13.4696,52.5411],[13.46958,52.54116],[13.46958,52.54117],[13.46957,52.54119],[13.46949,52.54142],[13.46917,52.54225],[13.46879,52.5433],[13.46864,52.54369],[13.46853,52.544],[13.46817,52.54498],[13.46776,52.54609],[13.46775,52.54612],[13.46773,52.54618],[13.4677,52.54625],[13.4677,52.54626],[13.46765,52.5464],[13.46759,52.54656],[13.46756,52.54661],[13.46753,52.54669],[13.46747,52.54686],[13.46745,52.54691],[13.46742,52.54698],[13.46725,52.54742],[13.46723,52.54748],[13.46715,52.54771],[13.46712,52.5478],[13.46708,52.54791],[13.46707,52.54793],[13.46702,52.54807],[13.46705,52.5481],[13.46707,52.54811],[13.46721,52.54821],[13.46725,52.54824],[13.46736,52.54832],[13.46745,52.54831],[13.46842,52.54823],[13.46846,52.54818],[13.46853,52.54823],[13.46858,52.54821],[13.46929,52.54789],[13.46932,52.54788],[13.46954,52.54778],[13.46988,52.54775],[13.46993,52.54774],[13.4714,52.54772],[13.47167,52.54771],[13.47168,52.54771],[13.47212,52.5477],[13.47248,52.5477],[13.47265,52.5477],[13.47298,52.5477],[13.47326,52.54769],[13.47353,52.54769],[13.47374,52.54768],[13.47378,52.54768],[13.47424,52.54767],[13.47468,52.54766],[13.47473,52.54766],[13.47653,52.54762],[13.47713,52.54761],[13.47814,52.54759],[13.4788,52.54758],[13.47965,52.54755],[13.4802,52.54794],[13.48046,52.54812],[13.48034,52.54823],[13.48023,52.54835],[13.48013,52.54847],[13.48011,52.5485],[13.48004,52.54859],[13.47996,52.54872],[13.47988,52.54885],[13.47982,52.54898],[13.47977,52.5491],[13.47941,52.54927],[13.47934,52.5493],[13.47941,52.54935],[13.47975,52.54962],[13.48008,52.54947],[13.48025,52.5496],[13.48037,52.54955],[13.48037,52.54945],[13.48161,52.54948],[13.48169,52.54949],[13.48176,52.5495],[13.48184,52.54951],[13.4819,52.54953],[13.48197,52.54955],[13.48203,52.54957],[13.4821,52.54959],[13.48216,52.54962],[13.48222,52.54965],[13.48228,52.54968],[13.48233,52.54972],[13.48276,52.55004],[13.48367,52.55072],[13.4839,52.55089],[13.48419,52.5511],[13.48537,52.55197],[13.48568,52.5522],[13.4858,52.55218],[13.48583,52.55219],[13.48596,52.55229],[13.48603,52.55234],[13.48612,52.5524],[13.4864,52.55235],[13.48692,52.55226],[13.48848,52.552],[13.48866,52.55197],[13.48893,52.55193],[13.49035,52.55169],[13.49056,52.55165],[13.49188,52.55136],[13.49255,52.55121],[13.49344,52.55102],[13.49375,52.55095],[13.49383,52.55093],[13.49387,52.55092],[13.49407,52.55088],[13.49442,52.5508],[13.49443,52.55078],[13.49453,52.55101],[13.4946,52.55117],[13.4947,52.55137],[13.49477,52.55153],[13.49482,52.55164],[13.49491,52.55183],[13.49497,52.55198],[13.49499,52.55201],[13.49505,52.55213],[13.49519,52.55244],[13.49529,52.55265],[13.49544,52.553],[13.49557,52.55335],[13.49564,52.55361],[13.49567,52.55387],[13.49568,52.55413],[13.49566,52.55441],[13.49563,52.55462],[13.49561,52.55471],[13.49553,52.555],[13.49542,52.55528],[13.49528,52.55556],[13.49511,52.55582],[13.49493,52.55606],[13.49491,52.55608],[13.49489,52.5561],[13.49468,52.55634],[13.49456,52.55646],[13.49451,52.55651],[13.49411,52.55691],[13.49366,52.55737],[13.49357,52.55746],[13.49353,52.5575],[13.49306,52.55799],[13.49248,52.55858],[13.49234,52.55874],[13.49224,52.55885],[13.49214,52.55895],[13.49199,52.55911],[13.49189,52.55921],[13.49187,52.55924],[13.49182,52.55928],[13.49167,52.55945],[13.49161,52.5595],[13.4915,52.55961],[13.49148,52.55962],[13.49145,52.55965],[13.4913,52.55979],[13.49115,52.5599],[13.49107,52.55995],[13.49086,52.56008],[13.49082,52.5601],[13.49056,52.56024],[13.49027,52.56037],[13.49024,52.56038],[13.49019,52.5604],[13.49012,52.56042],[13.48997,52.56048],[13.48978,52.56054],[13.48953,52.56061],[13.48932,52.56068],[13.48886,52.56082],[13.48883,52.56083],[13.48876,52.56085],[13.48805,52.56106],[13.48759,52.5612],[13.48729,52.56129],[13.48698,52.56136],[13.48666,52.56141],[13.48633,52.56146],[13.48589,52.5615],[13.48586,52.5615],[13.4854,52.56155],[13.48523,52.56175],[13.48519,52.5618],[13.48532,52.56227],[13.48546,52.56234],[13.4856,52.56242],[13.48568,52.56276],[13.48574,52.56295],[13.48579,52.56315],[13.48586,52.56342],[13.48589,52.5635],[13.48593,52.56366],[13.48598,52.56382],[13.48602,52.56399],[13.48607,52.56415],[13.48602,52.56416],[13.48592,52.56417],[13.48585,52.56418],[13.48577,52.56419],[13.48515,52.56426],[13.48499,52.56428],[13.48492,52.56428],[13.48469,52.56431],[13.48445,52.56434],[13.48422,52.56436],[13.48399,52.56439],[13.48385,52.56441],[13.48376,52.56442],[13.48367,52.56443],[13.48368,52.56444],[13.48368,52.56446],[13.48369,52.56446],[13.48369,52.56448],[13.48371,52.56453],[13.48371,52.56455],[13.48384,52.56494],[13.48385,52.56497],[13.48394,52.56524],[13.48396,52.5653],[13.48397,52.56531],[13.48398,52.56532],[13.48399,52.56533],[13.484,52.56534],[13.48401,52.56534],[13.48402,52.56535],[13.48403,52.56536],[13.48404,52.5654],[13.48407,52.56548],[13.48408,52.5655],[13.48409,52.56552],[13.48409,52.56555],[13.4841,52.56557],[13.4841,52.56559],[13.4841,52.56561],[13.4841,52.56566],[13.48409,52.56572],[13.4841,52.56574],[13.4841,52.56579],[13.4841,52.56581],[13.4841,52.56584],[13.4841,52.56587],[13.4841,52.56589],[13.48411,52.56597],[13.48415,52.56603],[13.48414,52.56603],[13.48398,52.56607],[13.48397,52.56607],[13.48385,52.56609],[13.48359,52.56612],[13.48361,52.56613],[13.48368,52.56619],[13.4837,52.5662],[13.48372,52.56621],[13.48373,52.56622],[13.48375,52.56624],[13.48385,52.56631],[13.48621,52.56815],[13.48746,52.56912],[13.48751,52.56916],[13.48754,52.56918],[13.48759,52.56922],[13.48639,52.56979],[13.48575,52.5701],[13.48565,52.57015],[13.48412,52.57088],[13.48383,52.57103],[13.48292,52.57148],[13.48261,52.57163],[13.4826,52.57164],[13.48263,52.57166],[13.48265,52.5717],[13.48266,52.57174],[13.48268,52.57177],[13.48269,52.5718],[13.4827,52.57182],[13.48272,52.57186],[13.48273,52.5719],[13.48274,52.57194],[13.48275,52.57199],[13.48277,52.57203],[13.48277,52.57207],[13.48278,52.57211],[13.48279,52.57215],[13.4828,52.57216],[13.4828,52.57217],[13.4828,52.57218],[13.48283,52.57237],[13.48283,52.57238],[13.48283,52.5724],[13.4828,52.57263],[13.48274,52.57262],[13.48258,52.57257],[13.48257,52.57256],[13.48255,52.57256],[13.48253,52.57255],[13.48236,52.57252],[13.48224,52.5725],[13.48219,52.57249],[13.48203,52.57249],[13.4817,52.57255],[13.48154,52.57258],[13.48133,52.5726],[13.48105,52.57262],[13.48099,52.57262],[13.48028,52.57261],[13.47992,52.57263],[13.47982,52.57264],[13.47972,52.57266],[13.47946,52.57269],[13.47946,52.57271],[13.47958,52.57334],[13.47986,52.57332],[13.47989,52.57351],[13.47962,52.57353],[13.47966,52.57372],[13.47966,52.57375],[13.47967,52.57378],[13.47964,52.57378],[13.47963,52.57378],[13.47965,52.57391],[13.47975,52.57434],[13.47979,52.57451],[13.47987,52.57468],[13.48007,52.57502],[13.48008,52.57513],[13.47975,52.57515],[13.47981,52.57543],[13.47991,52.57542],[13.47992,52.57542],[13.47992,52.57572],[13.47995,52.57642],[13.47995,52.57643],[13.47995,52.57646],[13.47995,52.57655],[13.47995,52.57657],[13.47995,52.5766],[13.47995,52.57664],[13.47997,52.57707],[13.47997,52.57709],[13.47999,52.57769],[13.48006,52.57772],[13.48008,52.57773],[13.4801,52.57773],[13.48015,52.57774],[13.48018,52.57774],[13.48026,52.57774],[13.48045,52.57773],[13.48052,52.5777],[13.48051,52.57773],[13.48051,52.57778],[13.48042,52.5778],[13.48041,52.57781],[13.4804,52.57785],[13.48032,52.57784],[13.48027,52.57784],[13.48025,52.57792],[13.4802,52.57791],[13.48004,52.5786],[13.48008,52.57861],[13.48001,52.57892],[13.47994,52.5792],[13.47974,52.5796],[13.47974,52.57964],[13.47972,52.57978],[13.47969,52.58009],[13.47976,52.58035],[13.47977,52.58056],[13.47972,52.58078],[13.47971,52.58094],[13.47972,52.58107],[13.47973,52.58117],[13.47973,52.58119],[13.47977,52.58131],[13.4798,52.58147],[13.47982,52.58159],[13.47986,52.58171],[13.47988,52.5818],[13.47989,52.58182],[13.47997,52.58208],[13.48,52.58223],[13.48001,52.58225],[13.48009,52.58245],[13.48016,52.58262],[13.48027,52.58291],[13.48028,52.58293],[13.48029,52.58296],[13.48045,52.58341],[13.48046,52.58344],[13.48046,52.58346],[13.48046,52.58348],[13.48048,52.58353],[13.48161,52.58332],[13.48165,52.58338],[13.48166,52.5834],[13.48166,52.58341],[13.48197,52.584],[13.4829,52.58404],[13.48357,52.58408],[13.48358,52.58411],[13.48368,52.58432],[13.48377,52.5845],[13.48381,52.58457],[13.48402,52.585],[13.48412,52.58521],[13.48433,52.58564],[13.48465,52.58562],[13.48472,52.58576],[13.4848,52.58593],[13.48494,52.58622],[13.48503,52.5864],[13.48515,52.58666],[13.4852,52.58678],[13.48531,52.58703],[13.48531,52.58713],[13.48537,52.58723],[13.48539,52.58725],[13.48548,52.58733],[13.4855,52.58735],[13.48552,52.58738],[13.48556,52.58743],[13.48561,52.58752],[13.48567,52.5876],[13.48591,52.58789],[13.486,52.58801],[13.48623,52.58823],[13.4864,52.58839],[13.48695,52.58884],[13.48783,52.58941],[13.48795,52.58948],[13.48831,52.58972],[13.4884,52.58978],[13.48896,52.59005],[13.48919,52.59014],[13.49145,52.59103],[13.49179,52.59117],[13.49197,52.59124],[13.49269,52.59152],[13.49272,52.59153],[13.49289,52.5916],[13.49384,52.59198],[13.49444,52.59221],[13.49474,52.59233],[13.49484,52.59237],[13.49557,52.59266],[13.49735,52.59336],[13.49863,52.59386],[13.49874,52.59391],[13.49885,52.59395],[13.50032,52.59453],[13.50116,52.59486],[13.50153,52.59502],[13.50182,52.59512],[13.505,52.59639],[13.50501,52.5964],[13.50506,52.59642],[13.50509,52.59643],[13.50518,52.59646],[13.50517,52.59647],[13.50509,52.59659],[13.50508,52.59662],[13.50507,52.59662],[13.50507,52.59663],[13.50229,52.60051],[13.50224,52.60059],[13.50222,52.60062],[13.50032,52.60328],[13.49904,52.60507],[13.49901,52.60511],[13.49897,52.60516],[13.49894,52.60516],[13.49802,52.60511],[13.4976,52.60508],[13.4968,52.60504],[13.49666,52.60503],[13.49679,52.60549],[13.49712,52.6067],[13.49718,52.60688],[13.49724,52.60705],[13.49729,52.60721],[13.49734,52.60738],[13.49739,52.60754],[13.49744,52.60771],[13.4975,52.60787],[13.49756,52.60804],[13.49761,52.60822],[13.49767,52.60839],[13.49773,52.60856],[13.49779,52.60873],[13.49785,52.6089],[13.49791,52.60907],[13.49797,52.60925],[13.49825,52.61001],[13.4984,52.61043],[13.49848,52.61067],[13.49851,52.61074],[13.49866,52.61103],[13.49883,52.61132],[13.49884,52.61134],[13.49895,52.61155],[13.4991,52.61182],[13.49916,52.61191],[13.49918,52.61194],[13.49932,52.61216],[13.49938,52.61226],[13.49945,52.61237],[13.49949,52.61244],[13.49961,52.61262],[13.4997,52.61277],[13.4998,52.61294],[13.49989,52.61308],[13.50008,52.61339],[13.50009,52.6134],[13.50023,52.61362],[13.50026,52.61368],[13.50027,52.61369],[13.50037,52.61387],[13.50037,52.61388],[13.50044,52.61401],[13.50045,52.61404],[13.5005,52.61412],[13.50064,52.61439],[13.50065,52.61442],[13.50074,52.61462],[13.50081,52.61476],[13.50086,52.61488],[13.50087,52.61491],[13.50095,52.61506],[13.50103,52.61521],[13.50111,52.61536],[13.50119,52.61552],[13.5012,52.61555],[13.50127,52.61566],[13.50135,52.61581],[13.50143,52.61595],[13.50151,52.61608],[13.50155,52.61615],[13.50164,52.61632],[13.50174,52.61648],[13.50185,52.61667],[13.5019,52.61676],[13.50194,52.61683],[13.50198,52.61689],[13.50206,52.61701],[13.50216,52.61717],[13.50226,52.61733],[13.50278,52.61816],[13.50281,52.61821],[13.50322,52.61884],[13.50327,52.6189],[13.5033,52.61896],[13.50331,52.61899],[13.50339,52.61906],[13.50351,52.61917],[13.5037,52.61926],[13.50462,52.61959],[13.50466,52.61961],[13.50469,52.61963],[13.50472,52.61964],[13.50525,52.61988],[13.5053,52.61991],[13.50533,52.61992],[13.50546,52.61997],[13.50546,52.62003],[13.50547,52.62012],[13.50547,52.62019],[13.50549,52.62048],[13.50551,52.62072],[13.50552,52.62088],[13.50553,52.62104],[13.50553,52.62106],[13.50554,52.6212],[13.50555,52.62124],[13.50555,52.62136],[13.50556,52.62153],[13.50558,52.62169],[13.50559,52.62185],[13.5056,52.62201],[13.5056,52.62209],[13.50561,52.62216],[13.50561,52.62217],[13.50562,52.62233],[13.50563,52.62251],[13.50564,52.62269],[13.50566,52.62287],[13.50567,52.62301],[13.50567,52.62305],[13.50568,52.62323],[13.50569,52.62341],[13.50571,52.62359],[13.50572,52.62377],[13.50573,52.62395],[13.50575,52.62417],[13.50575,52.62418],[13.50576,52.62442],[13.50577,52.62445],[13.50579,52.62474],[13.50579,52.62485],[13.5058,52.62489],[13.50581,52.62505],[13.50583,52.62538],[13.50585,52.62575],[13.50604,52.62583],[13.50617,52.62588],[13.50632,52.62594],[13.50647,52.62601],[13.50648,52.62601],[13.50674,52.62612],[13.50675,52.62612],[13.50702,52.62623],[13.50704,52.62624],[13.50721,52.62632],[13.50768,52.62651],[13.50775,52.62654],[13.50776,52.62654],[13.5078,52.62656],[13.50789,52.62659],[13.5079,52.6266],[13.50791,52.6266],[13.50796,52.62662],[13.50826,52.62673],[13.50845,52.62679],[13.50861,52.62685],[13.50891,52.62695],[13.50896,52.62697],[13.50929,52.62709],[13.50943,52.62714],[13.50959,52.62719],[13.50963,52.6272],[13.50988,52.62729],[13.51006,52.62736],[13.51027,52.62743],[13.51044,52.62748],[13.5107,52.62756],[13.51089,52.62763],[13.51096,52.62765],[13.51122,52.62773],[13.51139,52.62779],[13.51154,52.62783],[13.51181,52.6279],[13.51209,52.62797],[13.51236,52.62804],[13.51263,52.62811],[13.51288,52.62817],[13.5129,52.62818],[13.51317,52.62825],[13.51329,52.62828],[13.51344,52.62832],[13.51371,52.62839],[13.51381,52.62842],[13.51428,52.62854],[13.51452,52.6286],[13.51465,52.62863],[13.51476,52.62867],[13.515,52.62874],[13.51525,52.62881],[13.51549,52.62888],[13.51573,52.62895],[13.51586,52.62898],[13.51597,52.62901],[13.51622,52.62909],[13.51639,52.62914],[13.51647,52.62916],[13.51673,52.62924],[13.51698,52.62931],[13.51723,52.62939],[13.51748,52.62946],[13.51765,52.62951],[13.51782,52.62957],[13.51785,52.62967],[13.5179,52.62984],[13.51795,52.63002],[13.51801,52.63019],[13.51806,52.63037],[13.51811,52.63055],[13.51817,52.63073],[13.51822,52.63089],[13.51827,52.63105],[13.51842,52.63157],[13.51844,52.63162],[13.51847,52.63169],[13.51847,52.6317],[13.51848,52.63173],[13.5185,52.63175],[13.51851,52.63179],[13.51862,52.63201],[13.51869,52.63218],[13.51872,52.63223],[13.51878,52.63235],[13.51886,52.63253],[13.51894,52.6327],[13.51902,52.63287],[13.51902,52.63288],[13.5191,52.63304],[13.51918,52.63322],[13.51926,52.63339],[13.51934,52.63356],[13.51942,52.63374],[13.5195,52.63391],[13.51958,52.63408],[13.51966,52.63426],[13.51974,52.63442],[13.51974,52.63443],[13.51976,52.63446],[13.51977,52.63449],[13.51983,52.6346],[13.51992,52.63477],[13.51997,52.63486],[13.52011,52.63513],[13.52011,52.63514],[13.52014,52.63519],[13.52017,52.63525],[13.52037,52.63564],[13.52041,52.63571],[13.52045,52.63581],[13.52048,52.63589],[13.52052,52.63599],[13.52058,52.63615],[13.52059,52.63616],[13.52066,52.63633],[13.52073,52.63651],[13.52079,52.63669],[13.52086,52.63686],[13.52088,52.6369],[13.52092,52.63704],[13.52097,52.63721],[13.52103,52.63739],[13.52106,52.63749],[13.5211,52.63757],[13.52113,52.63763],[13.52119,52.63774],[13.52125,52.63784],[13.52128,52.63788],[13.52129,52.63791],[13.52139,52.63808],[13.5214,52.6381],[13.52148,52.63825],[13.52172,52.63866],[13.52173,52.6387],[13.52174,52.63873],[13.52176,52.63879],[13.52188,52.63912],[13.52194,52.6393],[13.522,52.63947],[13.52206,52.63965],[13.52212,52.63983],[13.52218,52.64],[13.52224,52.64018],[13.5223,52.64036],[13.52236,52.64051],[13.52244,52.64076],[13.5225,52.64122],[13.52251,52.6413],[13.52252,52.64137],[13.52256,52.64165],[13.52257,52.64174],[13.52259,52.64183],[13.52262,52.64201],[13.52266,52.64219],[13.52266,52.64222],[13.52269,52.64237],[13.52271,52.64255],[13.52272,52.64257],[13.52275,52.64278],[13.52278,52.64295],[13.52279,52.64301],[13.52281,52.64313],[13.52283,52.64324],[13.52286,52.64348],[13.52289,52.64371],[13.52293,52.64393],[13.52294,52.64404],[13.52295,52.64411],[13.52296,52.64427],[13.52297,52.64439],[13.52302,52.64503],[13.52243,52.645],[13.52185,52.64494],[13.5218,52.64494],[13.52167,52.64493],[13.52039,52.64488],[13.52032,52.64498],[13.52024,52.64508],[13.52023,52.6451],[13.52023,52.64511],[13.51994,52.6455],[13.51993,52.64552],[13.51989,52.64565],[13.51989,52.64567],[13.51988,52.6457],[13.51988,52.64572],[13.51986,52.64577],[13.51985,52.6458],[13.51965,52.64622],[13.51961,52.64629],[13.51959,52.64634],[13.51957,52.64638],[13.51928,52.64693],[13.51927,52.64695],[13.51848,52.64682],[13.51786,52.6467],[13.51716,52.64656],[13.51681,52.64648],[13.51655,52.64641],[13.51601,52.6463],[13.51586,52.64626],[13.51562,52.64621],[13.51538,52.64616],[13.51533,52.64615],[13.51519,52.64612],[13.51515,52.64611],[13.51492,52.64604],[13.5147,52.64597],[13.51457,52.64593],[13.51449,52.64591],[13.51433,52.64586],[13.51428,52.64584],[13.51417,52.64581],[13.51401,52.64576],[13.51385,52.64571],[13.51364,52.64565],[13.51344,52.64559],[13.51328,52.64554],[13.51297,52.64544],[13.51283,52.6454],[13.51193,52.64583],[13.51139,52.64612],[13.51093,52.64636],[13.51055,52.64657],[13.51051,52.64659],[13.51044,52.64663],[13.51043,52.64663],[13.51039,52.64665],[13.5103,52.6467],[13.51022,52.64674],[13.51009,52.64681],[13.51004,52.64683],[13.51002,52.64685],[13.51,52.64685],[13.50999,52.64686],[13.50995,52.64688],[13.50936,52.64719],[13.509,52.64739],[13.5084,52.6477],[13.50829,52.64776],[13.50813,52.64785],[13.50793,52.64795],[13.50773,52.64806],[13.50766,52.6481],[13.50728,52.6483],[13.50727,52.64831],[13.50725,52.64832],[13.50716,52.64836],[13.50714,52.64837],[13.50712,52.64838]],[[13.43362,52.64213],[13.43399,52.64216],[13.43405,52.64217],[13.43393,52.64198],[13.43379,52.64195],[13.43359,52.64189],[13.43362,52.64213]]],[[[13.39306,52.64591],[13.39307,52.64601],[13.39309,52.64603],[13.39302,52.64601],[13.39302,52.64593],[13.39306,52.64591]]],[[[13.50545,52.61989],[13.50544,52.61988],[13.50537,52.61985],[13.50484,52.61962],[13.50481,52.6196],[13.50478,52.61958],[13.50467,52.61953],[13.50377,52.61921],[13.5036,52.61912],[13.50349,52.61904],[13.50345,52.619],[13.50344,52.61899],[13.50346,52.619],[13.50365,52.6191],[13.50494,52.61952],[13.50495,52.61953],[13.505,52.61954],[13.50506,52.61956],[13.50544,52.61969],[13.50545,52.61983],[13.50545,52.61989]]],[[[13.39291,52.64565],[13.39292,52.64567],[13.39285,52.64566],[13.39274,52.64564],[13.3927,52.64558],[13.39279,52.64549],[13.39291,52.64565]]]]}},{"type":"Feature","properties":{"name":"Reinickendorf"},"geometry":{"type":"MultiPolygon","coordinates":[[[[13.37544,52.60653],[13.3756,52.60675],[13.3757,52.60689],[13.37578,52.607],[13.37579,52.60702],[13.37578,52.60707],[13.37621,52.60774],[13.37635,52.60932],[13.37632,52.6107],[13.37629,52.6111],[13.37628,52.61113],[13.37606,52.61196],[13.37605,52.61201],[13.37572,52.61324],[13.37523,52.61423],[13.37451,52.61533],[13.37429,52.61567],[13.37426,52.6157],[13.37424,52.61572],[13.37421,52.61576],[13.3737,52.61649],[13.37323,52.61716],[13.37322,52.61718],[13.37314,52.61729],[13.37311,52.61733],[13.37298,52.61754],[13.37275,52.61792],[13.37245,52.61838],[13.37191,52.61917],[13.37155,52.6197],[13.37105,52.62037],[13.37038,52.6212],[13.37013,52.6215],[13.36983,52.62187],[13.36978,52.62193],[13.36972,52.62199],[13.36963,52.62211],[13.36952,52.62226],[13.36942,52.62236],[13.36937,52.62242],[13.36877,52.62309],[13.36871,52.62316],[13.36862,52.62326],[13.36859,52.62329],[13.36848,52.62341],[13.36809,52.62387],[13.36791,52.62407],[13.3678,52.62425],[13.3673,52.62502],[13.36719,52.62531],[13.36711,52.6254],[13.36698,52.62537],[13.36693,52.62535],[13.36692,52.62533],[13.3669,52.6253],[13.36689,52.62528],[13.36686,52.62527],[13.36672,52.62529],[13.36665,52.62532],[13.36652,52.62532],[13.36645,52.62532],[13.36638,52.62534],[13.36632,52.62541],[13.36626,52.62546],[13.36621,52.62548],[13.36619,52.62548],[13.36614,52.62545],[13.36609,52.62541],[13.36607,52.62539],[13.36603,52.62538],[13.366,52.6254],[13.36598,52.62543],[13.36595,52.62548],[13.36591,52.62548],[13.36587,52.62544],[13.36588,52.62538],[13.36588,52.62532],[13.36588,52.6253],[13.36586,52.62529],[13.36583,52.62528],[13.36573,52.62529],[13.36569,52.62532],[13.36558,52.62541],[13.36549,52.62545],[13.3654,52.62547],[13.36538,52.62547],[13.36532,52.62547],[13.36527,52.62546],[13.36522,52.62543],[13.36519,52.62539],[13.36517,52.62538],[13.36513,52.62531],[13.36509,52.62527],[13.36507,52.62526],[13.36504,52.62525],[13.36491,52.62526],[13.36473,52.62526],[13.36466,52.62525],[13.36462,52.62523],[13.3646,52.62521],[13.3646,52.62518],[13.36475,52.62498],[13.36482,52.62489],[13.36482,52.62487],[13.36482,52.62486],[13.36481,52.62485],[13.3648,52.62484],[13.36477,52.62483],[13.36474,52.62483],[13.36458,52.62485],[13.36443,52.62486],[13.36422,52.62486],[13.3642,52.62484],[13.36419,52.62482],[13.36418,52.62476],[13.36415,52.6247],[13.3641,52.62467],[13.36407,52.62466],[13.36404,52.62466],[13.36398,52.62468],[13.36397,52.6247],[13.36396,52.62472],[13.36396,52.62474],[13.36398,52.62476],[13.36402,52.62482],[13.36405,52.62488],[13.36405,52.62489],[13.36403,52.62492],[13.36398,52.62495],[13.36394,52.62495],[13.36384,52.62492],[13.36374,52.62492],[13.36371,52.62495],[13.36378,52.62502],[13.36378,52.62505],[13.36378,52.62507],[13.36374,52.62509],[13.36369,52.62509],[13.36366,52.62507],[13.36363,52.62505],[13.3636,52.62501],[13.36352,52.62495],[13.3634,52.62491],[13.36336,52.62491],[13.36317,52.62488],[13.36309,52.62487],[13.36292,52.62485],[13.36286,52.62485],[13.36276,52.62483],[13.36267,52.62482],[13.36258,52.6248],[13.36252,52.62478],[13.36247,52.62474],[13.36247,52.6247],[13.36251,52.62463],[13.36251,52.62461],[13.3625,52.6246],[13.36247,52.62458],[13.36244,52.62457],[13.36242,52.62458],[13.36235,52.62458],[13.36229,52.62459],[13.36225,52.62459],[13.3622,52.62459],[13.36218,52.62459],[13.36213,52.62456],[13.36214,52.62452],[13.36214,52.6245],[13.36212,52.62447],[13.3621,52.62443],[13.36208,52.62441],[13.36202,52.62438],[13.36196,52.62434],[13.36192,52.62429],[13.3619,52.62428],[13.36187,52.62427],[13.36185,52.62427],[13.3618,52.62428],[13.36165,52.62432],[13.36138,52.62433],[13.3613,52.62433],[13.36104,52.62427],[13.36098,52.62426],[13.36094,52.62424],[13.36093,52.62421],[13.36092,52.62418],[13.36092,52.62415],[13.36092,52.62412],[13.36092,52.62405],[13.36086,52.62402],[13.36083,52.62402],[13.36079,52.62403],[13.36074,52.62403],[13.36056,52.62406],[13.3605,52.62405],[13.36047,52.62404],[13.36045,52.62402],[13.36045,52.624],[13.36044,52.62399],[13.36051,52.62391],[13.36058,52.62387],[13.36057,52.62384],[13.36055,52.62383],[13.36054,52.62383],[13.36049,52.62384],[13.36043,52.62383],[13.36038,52.62384],[13.36035,52.62384],[13.36033,52.62385],[13.36028,52.62385],[13.36023,52.62385],[13.36015,52.62385],[13.36013,52.62385],[13.36008,52.62386],[13.36006,52.62388],[13.36005,52.62391],[13.36002,52.62397],[13.35999,52.62401],[13.35997,52.62403],[13.35992,52.62404],[13.35986,52.62405],[13.35982,52.62406],[13.35975,52.62406],[13.35969,52.62405],[13.35968,52.62405],[13.35967,52.62404],[13.35966,52.62403],[13.35964,52.62401],[13.35963,52.62391],[13.35961,52.62387],[13.35956,52.62381],[13.35947,52.62376],[13.35943,52.62372],[13.35929,52.62362],[13.35925,52.6236],[13.3592,52.62356],[13.35919,52.62355],[13.3592,52.6235],[13.35921,52.62344],[13.35921,52.62342],[13.35921,52.6234],[13.35921,52.62333],[13.3592,52.62331],[13.35918,52.62329],[13.35915,52.62328],[13.35913,52.62328],[13.3591,52.62328],[13.35908,52.62329],[13.35905,52.62332],[13.35898,52.62338],[13.35893,52.6234],[13.35887,52.62342],[13.35881,52.62343],[13.35871,52.62342],[13.35849,52.62338],[13.35844,52.62337],[13.35841,52.62335],[13.3584,52.62333],[13.35844,52.62317],[13.35844,52.62316],[13.35841,52.62313],[13.35839,52.62313],[13.35838,52.62313],[13.35834,52.62313],[13.35831,52.62314],[13.35828,52.62317],[13.35822,52.62323],[13.35819,52.62328],[13.35815,52.62331],[13.35812,52.62332],[13.3581,52.62332],[13.35804,52.62332],[13.35801,52.62331],[13.35799,52.6233],[13.35779,52.62319],[13.35775,52.62313],[13.35775,52.6231],[13.35775,52.62307],[13.35775,52.62303],[13.3577,52.62299],[13.35764,52.62298],[13.35761,52.62298],[13.35756,52.623],[13.35736,52.62312],[13.35731,52.62314],[13.35727,52.62316],[13.35718,52.62318],[13.35716,52.62319],[13.35712,52.6232],[13.35707,52.6232],[13.35701,52.62319],[13.35684,52.62313],[13.35679,52.62312],[13.35673,52.62311],[13.35668,52.62311],[13.35658,52.62313],[13.35647,52.62316],[13.35645,52.62317],[13.35641,52.62321],[13.35636,52.62328],[13.35635,52.62329],[13.3563,52.6233],[13.35626,52.62328],[13.35616,52.62323],[13.35605,52.6232],[13.35599,52.62319],[13.35594,52.62319],[13.35588,52.6232],[13.35583,52.62322],[13.3557,52.62334],[13.35565,52.62338],[13.35562,52.62339],[13.35555,52.62341],[13.35548,52.62341],[13.35544,52.62342],[13.35538,52.62344],[13.35532,52.62346],[13.35526,52.62349],[13.35524,52.62352],[13.35515,52.62357],[13.35505,52.6236],[13.35494,52.62362],[13.35469,52.62362],[13.35463,52.62362],[13.35457,52.6236],[13.3545,52.62358],[13.35447,52.62356],[13.35444,52.62352],[13.35446,52.62347],[13.35445,52.62344],[13.35445,52.62342],[13.35438,52.62338],[13.35435,52.62337],[13.35424,52.62338],[13.35411,52.6234],[13.35396,52.62346],[13.35386,52.62349],[13.3538,52.62349],[13.35373,52.62347],[13.35371,52.62347],[13.35358,52.62344],[13.35351,52.62342],[13.35342,52.62336],[13.35341,52.62334],[13.35331,52.6233],[13.35323,52.62332],[13.35319,52.62337],[13.35314,52.62339],[13.35305,52.6234],[13.35297,52.62337],[13.35286,52.62328],[13.35282,52.62322],[13.35276,52.62318],[13.35263,52.62315],[13.35249,52.62309],[13.35246,52.62306],[13.35247,52.62301],[13.35254,52.62292],[13.35257,52.62288],[13.35259,52.62285],[13.35256,52.62284],[13.35255,52.62284],[13.35242,52.6228],[13.35235,52.62281],[13.35231,52.62282],[13.35229,52.62284],[13.35227,52.62294],[13.3522,52.62303],[13.35216,52.62305],[13.35208,52.62305],[13.35199,52.62302],[13.3517,52.623],[13.35166,52.62298],[13.35164,52.62294],[13.35166,52.62287],[13.35163,52.62281],[13.3516,52.62278],[13.35148,52.62273],[13.35136,52.62276],[13.35136,52.62279],[13.35107,52.62386],[13.34924,52.62376],[13.34829,52.6237],[13.34709,52.62362],[13.34669,52.62361],[13.34579,52.62364],[13.344,52.62374],[13.34398,52.62374],[13.34393,52.62368],[13.34392,52.62366],[13.34389,52.62364],[13.34381,52.62359],[13.34371,52.62354],[13.34366,52.62351],[13.34363,52.62348],[13.3436,52.62344],[13.34357,52.62342],[13.34355,52.62343],[13.34349,52.62344],[13.34346,52.62345],[13.34341,52.62346],[13.34334,52.62347],[13.34324,52.62345],[13.34322,52.62344],[13.3432,52.62342],[13.34319,52.62341],[13.34318,52.62338],[13.34315,52.62336],[13.34312,52.62335],[13.3431,52.62336],[13.34307,52.62337],[13.34304,52.62339],[13.34302,52.62341],[13.34296,52.62345],[13.34291,52.62346],[13.34286,52.62347],[13.34283,52.62347],[13.3428,52.62345],[13.34273,52.62339],[13.34268,52.62337],[13.34257,52.62335],[13.34249,52.62334],[13.34242,52.62333],[13.34238,52.62332],[13.34235,52.6233],[13.34232,52.62327],[13.34231,52.62325],[13.3423,52.62323],[13.34227,52.62321],[13.34225,52.62321],[13.3422,52.6232],[13.34215,52.62323],[13.34214,52.62323],[13.34204,52.62329],[13.34201,52.6233],[13.34196,52.62329],[13.3419,52.62326],[13.34188,52.62326],[13.34185,52.62325],[13.34179,52.62325],[13.34175,52.62326],[13.34153,52.62333],[13.34146,52.62331],[13.34143,52.62331],[13.34142,52.6233],[13.34139,52.62327],[13.34134,52.62326],[13.34133,52.62327],[13.34123,52.62328],[13.34117,52.62329],[13.34107,52.62328],[13.34098,52.62326],[13.34088,52.62323],[13.34075,52.62319],[13.34066,52.62316],[13.34057,52.62314],[13.34052,52.62314],[13.34046,52.62314],[13.3404,52.62317],[13.34034,52.62322],[13.34028,52.62325],[13.3402,52.62328],[13.3401,52.62329],[13.34003,52.62328],[13.33992,52.62327],[13.33985,52.62327],[13.33982,52.62328],[13.33973,52.6233],[13.33964,52.62331],[13.33957,52.6233],[13.33952,52.62328],[13.33939,52.6232],[13.33928,52.62317],[13.33901,52.62322],[13.33895,52.62324],[13.33882,52.62332],[13.33878,52.62334],[13.33873,52.62335],[13.33868,52.62334],[13.3386,52.62331],[13.33853,52.62325],[13.33851,52.62321],[13.3385,52.62311],[13.33847,52.62299],[13.33842,52.62295],[13.33841,52.62294],[13.33839,52.62293],[13.33835,52.62292],[13.33827,52.62293],[13.33803,52.62296],[13.33791,52.62297],[13.33783,52.62298],[13.33774,52.62296],[13.33759,52.62291],[13.33743,52.62286],[13.33734,52.62284],[13.33725,52.62283],[13.33714,52.62282],[13.33706,52.6228],[13.33694,52.62277],[13.33677,52.62271],[13.33673,52.62269],[13.33669,52.62267],[13.33668,52.62265],[13.33663,52.62267],[13.3366,52.62268],[13.33459,52.6235],[13.33286,52.62419],[13.33255,52.62403],[13.33214,52.62419],[13.33209,52.62421],[13.33191,52.62428],[13.3318,52.62431],[13.33177,52.62433],[13.33161,52.6244],[13.33138,52.62449],[13.33116,52.62458],[13.33093,52.62467],[13.33076,52.62474],[13.33067,52.62478],[13.3306,52.62481],[13.33041,52.62489],[13.33032,52.62492],[13.33018,52.62497],[13.33008,52.62501],[13.32999,52.62504],[13.32989,52.62508],[13.3298,52.62511],[13.3296,52.62518],[13.32946,52.62523],[13.32932,52.62529],[13.32931,52.62529],[13.3291,52.62534],[13.329,52.62536],[13.32885,52.6254],[13.32869,52.62544],[13.32864,52.62545],[13.32855,52.62546],[13.32853,52.62546],[13.32847,52.62547],[13.32837,52.62548],[13.32824,52.62551],[13.32807,52.62555],[13.32797,52.62557],[13.3279,52.62558],[13.32779,52.6256],[13.32765,52.62563],[13.32757,52.62564],[13.32744,52.62567],[13.32725,52.62569],[13.32695,52.62573],[13.32674,52.62575],[13.32644,52.62579],[13.32639,52.6258],[13.32618,52.62582],[13.32615,52.62583],[13.32606,52.62584],[13.32602,52.62585],[13.32587,52.62588],[13.32586,52.62588],[13.32557,52.62593],[13.32556,52.62593],[13.3254,52.62598],[13.32529,52.62602],[13.32501,52.6261],[13.32482,52.62616],[13.32479,52.62617],[13.32472,52.62618],[13.32445,52.62624],[13.32441,52.62625],[13.32425,52.62629],[13.32407,52.62633],[13.32395,52.62636],[13.32384,52.62638],[13.32365,52.6264],[13.32355,52.62641],[13.32343,52.62642],[13.3231,52.62644],[13.32306,52.62645],[13.32295,52.62646],[13.32294,52.62646],[13.32275,52.62647],[13.32268,52.62648],[13.32239,52.6265],[13.3222,52.62652],[13.32214,52.62652],[13.32187,52.62654],[13.32161,52.62655],[13.32148,52.62656],[13.32134,52.62657],[13.32104,52.62658],[13.32074,52.6266],[13.32045,52.62661],[13.32016,52.62663],[13.31986,52.62664],[13.31959,52.62666],[13.31936,52.6267],[13.31927,52.62671],[13.31914,52.62674],[13.31908,52.62675],[13.31905,52.62675],[13.31889,52.62678],[13.31888,52.62678],[13.31836,52.62693],[13.31831,52.62695],[13.31829,52.62696],[13.31816,52.62699],[13.31805,52.62702],[13.31804,52.62702],[13.31777,52.62709],[13.31768,52.62712],[13.31761,52.62713],[13.31745,52.62717],[13.31735,52.6272],[13.31729,52.62721],[13.317,52.62725],[13.31694,52.62726],[13.31672,52.62729],[13.31667,52.6273],[13.31664,52.6273],[13.31648,52.62732],[13.31644,52.62733],[13.31634,52.62735],[13.31616,52.62739],[13.31606,52.62741],[13.31595,52.62744],[13.3159,52.62745],[13.31571,52.62749],[13.3157,52.62749],[13.31539,52.62755],[13.31537,52.62756],[13.31527,52.62758],[13.31515,52.6276],[13.31508,52.62761],[13.315,52.62763],[13.31499,52.62763],[13.31493,52.62765],[13.3148,52.6277],[13.31472,52.62772],[13.3145,52.6278],[13.31445,52.62781],[13.31417,52.6279],[13.31386,52.62799],[13.31369,52.62803],[13.31351,52.62808],[13.31338,52.62812],[13.31335,52.62812],[13.3131,52.62816],[13.31301,52.62818],[13.31299,52.62818],[13.31269,52.62819],[13.31243,52.6282],[13.31233,52.6282],[13.31219,52.62819],[13.312,52.62818],[13.31197,52.62817],[13.31195,52.62817],[13.31185,52.62817],[13.31135,52.62813],[13.31133,52.62813],[13.31124,52.62812],[13.31111,52.62812],[13.31103,52.62812],[13.31102,52.62812],[13.311,52.62812],[13.31063,52.62808],[13.31056,52.62807],[13.31047,52.62807],[13.31037,52.62806],[13.31023,52.62805],[13.31017,52.62804],[13.30999,52.62803],[13.30975,52.62802],[13.30943,52.628],[13.30928,52.62799],[13.30874,52.62796],[13.3087,52.62796],[13.30851,52.62795],[13.3084,52.62793],[13.30819,52.6279],[13.30813,52.62789],[13.3079,52.62786],[13.30789,52.62786],[13.30759,52.62781],[13.30755,52.6278],[13.30745,52.62779],[13.3074,52.62778],[13.30738,52.62777],[13.30722,52.62775],[13.30721,52.62775],[13.30697,52.62773],[13.30672,52.62771],[13.30667,52.6277],[13.30652,52.62769],[13.30641,52.62768],[13.30638,52.62768],[13.30633,52.62767],[13.3063,52.62767],[13.30619,52.62766],[13.30607,52.62765],[13.30601,52.62765],[13.30586,52.62764],[13.30583,52.62764],[13.30568,52.62763],[13.3056,52.62762],[13.30536,52.62759],[13.3053,52.62758],[13.30529,52.62758],[13.30513,52.62755],[13.305,52.62753],[13.30499,52.62753],[13.30495,52.62752],[13.30491,52.62752],[13.30471,52.62749],[13.30469,52.62748],[13.30459,52.62747],[13.30446,52.62745],[13.30441,52.62744],[13.30423,52.62742],[13.30414,52.62741],[13.30387,52.62737],[13.30384,52.62736],[13.30346,52.62731],[13.30336,52.6273],[13.30314,52.62727],[13.30282,52.62722],[13.30261,52.62719],[13.30257,52.62739],[13.30254,52.62755],[13.30264,52.6276],[13.30303,52.62776],[13.30305,52.62777],[13.30309,52.62778],[13.30328,52.62783],[13.30342,52.62786],[13.30353,52.62789],[13.30365,52.62792],[13.30377,52.62795],[13.30388,52.62798],[13.30396,52.628],[13.30411,52.62803],[13.30412,52.62803],[13.30436,52.62808],[13.30439,52.62809],[13.30453,52.62812],[13.3046,52.62813],[13.30467,52.62814],[13.30483,52.62818],[13.30494,52.62821],[13.30506,52.62825],[13.30514,52.62828],[13.30516,52.62829],[13.3052,52.6283],[13.30524,52.62831],[13.30526,52.62832],[13.30544,52.6284],[13.30547,52.62841],[13.30566,52.62849],[13.30572,52.62851],[13.30586,52.62857],[13.30597,52.6286],[13.30619,52.62867],[13.30621,52.62867],[13.30628,52.62869],[13.30641,52.62873],[13.30645,52.62873],[13.30673,52.62877],[13.30698,52.62881],[13.30709,52.62883],[13.30722,52.62885],[13.30733,52.62887],[13.30745,52.62889],[13.3076,52.62892],[13.30767,52.62893],[13.30788,52.62897],[13.30789,52.62897],[13.30811,52.62901],[13.30815,52.62902],[13.30829,52.62904],[13.30834,52.62905],[13.3084,52.62906],[13.30856,52.62909],[13.30861,52.6291],[13.30881,52.62914],[13.30884,52.62915],[13.30887,52.62915],[13.30901,52.62921],[13.30915,52.62926],[13.30926,52.6293],[13.30946,52.62938],[13.30955,52.62942],[13.3097,52.62947],[13.30978,52.62953],[13.30982,52.62955],[13.31,52.62967],[13.31006,52.62975],[13.31027,52.63001],[13.30968,52.6301],[13.3097,52.63021],[13.30971,52.63024],[13.30977,52.63061],[13.31006,52.63062],[13.31017,52.63062],[13.31019,52.63062],[13.3101,52.6309],[13.31007,52.63101],[13.31004,52.63111],[13.31003,52.63114],[13.31003,52.63115],[13.30995,52.63132],[13.30989,52.63143],[13.30982,52.63157],[13.30982,52.63159],[13.30977,52.63199],[13.30972,52.63216],[13.30942,52.63267],[13.30934,52.6328],[13.30899,52.6332],[13.3089,52.63327],[13.30878,52.63337],[13.30858,52.63358],[13.30848,52.63371],[13.30845,52.63376],[13.30831,52.63396],[13.30824,52.63405],[13.30815,52.63416],[13.3078,52.63459],[13.30762,52.63479],[13.30753,52.6349],[13.30739,52.63506],[13.30728,52.63519],[13.30693,52.63559],[13.30625,52.6364],[13.30619,52.63648],[13.30607,52.63677],[13.30602,52.63686],[13.30583,52.63725],[13.3058,52.63733],[13.30578,52.63735],[13.30601,52.63739],[13.30607,52.6374],[13.30706,52.63755],[13.30706,52.63756],[13.30707,52.63777],[13.30698,52.63799],[13.30693,52.63812],[13.30692,52.63815],[13.30689,52.63828],[13.30688,52.63832],[13.30686,52.63844],[13.30685,52.63849],[13.30683,52.63861],[13.30681,52.63869],[13.30677,52.63875],[13.3067,52.63888],[13.30669,52.63889],[13.3066,52.63905],[13.30651,52.6392],[13.30644,52.63931],[13.30643,52.63934],[13.30641,52.63937],[13.30632,52.63952],[13.30627,52.63961],[13.30637,52.63962],[13.30644,52.63962],[13.30654,52.63963],[13.30672,52.63964],[13.30689,52.63966],[13.30704,52.63967],[13.3073,52.63969],[13.30729,52.63979],[13.30729,52.63989],[13.30727,52.64008],[13.30727,52.64011],[13.30788,52.6401],[13.30794,52.6401],[13.30806,52.64015],[13.30823,52.64024],[13.30818,52.64061],[13.30817,52.64064],[13.30817,52.64066],[13.30815,52.64077],[13.30854,52.6411],[13.30855,52.64111],[13.30862,52.64117],[13.30868,52.64123],[13.3087,52.64124],[13.30894,52.64146],[13.3089,52.64174],[13.30888,52.64182],[13.30887,52.64194],[13.30918,52.64199],[13.30915,52.6421],[13.30913,52.64219],[13.3091,52.64233],[13.30903,52.64267],[13.30941,52.64273],[13.3094,52.6428],[13.30939,52.64283],[13.30932,52.64323],[13.30931,52.64332],[13.30929,52.64342],[13.30927,52.64352],[13.30924,52.64372],[13.30923,52.64378],[13.30922,52.64385],[13.30921,52.64387],[13.3092,52.64395],[13.30899,52.64391],[13.30864,52.64385],[13.30845,52.64382],[13.30843,52.64381],[13.3082,52.64409],[13.30802,52.64431],[13.30801,52.64432],[13.30797,52.64437],[13.30792,52.64443],[13.30785,52.64451],[13.30761,52.64481],[13.30759,52.64483],[13.30747,52.64497],[13.30739,52.64507],[13.30719,52.6453],[13.30711,52.64541],[13.30702,52.64552],[13.30696,52.64559],[13.3069,52.64566],[13.30683,52.64574],[13.30679,52.64579],[13.30675,52.64584],[13.30658,52.64604],[13.30646,52.6462],[13.30639,52.64627],[13.30621,52.64649],[13.3062,52.6465],[13.30607,52.64666],[13.30599,52.64675],[13.30595,52.6468],[13.30588,52.64689],[13.30578,52.64702],[13.30576,52.64704],[13.30562,52.6472],[13.30559,52.64724],[13.3052,52.64772],[13.30501,52.64795],[13.3048,52.6482],[13.3044,52.64868],[13.30432,52.64878],[13.304,52.64917],[13.30373,52.64949],[13.30364,52.64961],[13.30359,52.64966],[13.30344,52.64985],[13.30324,52.65009],[13.3032,52.65013],[13.30304,52.65034],[13.30283,52.65059],[13.30256,52.65091],[13.30244,52.65107],[13.30205,52.65154],[13.30204,52.65155],[13.30166,52.65201],[13.30165,52.65203],[13.30163,52.65204],[13.30128,52.65247],[13.30043,52.65351],[13.30178,52.65405],[13.30238,52.65429],[13.30287,52.65449],[13.30398,52.65494],[13.30498,52.65534],[13.30509,52.65539],[13.30512,52.6554],[13.30519,52.65543],[13.30533,52.65548],[13.3062,52.65583],[13.30631,52.65588],[13.30671,52.65604],[13.3068,52.65608],[13.3071,52.65619],[13.30768,52.65643],[13.30846,52.65674],[13.30891,52.65693],[13.30928,52.65708],[13.30977,52.65727],[13.30997,52.65735],[13.31,52.65737],[13.31004,52.65738],[13.3101,52.6574],[13.31004,52.65744],[13.31,52.65748],[13.30994,52.65746],[13.30988,52.65745],[13.30967,52.65736],[13.30951,52.6575],[13.30941,52.65759],[13.30931,52.65766],[13.3092,52.65774],[13.30909,52.65781],[13.30899,52.65786],[13.30889,52.65791],[13.30875,52.65796],[13.30864,52.658],[13.30879,52.65817],[13.30882,52.6582],[13.30884,52.65822],[13.30869,52.65834],[13.30867,52.65836],[13.30855,52.65842],[13.30842,52.6585],[13.30826,52.65859],[13.30815,52.65865],[13.30767,52.65893],[13.30736,52.65928],[13.30712,52.65962],[13.3055,52.65949],[13.30482,52.65944],[13.3047,52.65943],[13.30465,52.65943],[13.30457,52.65942],[13.30454,52.65942],[13.30408,52.65939],[13.30333,52.65931],[13.30292,52.65926],[13.30252,52.6592],[13.30205,52.65921],[13.30143,52.65923],[13.30057,52.65929],[13.3,52.65928],[13.2993,52.65928],[13.29855,52.6593],[13.29737,52.6593],[13.29713,52.6593],[13.29706,52.6593],[13.29698,52.6593],[13.29658,52.6593],[13.2958,52.6593],[13.29561,52.6593],[13.29554,52.6593],[13.29552,52.6593],[13.29449,52.65935],[13.29391,52.65936],[13.29369,52.65936],[13.29313,52.65945],[13.29215,52.65958],[13.2916,52.65966],[13.29019,52.65986],[13.28903,52.65995],[13.28851,52.65998],[13.28826,52.65997],[13.2878,52.65985],[13.28775,52.65984],[13.28767,52.65995],[13.28742,52.65995],[13.28738,52.65995],[13.28717,52.65994],[13.28659,52.66007],[13.28655,52.66008],[13.28608,52.66019],[13.28601,52.6602],[13.28593,52.66022],[13.28588,52.66023],[13.28544,52.66033],[13.28463,52.66043],[13.28457,52.66044],[13.2845,52.66044],[13.28432,52.66046],[13.28388,52.66049],[13.28367,52.66052],[13.28331,52.66058],[13.28277,52.66074],[13.28277,52.66073],[13.28273,52.66034],[13.2827,52.66012],[13.2827,52.66008],[13.28269,52.65997],[13.28267,52.65981],[13.28265,52.65965],[13.28264,52.6595],[13.28262,52.65936],[13.2826,52.65921],[13.28259,52.65907],[13.28257,52.65892],[13.28254,52.65863],[13.28252,52.65841],[13.28251,52.65835],[13.2825,52.65828],[13.28249,52.65812],[13.28247,52.65796],[13.28245,52.6578],[13.28243,52.65763],[13.28242,52.65745],[13.2824,52.65727],[13.28238,52.65711],[13.28231,52.65649],[13.2822,52.65548],[13.28215,52.65496],[13.28215,52.65495],[13.28214,52.65488],[13.28214,52.65486],[13.282,52.6536],[13.282,52.65356],[13.28196,52.65321],[13.28191,52.65275],[13.28264,52.65273],[13.28458,52.65265],[13.28513,52.65263],[13.28509,52.65212],[13.28503,52.65109],[13.28481,52.64974],[13.28466,52.64884],[13.2846,52.64834],[13.2845,52.64829],[13.28424,52.64845],[13.2844,52.6482],[13.28457,52.64795],[13.28452,52.6475],[13.28452,52.64744],[13.28447,52.6466],[13.28438,52.64599],[13.28433,52.6457],[13.28424,52.6448],[13.28416,52.64436],[13.2841,52.64367],[13.28408,52.64346],[13.284,52.64277],[13.28397,52.64256],[13.28389,52.64211],[13.28385,52.64166],[13.28383,52.64112],[13.28331,52.64104],[13.28289,52.64103],[13.28247,52.64102],[13.28077,52.64085],[13.27705,52.6403],[13.27695,52.64029],[13.27684,52.64028],[13.27646,52.64021],[13.27436,52.64027],[13.27424,52.64027],[13.27348,52.64013],[13.27217,52.6399],[13.27207,52.63988],[13.27197,52.63987],[13.2696,52.63971],[13.26653,52.64008],[13.26624,52.64011],[13.26579,52.64018],[13.26329,52.64053],[13.26263,52.64062],[13.26247,52.64064],[13.26215,52.64069],[13.26235,52.63995],[13.26223,52.63994],[13.26231,52.63952],[13.26232,52.63951],[13.26234,52.63937],[13.26241,52.63906],[13.26266,52.63865],[13.26281,52.63848],[13.26283,52.63845],[13.26316,52.63808],[13.26341,52.63776],[13.26377,52.6374],[13.26439,52.63644],[13.26443,52.63637],[13.26447,52.63632],[13.26468,52.63598],[13.2647,52.63593],[13.2652,52.63453],[13.26504,52.63323],[13.26496,52.63256],[13.26493,52.6324],[13.26489,52.63205],[13.26488,52.63198],[13.26488,52.63195],[13.26485,52.63173],[13.26484,52.63163],[13.26483,52.63157],[13.26482,52.6315],[13.26482,52.63149],[13.26481,52.63143],[13.2648,52.63134],[13.26476,52.63101],[13.26472,52.63066],[13.26471,52.63058],[13.2647,52.63053],[13.26468,52.63038],[13.26464,52.63007],[13.26463,52.62999],[13.26462,52.62991],[13.26456,52.62939],[13.26454,52.62928],[13.2645,52.62892],[13.26449,52.62888],[13.26445,52.62858],[13.26445,52.62853],[13.26444,52.62848],[13.26443,52.62837],[13.26442,52.62829],[13.26441,52.62822],[13.26437,52.6279],[13.26431,52.62743],[13.26429,52.62731],[13.26423,52.62686],[13.26413,52.62691],[13.26343,52.62718],[13.26238,52.62732],[13.26169,52.62752],[13.26105,52.62762],[13.2603,52.62774],[13.25962,52.62771],[13.25842,52.62771],[13.25826,52.62771],[13.25701,52.62767],[13.25662,52.62757],[13.25615,52.62754],[13.25568,52.6275],[13.25496,52.62747],[13.25421,52.62746],[13.2538,52.62741],[13.25324,52.62734],[13.25252,52.62731],[13.25174,52.62731],[13.25059,52.62736],[13.24913,52.62748],[13.24863,52.62741],[13.24846,52.62738],[13.248,52.6273],[13.24766,52.62732],[13.2471,52.62729],[13.24641,52.62727],[13.24606,52.62729],[13.24587,52.62732],[13.24573,52.62735],[13.245,52.62757],[13.24434,52.62786],[13.24417,52.62791],[13.2433,52.62819],[13.24318,52.6282],[13.24243,52.6283],[13.24209,52.62829],[13.24195,52.62826],[13.24184,52.62824],[13.2417,52.62821],[13.24167,52.6282],[13.2413,52.62812],[13.24112,52.62809],[13.24031,52.62789],[13.23969,52.62783],[13.23868,52.6278],[13.238,52.62781],[13.2376,52.62779],[13.23686,52.62779],[13.23668,52.62779],[13.23606,52.62779],[13.23578,52.6278],[13.23419,52.62765],[13.23334,52.62756],[13.23271,52.62751],[13.23199,52.62748],[13.23092,52.62743],[13.2308,52.62742],[13.23053,52.6274],[13.2304,52.62739],[13.23027,52.6274],[13.23,52.62742],[13.2298,52.62744],[13.22928,52.62747],[13.22909,52.62748],[13.22901,52.62748],[13.22871,52.6275],[13.22824,52.62754],[13.2281,52.62754],[13.22725,52.62764],[13.22647,52.62782],[13.22592,52.62786],[13.22592,52.62797],[13.2259,52.62805],[13.22588,52.62815],[13.22588,52.62817],[13.22588,52.62827],[13.22578,52.62826],[13.22564,52.62824],[13.22512,52.62841],[13.22529,52.62821],[13.22525,52.6282],[13.2252,52.62821],[13.22517,52.62822],[13.2251,52.62824],[13.22504,52.62825],[13.22497,52.62826],[13.22485,52.62829],[13.22471,52.62832],[13.22464,52.62833],[13.22454,52.62835],[13.22424,52.62841],[13.22301,52.6282],[13.22206,52.62824],[13.2218,52.62826],[13.22054,52.62832],[13.22054,52.62824],[13.22053,52.62816],[13.22055,52.62811],[13.22059,52.628],[13.22069,52.62781],[13.22037,52.62708],[13.2203,52.62693],[13.22027,52.62629],[13.22026,52.62612],[13.22007,52.62528],[13.21976,52.62444],[13.21818,52.62235],[13.21676,52.62016],[13.21482,52.61926],[13.20963,52.6123],[13.20688,52.60914],[13.20651,52.60881],[13.20604,52.60855],[13.20503,52.60814],[13.20423,52.60791],[13.20264,52.60752],[13.20234,52.6074],[13.20213,52.60728],[13.20196,52.60715],[13.20185,52.60705],[13.20174,52.60688],[13.20163,52.60655],[13.20162,52.60616],[13.2017,52.60549],[13.20192,52.60492],[13.20205,52.60471],[13.20216,52.60451],[13.20232,52.60425],[13.20264,52.60396],[13.20508,52.60203],[13.20551,52.60167],[13.20581,52.60142],[13.20634,52.60089],[13.20727,52.59984],[13.20818,52.59901],[13.20952,52.59807],[13.21129,52.59682],[13.21147,52.59674],[13.21532,52.59497],[13.21562,52.59478],[13.21665,52.59413],[13.21811,52.5932],[13.21885,52.59237],[13.21925,52.5914],[13.21888,52.59048],[13.21843,52.58956],[13.21801,52.58872],[13.21782,52.58834],[13.2174,52.58748],[13.21643,52.58571],[13.21595,52.58526],[13.21536,52.58476],[13.21517,52.58433],[13.21521,52.58387],[13.21543,52.58353],[13.21578,52.58324],[13.21616,52.58296],[13.21721,52.5824],[13.2177,52.58194],[13.21808,52.58146],[13.21831,52.58096],[13.21801,52.5797],[13.21796,52.57854],[13.21886,52.57716],[13.21929,52.57682],[13.22024,52.57605],[13.22204,52.57494],[13.22392,52.5742],[13.22464,52.57363],[13.22508,52.57315],[13.22522,52.57288],[13.22527,52.57261],[13.22525,52.57233],[13.22518,52.57179],[13.2252,52.57151],[13.2253,52.57122],[13.22567,52.57077],[13.22642,52.5698],[13.22673,52.56933],[13.22691,52.56875],[13.22697,52.56807],[13.22704,52.56781],[13.2272,52.5676],[13.22739,52.56741],[13.22752,52.56732],[13.22764,52.56723],[13.22777,52.56714],[13.22789,52.56704],[13.22801,52.56695],[13.22813,52.56685],[13.22817,52.56681],[13.22822,52.56677],[13.22826,52.56673],[13.2283,52.56668],[13.22834,52.56664],[13.22838,52.5666],[13.22841,52.56655],[13.22845,52.5665],[13.22848,52.56646],[13.22851,52.56641],[13.22854,52.56636],[13.22856,52.56632],[13.22859,52.56627],[13.22861,52.56622],[13.22863,52.56617],[13.22865,52.56612],[13.22866,52.56607],[13.22868,52.56602],[13.22869,52.56597],[13.2287,52.56593],[13.2287,52.56588],[13.22871,52.56583],[13.22871,52.56579],[13.22871,52.56574],[13.22871,52.56569],[13.22871,52.56564],[13.22871,52.5656],[13.2287,52.56555],[13.22869,52.5655],[13.22868,52.56545],[13.22867,52.56541],[13.22866,52.56536],[13.22864,52.56531],[13.22862,52.56527],[13.2286,52.56522],[13.22858,52.56517],[13.22856,52.56513],[13.22822,52.56454],[13.22796,52.56409],[13.22795,52.56405],[13.22794,52.56402],[13.22793,52.56398],[13.22792,52.56394],[13.22791,52.56391],[13.22791,52.56387],[13.2279,52.56384],[13.2279,52.5638],[13.2279,52.56376],[13.22791,52.56373],[13.22791,52.56369],[13.22792,52.56366],[13.22793,52.56362],[13.22794,52.56358],[13.22795,52.56355],[13.22797,52.56351],[13.22798,52.56348],[13.228,52.56344],[13.22802,52.56341],[13.22804,52.56338],[13.22806,52.56335],[13.22809,52.56332],[13.22811,52.56329],[13.22814,52.56326],[13.22817,52.56323],[13.2282,52.5632],[13.22823,52.56318],[13.22826,52.56315],[13.22829,52.56312],[13.22833,52.5631],[13.23059,52.5615],[13.23073,52.5614],[13.2308,52.56144],[13.23092,52.56148],[13.23119,52.56124],[13.23135,52.56112],[13.23201,52.56064],[13.23316,52.55998],[13.23385,52.55962],[13.23457,52.55926],[13.23456,52.55926],[13.23506,52.55901],[13.23585,52.55862],[13.23707,52.55801],[13.23807,52.55752],[13.23814,52.55748],[13.23834,52.55752],[13.23865,52.55739],[13.23888,52.5573],[13.23891,52.55728],[13.23893,52.55727],[13.23895,52.55724],[13.23895,52.55702],[13.23913,52.55693],[13.23931,52.55684],[13.24066,52.55617],[13.24096,52.55602],[13.24113,52.55593],[13.24112,52.55603],[13.24144,52.55587],[13.24167,52.55575],[13.24194,52.55562],[13.2422,52.55549],[13.24246,52.55536],[13.24273,52.55522],[13.24299,52.55509],[13.24694,52.55313],[13.2472,52.553],[13.24748,52.55286],[13.24775,52.55273],[13.24803,52.55259],[13.24844,52.55238],[13.24876,52.55222],[13.24893,52.55214],[13.24901,52.5521],[13.24904,52.55209],[13.24905,52.55208],[13.24919,52.55201],[13.24922,52.552],[13.24927,52.55197],[13.24945,52.55188],[13.25059,52.55133],[13.25178,52.55087],[13.25299,52.55045],[13.25424,52.55013],[13.25562,52.54986],[13.25695,52.54968],[13.25838,52.54958],[13.25908,52.54955],[13.26017,52.54952],[13.26056,52.54951],[13.2613,52.5495],[13.26277,52.54946],[13.26423,52.54944],[13.26541,52.54942],[13.26606,52.54941],[13.26922,52.54936],[13.26998,52.54935],[13.27024,52.54935],[13.27034,52.54934],[13.27052,52.54934],[13.27061,52.54934],[13.2706,52.5494],[13.27059,52.54943],[13.27121,52.54941],[13.27162,52.5494],[13.27196,52.54939],[13.27209,52.54931],[13.27565,52.54925],[13.27578,52.54925],[13.27581,52.54925],[13.27598,52.54924],[13.2778,52.54921],[13.27791,52.54921],[13.27903,52.54919],[13.27915,52.54918],[13.28192,52.54913],[13.2834,52.5491],[13.28341,52.5491],[13.28487,52.54908],[13.28635,52.54905],[13.28782,52.54903],[13.29059,52.54898],[13.29424,52.54892],[13.29521,52.54891],[13.29597,52.5489],[13.29603,52.5489],[13.29618,52.54889],[13.29623,52.54889],[13.29634,52.54889],[13.2964,52.54889],[13.29686,52.54888],[13.30015,52.54883],[13.30049,52.54883],[13.30071,52.54882],[13.30075,52.54882],[13.3008,52.54882],[13.30093,52.54882],[13.30096,52.54882],[13.30101,52.54882],[13.30121,52.54881],[13.30145,52.54881],[13.3015,52.54881],[13.30153,52.54881],[13.30172,52.54904],[13.30231,52.54977],[13.30241,52.5499],[13.30252,52.55002],[13.30262,52.55015],[13.30273,52.55028],[13.30284,52.55041],[13.30295,52.55054],[13.30306,52.55066],[13.30317,52.55079],[13.30328,52.55091],[13.30339,52.55104],[13.3035,52.55117],[13.30362,52.55129],[13.30378,52.55147],[13.30379,52.55148],[13.30388,52.55158],[13.30401,52.55172],[13.30408,52.55179],[13.30534,52.55313],[13.30562,52.55342],[13.3057,52.55351],[13.30582,52.55363],[13.30661,52.55447],[13.30663,52.55449],[13.3071,52.55499],[13.30718,52.55508],[13.30716,52.55509],[13.30736,52.5553],[13.30742,52.55536],[13.30786,52.55582],[13.30817,52.55615],[13.30838,52.55637],[13.30962,52.55767],[13.30967,52.55772],[13.30976,52.55775],[13.31022,52.55787],[13.31029,52.55789],[13.31068,52.558],[13.31134,52.55817],[13.31138,52.55819],[13.31228,52.55843],[13.31233,52.55844],[13.31249,52.55848],[13.31269,52.55853],[13.31275,52.55855],[13.31291,52.55859],[13.31292,52.55859],[13.31305,52.55862],[13.31309,52.55863],[13.31373,52.55879],[13.31376,52.55879],[13.3138,52.5588],[13.31381,52.55881],[13.31382,52.55881],[13.31475,52.55903],[13.3152,52.55914],[13.31529,52.55916],[13.31557,52.55923],[13.31694,52.55956],[13.31705,52.55959],[13.31728,52.55964],[13.31744,52.55967],[13.31755,52.55969],[13.31767,52.55972],[13.31776,52.55974],[13.3178,52.55975],[13.31793,52.55977],[13.31816,52.55981],[13.31817,52.55982],[13.31827,52.55983],[13.3184,52.55986],[13.31851,52.55987],[13.31862,52.55989],[13.31874,52.55991],[13.31886,52.55993],[13.31898,52.55995],[13.3191,52.55996],[13.31923,52.55998],[13.31935,52.56],[13.3203,52.56012],[13.32131,52.56025],[13.32265,52.56042],[13.32318,52.56049],[13.32341,52.56052],[13.32353,52.56054],[13.32365,52.56055],[13.32378,52.56056],[13.3239,52.56057],[13.32411,52.56063],[13.32418,52.56064],[13.32421,52.56064],[13.32427,52.56065],[13.32433,52.56066],[13.32438,52.56067],[13.32444,52.56068],[13.32449,52.56069],[13.32455,52.5607],[13.32461,52.56071],[13.32466,52.56072],[13.32471,52.56073],[13.32477,52.56075],[13.32482,52.56076],[13.32488,52.56078],[13.32493,52.56079],[13.32498,52.56081],[13.32503,52.56082],[13.32508,52.56084],[13.32512,52.56085],[13.32517,52.56087],[13.32521,52.56088],[13.32526,52.5609],[13.32528,52.56091],[13.32532,52.56092],[13.32537,52.56095],[13.32542,52.56097],[13.32547,52.56099],[13.32552,52.56101],[13.32557,52.56104],[13.32561,52.56106],[13.32566,52.56108],[13.3257,52.5611],[13.32574,52.56113],[13.32579,52.56115],[13.32583,52.56118],[13.32587,52.5612],[13.32591,52.56123],[13.32595,52.56125],[13.32599,52.56128],[13.32602,52.56131],[13.32606,52.56134],[13.3261,52.56136],[13.32613,52.56139],[13.32616,52.56142],[13.32619,52.56144],[13.32622,52.56147],[13.32624,52.56149],[13.32627,52.56151],[13.32629,52.56154],[13.32631,52.56156],[13.32634,52.56158],[13.32637,52.56161],[13.32638,52.56163],[13.3264,52.56166],[13.32642,52.56168],[13.32644,52.56171],[13.32647,52.56174],[13.32649,52.56177],[13.32651,52.5618],[13.32653,52.56183],[13.32656,52.56186],[13.32658,52.5619],[13.3266,52.56193],[13.32662,52.56196],[13.32663,52.562],[13.32676,52.56226],[13.32679,52.56238],[13.32689,52.56238],[13.32745,52.56235],[13.32865,52.56228],[13.32944,52.56224],[13.3297,52.56222],[13.32992,52.56221],[13.33003,52.5622],[13.33014,52.5622],[13.33037,52.56218],[13.33058,52.56217],[13.33081,52.56216],[13.33092,52.56215],[13.33105,52.56208],[13.33136,52.56191],[13.33137,52.5619],[13.33138,52.56189],[13.33141,52.56188],[13.33179,52.56166],[13.33189,52.56171],[13.33194,52.56174],[13.33199,52.56176],[13.33203,52.56177],[13.3321,52.56179],[13.33224,52.56187],[13.33238,52.56194],[13.33281,52.56217],[13.33307,52.56231],[13.3333,52.56243],[13.33361,52.5626],[13.33504,52.56336],[13.33532,52.56351],[13.33631,52.56403],[13.33666,52.56422],[13.3371,52.56446],[13.33751,52.56437],[13.33753,52.56437],[13.33806,52.56426],[13.33811,52.56425],[13.33846,52.56418],[13.33851,52.56417],[13.33853,52.56416],[13.33855,52.56416],[13.33864,52.56414],[13.33883,52.5641],[13.33898,52.56407],[13.33902,52.56406],[13.33904,52.56406],[13.33934,52.564],[13.33964,52.56394],[13.33992,52.56388],[13.34026,52.56381],[13.34033,52.56379],[13.34034,52.56379],[13.34036,52.56379],[13.34065,52.56373],[13.34068,52.56372],[13.34072,52.56371],[13.34092,52.56367],[13.34096,52.56366],[13.34099,52.56366],[13.34119,52.56362],[13.34123,52.56361],[13.34126,52.5636],[13.34146,52.56356],[13.3415,52.56355],[13.34154,52.56355],[13.34174,52.5635],[13.34177,52.5635],[13.34181,52.56349],[13.34263,52.56332],[13.34305,52.56323],[13.34307,52.56323],[13.34316,52.56321],[13.34335,52.56317],[13.34352,52.56314],[13.34356,52.56313],[13.34377,52.56309],[13.34382,52.56308],[13.34429,52.56298],[13.34431,52.56297],[13.34436,52.56297],[13.34453,52.56293],[13.34455,52.56293],[13.34474,52.56289],[13.34482,52.56287],[13.34526,52.56278],[13.34531,52.56277],[13.34576,52.56268],[13.34578,52.56267],[13.3458,52.56267],[13.34682,52.56246],[13.34686,52.56245],[13.34687,52.56245],[13.34719,52.56238],[13.34871,52.56207],[13.34874,52.562],[13.34888,52.56197],[13.34903,52.56194],[13.34909,52.56193],[13.34914,52.56193],[13.3493,52.56193],[13.34933,52.56193],[13.34942,52.56193],[13.34951,52.56193],[13.34956,52.56193],[13.34983,52.56194],[13.34985,52.56194],[13.34992,52.56194],[13.35004,52.56194],[13.35146,52.56196],[13.35169,52.56196],[13.35306,52.56197],[13.35316,52.56198],[13.3533,52.56198],[13.35352,52.56198],[13.35355,52.56198],[13.35431,52.56199],[13.35453,52.56199],[13.35475,52.56199],[13.35497,52.562],[13.35519,52.562],[13.35541,52.562],[13.35563,52.562],[13.35585,52.56201],[13.35607,52.56201],[13.35611,52.56201],[13.35641,52.56201],[13.35661,52.56201],[13.35664,52.56201],[13.35685,52.56202],[13.3569,52.56202],[13.35709,52.56201],[13.35716,52.562],[13.35751,52.56198],[13.35754,52.56198],[13.35775,52.56197],[13.35776,52.56197],[13.35782,52.56196],[13.35823,52.56194],[13.35826,52.56194],[13.35858,52.56192],[13.3587,52.56191],[13.35894,52.5619],[13.35902,52.5619],[13.35923,52.56188],[13.35932,52.56188],[13.35945,52.56187],[13.35953,52.56187],[13.35971,52.56185],[13.35981,52.56181],[13.35984,52.56163],[13.35985,52.56159],[13.35988,52.56148],[13.35989,52.56144],[13.35991,52.56135],[13.35991,52.56133],[13.35992,52.56129],[13.35994,52.56117],[13.35995,52.56114],[13.36,52.56094],[13.36004,52.56075],[13.36006,52.56065],[13.3601,52.56047],[13.3604,52.56052],[13.3608,52.56058],[13.36084,52.56059],[13.36097,52.56061],[13.36106,52.56063],[13.36117,52.56064],[13.36128,52.56066],[13.36154,52.5607],[13.36178,52.56074],[13.36221,52.56081],[13.36249,52.56085],[13.36278,52.5609],[13.36292,52.56092],[13.36296,52.56093],[13.36301,52.56094],[13.36312,52.56096],[13.36329,52.56098],[13.36349,52.56101],[13.36356,52.56102],[13.36369,52.56104],[13.36383,52.56107],[13.36398,52.56109],[13.36409,52.56111],[13.36449,52.56117],[13.36452,52.56118],[13.36453,52.56116],[13.36457,52.56093],[13.3646,52.56078],[13.36464,52.56058],[13.36471,52.56017],[13.36472,52.56013],[13.36473,52.5601],[13.36474,52.56002],[13.36475,52.55999],[13.36478,52.55985],[13.36479,52.55978],[13.3648,52.55972],[13.36484,52.55953],[13.36485,52.55944],[13.36488,52.5593],[13.3651,52.55812],[13.3656,52.55815],[13.36578,52.55817],[13.36601,52.55818],[13.36666,52.55823],[13.36688,52.55834],[13.36701,52.55841],[13.36733,52.55858],[13.36747,52.55865],[13.3678,52.55882],[13.36784,52.55884],[13.36883,52.55935],[13.36892,52.5594],[13.36903,52.55945],[13.36908,52.55948],[13.3691,52.55949],[13.36917,52.55953],[13.3692,52.55954],[13.36932,52.55961],[13.36956,52.55973],[13.36966,52.55979],[13.36967,52.5598],[13.36978,52.55986],[13.36979,52.55987],[13.36985,52.5599],[13.36992,52.55994],[13.36994,52.55993],[13.37023,52.56012],[13.37022,52.56012],[13.37033,52.56019],[13.37033,52.56021],[13.37058,52.56038],[13.37083,52.56054],[13.37099,52.56054],[13.37122,52.56055],[13.37134,52.56055],[13.37157,52.56056],[13.37173,52.56056],[13.37176,52.56056],[13.37178,52.56056],[13.37197,52.56057],[13.37209,52.56057],[13.37217,52.56057],[13.37218,52.56057],[13.37221,52.56057],[13.37222,52.56057],[13.37226,52.56057],[13.37229,52.56057],[13.3723,52.56057],[13.37232,52.56057],[13.37235,52.56057],[13.37237,52.56057],[13.37241,52.56057],[13.37242,52.56058],[13.37245,52.56058],[13.37247,52.56058],[13.3725,52.56058],[13.37254,52.56058],[13.37255,52.56058],[13.37258,52.56058],[13.37262,52.56058],[13.37263,52.56058],[13.37267,52.56058],[13.3727,52.56058],[13.37272,52.56058],[13.37274,52.56058],[13.37275,52.56058],[13.37276,52.56058],[13.37279,52.56058],[13.37289,52.56058],[13.37293,52.56059],[13.37301,52.56059],[13.37323,52.56059],[13.37368,52.5606],[13.37372,52.5606],[13.37401,52.56061],[13.37417,52.56061],[13.37421,52.56061],[13.37434,52.56062],[13.37443,52.56062],[13.37448,52.56062],[13.37456,52.56062],[13.37465,52.56062],[13.3747,52.56062],[13.37478,52.56062],[13.37496,52.56063],[13.375,52.56063],[13.37523,52.56063],[13.37545,52.56064],[13.3755,52.56064],[13.37559,52.56064],[13.37564,52.56064],[13.37573,52.56064],[13.37577,52.56065],[13.376,52.56065],[13.37606,52.56065],[13.37612,52.56065],[13.3762,52.56065],[13.37627,52.56066],[13.37632,52.56066],[13.3764,52.56066],[13.37663,52.56066],[13.37684,52.56067],[13.37693,52.56067],[13.37715,52.56066],[13.37721,52.56091],[13.37736,52.56147],[13.37742,52.56173],[13.37746,52.56185],[13.37752,52.56209],[13.37755,52.56221],[13.3776,52.5624],[13.37761,52.56245],[13.37763,52.56251],[13.37767,52.56267],[13.37768,52.56272],[13.37774,52.56295],[13.37776,52.563],[13.37777,52.56307],[13.37783,52.5633],[13.37789,52.5635],[13.37793,52.56367],[13.37797,52.56382],[13.378,52.56393],[13.37804,52.56408],[13.37808,52.56424],[13.37811,52.56437],[13.37815,52.56453],[13.37817,52.56457],[13.37821,52.56475],[13.37826,52.56494],[13.37844,52.56562],[13.37849,52.56584],[13.37852,52.56594],[13.37859,52.56619],[13.37868,52.56614],[13.37875,52.56615],[13.3789,52.56616],[13.37937,52.56622],[13.37966,52.56625],[13.37974,52.56626],[13.3799,52.56628],[13.37995,52.56628],[13.38058,52.56636],[13.38116,52.56642],[13.3812,52.56644],[13.38128,52.56647],[13.38166,52.56663],[13.38217,52.56684],[13.38274,52.56707],[13.38283,52.56711],[13.38284,52.56711],[13.38315,52.56724],[13.38383,52.56752],[13.38385,52.56753],[13.38405,52.56761],[13.38422,52.56768],[13.3843,52.56771],[13.38455,52.56774],[13.38461,52.56773],[13.3849,52.56769],[13.38511,52.56766],[13.38535,52.56763],[13.3858,52.56758],[13.38604,52.56755],[13.3861,52.56754],[13.3863,52.56751],[13.38663,52.56747],[13.38684,52.56744],[13.38693,52.56743],[13.38708,52.56741],[13.3872,52.5674],[13.38787,52.56731],[13.3879,52.56731],[13.38799,52.56738],[13.388,52.56738],[13.388,52.56739],[13.38805,52.56743],[13.3881,52.56747],[13.38813,52.56749],[13.38816,52.56751],[13.38818,52.56752],[13.38821,52.56754],[13.38822,52.56755],[13.38836,52.56764],[13.38837,52.56765],[13.3884,52.56767],[13.38838,52.56768],[13.38845,52.56775],[13.38846,52.56776],[13.38905,52.56813],[13.38928,52.56824],[13.38926,52.56826],[13.38918,52.5683],[13.38894,52.56845],[13.38815,52.56892],[13.38777,52.56915],[13.38812,52.56938],[13.38826,52.56948],[13.38801,52.56962],[13.38779,52.56974],[13.38757,52.56986],[13.38736,52.56998],[13.38714,52.5701],[13.38705,52.57015],[13.38692,52.57022],[13.38671,52.57034],[13.3867,52.57034],[13.38665,52.57037],[13.38643,52.57049],[13.38622,52.57061],[13.386,52.57073],[13.38578,52.57085],[13.38555,52.57097],[13.38533,52.57109],[13.38512,52.57121],[13.38491,52.57133],[13.38469,52.57145],[13.38426,52.57169],[13.38402,52.57182],[13.38381,52.57193],[13.38359,52.57205],[13.38337,52.57217],[13.38308,52.57233],[13.38277,52.57218],[13.38254,52.57208],[13.38224,52.57202],[13.3822,52.57203],[13.38215,52.57204],[13.38185,52.5721],[13.38152,52.57216],[13.38116,52.57223],[13.38098,52.57227],[13.38089,52.57229],[13.38027,52.57241],[13.38026,52.57241],[13.38018,52.57242],[13.38,52.57246],[13.37968,52.57252],[13.37961,52.57274],[13.37952,52.57272],[13.37936,52.57282],[13.37927,52.57309],[13.37904,52.57307],[13.37901,52.57315],[13.37892,52.57345],[13.37886,52.57345],[13.37859,52.57341],[13.37848,52.57372],[13.37825,52.57369],[13.37816,52.57361],[13.37808,52.57367],[13.37762,52.57397],[13.37732,52.57417],[13.37645,52.57474],[13.37648,52.57478],[13.37649,52.57478],[13.37652,52.57481],[13.37646,52.5748],[13.37627,52.57493],[13.37625,52.57494],[13.37605,52.57508],[13.37582,52.57522],[13.37514,52.57563],[13.37472,52.57585],[13.37427,52.57605],[13.37363,52.57631],[13.37299,52.57657],[13.37232,52.57686],[13.37227,52.57681],[13.37118,52.57729],[13.37016,52.57784],[13.36914,52.57839],[13.36853,52.57873],[13.36813,52.57895],[13.36817,52.579],[13.36738,52.57943],[13.36684,52.57973],[13.36673,52.57979],[13.36669,52.57981],[13.36659,52.57987],[13.36653,52.5799],[13.36629,52.58003],[13.36572,52.58035],[13.36528,52.58061],[13.36523,52.58064],[13.3647,52.58102],[13.36431,52.58129],[13.36407,52.58143],[13.36405,52.58145],[13.36401,52.58147],[13.36387,52.58125],[13.3637,52.58132],[13.36364,52.58135],[13.36345,52.58143],[13.36295,52.58172],[13.36217,52.58215],[13.3607,52.58296],[13.35998,52.58336],[13.35922,52.58377],[13.35925,52.58386],[13.35881,52.58417],[13.35845,52.58426],[13.35807,52.58434],[13.35782,52.58439],[13.35695,52.58487],[13.35659,52.58508],[13.35611,52.58534],[13.35574,52.58554],[13.35569,52.58557],[13.35549,52.58568],[13.35515,52.58588],[13.35453,52.58623],[13.35442,52.5863],[13.35394,52.58656],[13.35388,52.5866],[13.35357,52.58677],[13.35332,52.5869],[13.35315,52.58699],[13.35264,52.58725],[13.35216,52.5875],[13.3521,52.58753],[13.35223,52.58759],[13.35187,52.5878],[13.35139,52.58802],[13.35075,52.58838],[13.35071,52.5884],[13.35054,52.58849],[13.35036,52.5886],[13.35017,52.5887],[13.34979,52.58891],[13.34992,52.58924],[13.34926,52.58921],[13.34913,52.5892],[13.34865,52.58947],[13.34803,52.58982],[13.34783,52.58993],[13.34766,52.59003],[13.34757,52.59008],[13.34756,52.59008],[13.34757,52.59009],[13.34758,52.59009],[13.34762,52.5901],[13.34791,52.59016],[13.34793,52.59017],[13.34812,52.59021],[13.34864,52.59032],[13.3502,52.5906],[13.3508,52.59069],[13.35128,52.59074],[13.35176,52.59079],[13.35206,52.59081],[13.35216,52.59082],[13.35369,52.5909],[13.35392,52.5909],[13.35415,52.59091],[13.35452,52.5909],[13.35465,52.5909],[13.35477,52.59089],[13.35521,52.59088],[13.35569,52.59089],[13.35618,52.59092],[13.35621,52.59092],[13.35801,52.59103],[13.35863,52.59106],[13.35913,52.59109],[13.35971,52.59114],[13.35985,52.59116],[13.36007,52.59118],[13.36031,52.59122],[13.36065,52.59127],[13.36066,52.59128],[13.36068,52.5913],[13.36078,52.59138],[13.3608,52.5914],[13.36087,52.59145],[13.36093,52.59151],[13.36113,52.59167],[13.36159,52.59205],[13.36253,52.59284],[13.363,52.59322],[13.36365,52.59375],[13.3643,52.59428],[13.36429,52.59431],[13.36436,52.59434],[13.36503,52.5949],[13.36524,52.59507],[13.36549,52.59529],[13.36565,52.59542],[13.36569,52.59546],[13.3662,52.59589],[13.36704,52.59657],[13.36714,52.59666],[13.36776,52.59717],[13.36785,52.59725],[13.36796,52.59736],[13.36797,52.59737],[13.368,52.59737],[13.3681,52.59738],[13.36817,52.59744],[13.36852,52.59774],[13.3686,52.59781],[13.36864,52.59784],[13.36938,52.59846],[13.36962,52.59865],[13.36997,52.59894],[13.37015,52.59908],[13.37034,52.59925],[13.37057,52.59948],[13.37086,52.59983],[13.371,52.60002],[13.37102,52.60005],[13.37109,52.60017],[13.37111,52.6002],[13.37118,52.6003],[13.37166,52.60103],[13.37184,52.60127],[13.37191,52.60137],[13.37237,52.60204],[13.37246,52.60217],[13.37281,52.60267],[13.3733,52.60337],[13.37377,52.60405],[13.37402,52.60442],[13.37427,52.60477],[13.37506,52.60594],[13.37526,52.60622],[13.37515,52.60611],[13.37544,52.60653]]]]}},{"type":"Feature","properties":{"name":"Spandau"},"geometry":{"type":"MultiPolygon","coordinates":[[[[13.21498,52.50951],[13.2151,52.50965],[13.21532,52.50997],[13.21537,52.51005],[13.21538,52.51005],[13.2154,52.51009],[13.21542,52.51011],[13.21552,52.51025],[13.21561,52.51039],[13.21562,52.5104],[13.21571,52.51051],[13.21587,52.51068],[13.21585,52.51069],[13.21605,52.51105],[13.21618,52.5113],[13.2162,52.51134],[13.21626,52.51141],[13.21644,52.51165],[13.21647,52.5117],[13.21657,52.51178],[13.21676,52.51194],[13.21709,52.51213],[13.21714,52.51216],[13.21744,52.5124],[13.21789,52.51284],[13.21807,52.51304],[13.21815,52.5131],[13.21823,52.51315],[13.21828,52.51319],[13.21833,52.51324],[13.21839,52.51331],[13.21847,52.5134],[13.21852,52.5134],[13.21873,52.51338],[13.21883,52.51337],[13.21885,52.51339],[13.21907,52.51361],[13.21946,52.51399],[13.21949,52.514],[13.21963,52.51401],[13.21968,52.51401],[13.21972,52.51374],[13.21975,52.51361],[13.21975,52.51358],[13.22001,52.51359],[13.22064,52.51361],[13.22095,52.51362],[13.22077,52.51381],[13.22031,52.51429],[13.22025,52.51437],[13.2201,52.5146],[13.21995,52.51525],[13.21984,52.51579],[13.21974,52.51636],[13.21966,52.5169],[13.21957,52.51762],[13.21949,52.51816],[13.21946,52.51878],[13.21944,52.519],[13.21941,52.51936],[13.21939,52.51958],[13.21933,52.51958],[13.21933,52.51963],[13.21939,52.51963],[13.21939,52.51982],[13.21937,52.52031],[13.21935,52.52086],[13.21939,52.52142],[13.21956,52.52197],[13.21971,52.52227],[13.21963,52.52229],[13.2197,52.52241],[13.21978,52.5224],[13.21989,52.52262],[13.22022,52.52308],[13.22039,52.52331],[13.22058,52.52359],[13.2208,52.52393],[13.22105,52.52434],[13.22109,52.5244],[13.22117,52.52455],[13.22122,52.52461],[13.22123,52.52464],[13.22127,52.52472],[13.22128,52.52475],[13.22129,52.52477],[13.22174,52.52551],[13.22182,52.52564],[13.22167,52.52567],[13.22186,52.52594],[13.22199,52.52614],[13.22202,52.52617],[13.22205,52.52617],[13.22207,52.52617],[13.2221,52.52617],[13.22212,52.52616],[13.22214,52.52616],[13.22216,52.52616],[13.22219,52.52615],[13.22222,52.52615],[13.22224,52.52615],[13.22228,52.52614],[13.22231,52.52614],[13.22235,52.52613],[13.22237,52.52613],[13.22239,52.52613],[13.2224,52.52613],[13.22242,52.52612],[13.22243,52.52612],[13.22244,52.52612],[13.22248,52.52611],[13.22253,52.52611],[13.22257,52.5261],[13.22258,52.5261],[13.22259,52.5261],[13.2226,52.5261],[13.22266,52.52609],[13.22271,52.52608],[13.22277,52.52606],[13.22285,52.52605],[13.22292,52.52604],[13.223,52.52602],[13.22308,52.52601],[13.22316,52.526],[13.22324,52.52598],[13.22333,52.52597],[13.22341,52.52596],[13.22352,52.52594],[13.22363,52.52593],[13.22373,52.52592],[13.22384,52.52591],[13.22395,52.52589],[13.22406,52.52588],[13.22418,52.52587],[13.2243,52.52586],[13.22442,52.52585],[13.22454,52.52584],[13.22466,52.52584],[13.22473,52.52583],[13.22481,52.52583],[13.22488,52.52582],[13.22502,52.52582],[13.22515,52.52581],[13.22529,52.52581],[13.22543,52.5258],[13.22556,52.5258],[13.2257,52.5258],[13.22595,52.52579],[13.2262,52.52576],[13.22703,52.52565],[13.2273,52.52561],[13.22752,52.52564],[13.22776,52.52568],[13.22804,52.52571],[13.22806,52.52577],[13.22817,52.52599],[13.22818,52.52602],[13.22881,52.52599],[13.22899,52.52598],[13.23017,52.52592],[13.23093,52.52588],[13.23106,52.52584],[13.23121,52.52579],[13.23128,52.52577],[13.232,52.52584],[13.23274,52.52592],[13.23297,52.52595],[13.23348,52.526],[13.2335,52.526],[13.23386,52.52603],[13.23391,52.52603],[13.23485,52.52604],[13.2353,52.52607],[13.23571,52.5261],[13.23633,52.52613],[13.23645,52.52613],[13.23645,52.52612],[13.2368,52.52614],[13.2368,52.52612],[13.23681,52.5261],[13.2376,52.52612],[13.23771,52.52612],[13.23803,52.52613],[13.23806,52.52613],[13.23823,52.52613],[13.2383,52.52613],[13.23837,52.52612],[13.23844,52.52612],[13.23851,52.52612],[13.23858,52.52611],[13.23864,52.52611],[13.23871,52.5261],[13.23878,52.5261],[13.23885,52.52609],[13.23891,52.52608],[13.23898,52.52607],[13.23905,52.52606],[13.23911,52.52605],[13.23918,52.52604],[13.23924,52.52602],[13.23931,52.52601],[13.23944,52.52598],[13.23955,52.52595],[13.23981,52.52589],[13.23983,52.52588],[13.23997,52.52609],[13.24013,52.52599],[13.2402,52.52599],[13.24027,52.52599],[13.24034,52.52598],[13.24041,52.52598],[13.24048,52.52597],[13.24056,52.52596],[13.24063,52.52594],[13.24069,52.52593],[13.24074,52.52592],[13.24078,52.52591],[13.24083,52.5259],[13.24087,52.52589],[13.24091,52.52588],[13.24096,52.52587],[13.24146,52.52573],[13.24199,52.52559],[13.24224,52.52557],[13.24232,52.52555],[13.24239,52.52553],[13.24247,52.52551],[13.24254,52.52549],[13.24261,52.52547],[13.24268,52.52545],[13.24275,52.52543],[13.24282,52.52541],[13.24289,52.52538],[13.24296,52.52536],[13.24303,52.52534],[13.2431,52.52532],[13.24364,52.52516],[13.24366,52.52515],[13.24372,52.52514],[13.24377,52.52512],[13.24383,52.5251],[13.24389,52.52509],[13.24395,52.52507],[13.244,52.52505],[13.24406,52.52504],[13.24412,52.52502],[13.24418,52.52501],[13.24423,52.52499],[13.24429,52.52497],[13.24435,52.52496],[13.24441,52.52494],[13.24447,52.52493],[13.24453,52.52491],[13.24458,52.5249],[13.24464,52.52488],[13.2447,52.52487],[13.24475,52.52486],[13.2448,52.52485],[13.24485,52.52483],[13.24523,52.52474],[13.24614,52.52452],[13.24614,52.52453],[13.24615,52.52453],[13.24616,52.52454],[13.24617,52.52455],[13.24618,52.52455],[13.24619,52.52456],[13.2462,52.52456],[13.24621,52.52456],[13.24622,52.52456],[13.24623,52.52456],[13.24625,52.52456],[13.24626,52.52456],[13.24634,52.52454],[13.24641,52.52453],[13.24649,52.52451],[13.24656,52.5245],[13.24671,52.52447],[13.24682,52.52445],[13.24692,52.52442],[13.24702,52.5244],[13.24712,52.52438],[13.24722,52.52436],[13.24732,52.52433],[13.24741,52.52431],[13.24751,52.52429],[13.24754,52.52433],[13.24759,52.52441],[13.24762,52.52445],[13.24768,52.52453],[13.24769,52.52456],[13.2477,52.52457],[13.24763,52.52464],[13.24763,52.52479],[13.24763,52.52483],[13.24763,52.52486],[13.24762,52.52489],[13.24762,52.52492],[13.24761,52.52495],[13.2476,52.52497],[13.2476,52.52498],[13.24758,52.52501],[13.24757,52.52504],[13.24756,52.52507],[13.24751,52.52517],[13.24749,52.5252],[13.24747,52.52523],[13.24745,52.52526],[13.24744,52.5253],[13.24742,52.52533],[13.24741,52.52536],[13.24734,52.52553],[13.24728,52.5257],[13.24724,52.52587],[13.24721,52.52605],[13.24719,52.52622],[13.24719,52.52628],[13.24718,52.5264],[13.24718,52.52641],[13.24717,52.52661],[13.24716,52.52669],[13.24716,52.52675],[13.24713,52.5272],[13.24713,52.52722],[13.24712,52.52724],[13.24712,52.52726],[13.24711,52.52728],[13.24711,52.5273],[13.2471,52.52732],[13.24709,52.52734],[13.24708,52.52736],[13.24706,52.52738],[13.24705,52.5274],[13.24703,52.52742],[13.24701,52.52744],[13.24699,52.52746],[13.24697,52.52748],[13.24695,52.5275],[13.24692,52.52752],[13.2469,52.52753],[13.24687,52.52755],[13.24684,52.52756],[13.24682,52.52758],[13.24679,52.52759],[13.24676,52.5276],[13.24672,52.52762],[13.24669,52.52763],[13.24666,52.52764],[13.24663,52.52764],[13.24661,52.52765],[13.24659,52.52765],[13.24656,52.52766],[13.24653,52.52767],[13.2465,52.52767],[13.24647,52.52768],[13.24644,52.52768],[13.24634,52.52769],[13.24635,52.52771],[13.24639,52.52778],[13.24668,52.52831],[13.24693,52.52817],[13.24724,52.528],[13.24758,52.52783],[13.24822,52.52758],[13.24831,52.52755],[13.24857,52.52746],[13.24884,52.52739],[13.24927,52.52728],[13.24981,52.52718],[13.24989,52.52717],[13.25007,52.52716],[13.25036,52.52713],[13.25121,52.52709],[13.25235,52.52707],[13.25387,52.52705],[13.25404,52.52706],[13.25456,52.52707],[13.25571,52.52709],[13.25685,52.52714],[13.25866,52.52724],[13.25886,52.52725],[13.25912,52.52727],[13.25968,52.52732],[13.25979,52.52732],[13.26001,52.52737],[13.26093,52.52754],[13.26093,52.52755],[13.26145,52.5277],[13.26194,52.52787],[13.26198,52.52789],[13.26265,52.52813],[13.26328,52.52833],[13.26357,52.52841],[13.26383,52.52849],[13.26393,52.52851],[13.26458,52.52863],[13.26458,52.52866],[13.26457,52.52867],[13.26469,52.52869],[13.2648,52.52871],[13.26492,52.52873],[13.26503,52.52874],[13.26515,52.52876],[13.26527,52.52877],[13.26538,52.52878],[13.2655,52.52879],[13.26562,52.52881],[13.26575,52.52882],[13.26587,52.52882],[13.26593,52.52883],[13.26599,52.52883],[13.26611,52.52884],[13.26623,52.52885],[13.26626,52.52885],[13.26636,52.52885],[13.26648,52.52885],[13.2666,52.52886],[13.26672,52.52886],[13.26685,52.52886],[13.26689,52.52886],[13.26694,52.52886],[13.26695,52.52886],[13.26698,52.52886],[13.26702,52.52886],[13.26706,52.52886],[13.26707,52.52886],[13.26711,52.52885],[13.26716,52.52885],[13.26717,52.52885],[13.2672,52.52885],[13.26724,52.52885],[13.26728,52.52885],[13.26729,52.52885],[13.26733,52.52885],[13.26738,52.52885],[13.26742,52.52884],[13.26747,52.52884],[13.26749,52.52884],[13.26751,52.52884],[13.26755,52.52884],[13.2676,52.52884],[13.26762,52.52883],[13.26764,52.52883],[13.26766,52.52883],[13.26766,52.52884],[13.26765,52.5289],[13.26766,52.5289],[13.26775,52.52891],[13.2678,52.52891],[13.26784,52.52891],[13.26796,52.52892],[13.26805,52.52893],[13.26809,52.52893],[13.26816,52.52893],[13.26857,52.52894],[13.26861,52.52894],[13.26862,52.52894],[13.26864,52.52894],[13.26868,52.52894],[13.26885,52.52894],[13.26893,52.52894],[13.26904,52.52893],[13.26909,52.52893],[13.26933,52.52894],[13.26961,52.52895],[13.2699,52.52895],[13.2702,52.52895],[13.27049,52.52894],[13.27078,52.52893],[13.27107,52.52891],[13.27136,52.5289],[13.27165,52.52888],[13.27178,52.52887],[13.27195,52.52886],[13.27215,52.52885],[13.27244,52.52884],[13.27274,52.52883],[13.27303,52.52881],[13.27332,52.5288],[13.27362,52.52879],[13.27385,52.5288],[13.27395,52.52879],[13.27401,52.52879],[13.27408,52.52881],[13.27437,52.52884],[13.27463,52.52887],[13.27467,52.52888],[13.27469,52.52887],[13.275,52.52893],[13.27501,52.52893],[13.27502,52.52893],[13.27523,52.52899],[13.27528,52.529],[13.27553,52.52909],[13.27574,52.52916],[13.27598,52.52926],[13.27621,52.52937],[13.27647,52.5295],[13.27669,52.52962],[13.27691,52.52974],[13.27696,52.52976],[13.27713,52.52986],[13.27736,52.52996],[13.27739,52.52997],[13.27761,52.53005],[13.27794,52.53014],[13.27822,52.5302],[13.2785,52.53024],[13.27872,52.53026],[13.27874,52.53026],[13.27879,52.53027],[13.27908,52.53029],[13.27916,52.53029],[13.27925,52.53029],[13.2793,52.53032],[13.27933,52.53033],[13.27937,52.53029],[13.27952,52.53029],[13.27964,52.53028],[13.27993,52.53026],[13.28,52.53025],[13.28022,52.53022],[13.28049,52.53016],[13.28076,52.53009],[13.28084,52.53007],[13.28114,52.53044],[13.28118,52.53049],[13.28119,52.5305],[13.28121,52.53053],[13.28124,52.53057],[13.28127,52.53072],[13.28133,52.53105],[13.28136,52.53122],[13.28138,52.53125],[13.28138,52.53126],[13.28139,52.5313],[13.2814,52.53139],[13.28142,52.53159],[13.28147,52.53173],[13.28178,52.53257],[13.28182,52.53268],[13.28184,52.53272],[13.28184,52.53273],[13.28204,52.53326],[13.28208,52.53341],[13.28213,52.5336],[13.28213,52.53361],[13.28213,52.53362],[13.28213,52.53363],[13.28213,52.53364],[13.28212,52.53365],[13.28212,52.53366],[13.28211,52.53367],[13.2821,52.53367],[13.28209,52.53368],[13.28208,52.53369],[13.28207,52.53369],[13.28205,52.5337],[13.28204,52.5337],[13.28202,52.5337],[13.28204,52.53375],[13.28209,52.53386],[13.28211,52.5339],[13.28216,52.534],[13.28218,52.53405],[13.28209,52.53407],[13.282,52.53408],[13.28191,52.5341],[13.28182,52.53411],[13.28173,52.53413],[13.28159,52.53416],[13.28145,52.53419],[13.28131,52.53422],[13.28117,52.53425],[13.28104,52.53428],[13.28091,52.53431],[13.28078,52.53434],[13.28065,52.53437],[13.28053,52.5344],[13.2804,52.53443],[13.28028,52.53446],[13.28016,52.53449],[13.28004,52.53453],[13.27992,52.53456],[13.27991,52.53457],[13.27989,52.53457],[13.27988,52.53457],[13.27985,52.53458],[13.27981,52.53459],[13.27978,52.5346],[13.27792,52.53515],[13.27788,52.53516],[13.27772,52.53521],[13.27691,52.53545],[13.27647,52.53558],[13.27628,52.53564],[13.27633,52.5357],[13.27624,52.53572],[13.27621,52.53585],[13.27626,52.53586],[13.27621,52.53603],[13.27615,52.53618],[13.2761,52.53631],[13.27603,52.53645],[13.27596,52.53657],[13.27586,52.53674],[13.27581,52.53679],[13.27581,52.53684],[13.27577,52.53686],[13.27576,52.53687],[13.27573,52.5369],[13.27573,52.53691],[13.27568,52.53698],[13.27567,52.53699],[13.27564,52.53703],[13.2756,52.53709],[13.27547,52.53724],[13.27555,52.53725],[13.27555,52.53726],[13.27559,52.53727],[13.27553,52.53736],[13.27532,52.53761],[13.27523,52.53769],[13.27506,52.5378],[13.27506,52.53781],[13.27493,52.5379],[13.27481,52.53799],[13.27467,52.53807],[13.27453,52.53815],[13.27439,52.53823],[13.27423,52.5383],[13.27408,52.53837],[13.27405,52.53838],[13.27393,52.53843],[13.27376,52.53849],[13.2736,52.53855],[13.27343,52.53861],[13.27325,52.53866],[13.27308,52.5387],[13.2729,52.53874],[13.27272,52.53878],[13.2726,52.53879],[13.27253,52.5388],[13.27254,52.53883],[13.27246,52.53885],[13.27238,52.53886],[13.27231,52.53887],[13.27234,52.53894],[13.27245,52.53924],[13.27247,52.53928],[13.27247,52.53931],[13.27247,52.53934],[13.27247,52.53937],[13.27247,52.53942],[13.27249,52.53947],[13.27255,52.53962],[13.27256,52.53964],[13.27258,52.53971],[13.27261,52.53977],[13.27261,52.53979],[13.27264,52.53986],[13.27267,52.53993],[13.27267,52.53994],[13.2727,52.54002],[13.27273,52.54008],[13.27273,52.5401],[13.27276,52.54017],[13.27278,52.54024],[13.27279,52.54025],[13.27282,52.54032],[13.27284,52.54039],[13.27285,52.54041],[13.27288,52.54048],[13.2729,52.54054],[13.27291,52.54056],[13.27294,52.54063],[13.27296,52.5407],[13.27297,52.54072],[13.273,52.5408],[13.27302,52.54086],[13.27303,52.54088],[13.27306,52.54095],[13.27308,52.54102],[13.27309,52.54103],[13.27312,52.5411],[13.27314,52.54117],[13.27315,52.54118],[13.27318,52.54126],[13.2732,52.54132],[13.27321,52.54134],[13.27324,52.54141],[13.27326,52.54148],[13.27327,52.5415],[13.27329,52.54156],[13.27335,52.54171],[13.27336,52.54174],[13.27337,52.54177],[13.27339,52.54182],[13.2734,52.54185],[13.27341,52.54187],[13.27346,52.54201],[13.27347,52.54202],[13.27348,52.54204],[13.27348,52.54207],[13.27349,52.5421],[13.27349,52.54212],[13.27349,52.54215],[13.27349,52.54218],[13.27349,52.5422],[13.27349,52.54223],[13.27348,52.54226],[13.27347,52.54228],[13.27347,52.54231],[13.27345,52.54233],[13.27344,52.54236],[13.27333,52.54256],[13.27314,52.54291],[13.27324,52.54292],[13.27331,52.54293],[13.27337,52.54294],[13.27287,52.54385],[13.27285,52.54389],[13.27252,52.54449],[13.27223,52.54501],[13.27188,52.54566],[13.27162,52.54613],[13.27099,52.54728],[13.27066,52.54789],[13.27025,52.54831],[13.27017,52.5484],[13.27012,52.54845],[13.27002,52.54852],[13.26997,52.54855],[13.26997,52.54866],[13.2703,52.54865],[13.2703,52.54866],[13.27031,52.54872],[13.27031,52.54876],[13.27033,52.54922],[13.27034,52.54933],[13.27034,52.54934],[13.27024,52.54935],[13.26998,52.54935],[13.26922,52.54936],[13.26606,52.54941],[13.26541,52.54942],[13.26423,52.54944],[13.26277,52.54946],[13.2613,52.5495],[13.26056,52.54951],[13.26017,52.54952],[13.25908,52.54955],[13.25838,52.54958],[13.25695,52.54968],[13.25562,52.54986],[13.25424,52.55013],[13.25299,52.55045],[13.25178,52.55087],[13.25059,52.55133],[13.24945,52.55188],[13.24927,52.55197],[13.24922,52.552],[13.24919,52.55201],[13.24905,52.55208],[13.24904,52.55209],[13.24901,52.5521],[13.24893,52.55214],[13.24876,52.55222],[13.24844,52.55238],[13.24803,52.55259],[13.24775,52.55273],[13.24748,52.55286],[13.2472,52.553],[13.24694,52.55313],[13.24299,52.55509],[13.24273,52.55522],[13.24246,52.55536],[13.2422,52.55549],[13.24194,52.55562],[13.24167,52.55575],[13.24144,52.55587],[13.24112,52.55603],[13.24113,52.55593],[13.24096,52.55602],[13.24066,52.55617],[13.23931,52.55684],[13.23913,52.55693],[13.23895,52.55702],[13.23895,52.55724],[13.23893,52.55727],[13.23891,52.55728],[13.23888,52.5573],[13.23865,52.55739],[13.23834,52.55752],[13.23814,52.55748],[13.23807,52.55752],[13.23707,52.55801],[13.23585,52.55862],[13.23506,52.55901],[13.23456,52.55926],[13.23457,52.55926],[13.23385,52.55962],[13.23316,52.55998],[13.23201,52.56064],[13.23135,52.56112],[13.23119,52.56124],[13.23092,52.56148],[13.2308,52.56144],[13.23073,52.5614],[13.23059,52.5615],[13.22833,52.5631],[13.22829,52.56312],[13.22826,52.56315],[13.22823,52.56318],[13.2282,52.5632],[13.22817,52.56323],[13.22814,52.56326],[13.22811,52.56329],[13.22809,52.56332],[13.22806,52.56335],[13.22804,52.56338],[13.22802,52.56341],[13.228,52.56344],[13.22798,52.56348],[13.22797,52.56351],[13.22795,52.56355],[13.22794,52.56358],[13.22793,52.56362],[13.22792,52.56366],[13.22791,52.56369],[13.22791,52.56373],[13.2279,52.56376],[13.2279,52.5638],[13.2279,52.56384],[13.22791,52.56387],[13.22791,52.56391],[13.22792,52.56394],[13.22793,52.56398],[13.22794,52.56402],[13.22795,52.56405],[13.22796,52.56409],[13.22822,52.56454],[13.22856,52.56513],[13.22858,52.56517],[13.2286,52.56522],[13.22862,52.56527],[13.22864,52.56531],[13.22866,52.56536],[13.22867,52.56541],[13.22868,52.56545],[13.22869,52.5655],[13.2287,52.56555],[13.22871,52.5656],[13.22871,52.56564],[13.22871,52.56569],[13.22871,52.56574],[13.22871,52.56579],[13.22871,52.56583],[13.2287,52.56588],[13.2287,52.56593],[13.22869,52.56597],[13.22868,52.56602],[13.22866,52.56607],[13.22865,52.56612],[13.22863,52.56617],[13.22861,52.56622],[13.22859,52.56627],[13.22856,52.56632],[13.22854,52.56636],[13.22851,52.56641],[13.22848,52.56646],[13.22845,52.5665],[13.22841,52.56655],[13.22838,52.5666],[13.22834,52.56664],[13.2283,52.56668],[13.22826,52.56673],[13.22822,52.56677],[13.22817,52.56681],[13.22813,52.56685],[13.22801,52.56695],[13.22789,52.56704],[13.22777,52.56714],[13.22764,52.56723],[13.22752,52.56732],[13.22739,52.56741],[13.2272,52.5676],[13.22704,52.56781],[13.22697,52.56807],[13.22691,52.56875],[13.22673,52.56933],[13.22642,52.5698],[13.22567,52.57077],[13.2253,52.57122],[13.2252,52.57151],[13.22518,52.57179],[13.22525,52.57233],[13.22527,52.57261],[13.22522,52.57288],[13.22508,52.57315],[13.22464,52.57363],[13.22392,52.5742],[13.22204,52.57494],[13.22024,52.57605],[13.21929,52.57682],[13.21886,52.57716],[13.21796,52.57854],[13.21801,52.5797],[13.21831,52.58096],[13.21808,52.58146],[13.2177,52.58194],[13.21721,52.5824],[13.21616,52.58296],[13.21578,52.58324],[13.21543,52.58353],[13.21521,52.58387],[13.21517,52.58433],[13.21536,52.58476],[13.21595,52.58526],[13.21643,52.58571],[13.2174,52.58748],[13.2139,52.5879],[13.21383,52.58791],[13.21311,52.588],[13.21222,52.58811],[13.21124,52.58823],[13.21023,52.58826],[13.20911,52.58831],[13.20824,52.58834],[13.20734,52.58837],[13.20713,52.58779],[13.20693,52.58721],[13.20671,52.5866],[13.20538,52.58685],[13.20504,52.58701],[13.2047,52.58714],[13.20397,52.5874],[13.20351,52.58756],[13.2027,52.58783],[13.20258,52.58787],[13.20256,52.58788],[13.20253,52.58789],[13.20221,52.58804],[13.20212,52.58808],[13.20208,52.5881],[13.202,52.58813],[13.20198,52.58814],[13.20181,52.58822],[13.20172,52.58826],[13.20151,52.58835],[13.20149,52.58836],[13.20091,52.58857],[13.20035,52.58877],[13.20026,52.58878],[13.19917,52.58893],[13.1991,52.58894],[13.19848,52.58901],[13.19786,52.58924],[13.19748,52.58931],[13.19663,52.58952],[13.19574,52.58961],[13.19507,52.58967],[13.19423,52.58979],[13.19376,52.58983],[13.19338,52.5899],[13.19294,52.58999],[13.19244,52.59008],[13.19174,52.59019],[13.19146,52.59032],[13.19086,52.59047],[13.19068,52.59059],[13.19029,52.59079],[13.18961,52.59114],[13.18912,52.5914],[13.18859,52.59154],[13.18802,52.59171],[13.18799,52.59171],[13.18775,52.59179],[13.18762,52.59183],[13.18736,52.59191],[13.18671,52.59211],[13.18563,52.59255],[13.18523,52.59289],[13.18479,52.59316],[13.18472,52.59321],[13.18447,52.59338],[13.18342,52.59369],[13.18266,52.59382],[13.18191,52.59389],[13.18122,52.59403],[13.18023,52.59432],[13.17956,52.59454],[13.17834,52.59488],[13.17781,52.59492],[13.17685,52.59492],[13.17634,52.59499],[13.17579,52.59503],[13.17563,52.59504],[13.17541,52.59506],[13.17473,52.59511],[13.17438,52.59518],[13.17367,52.59533],[13.17333,52.59548],[13.17295,52.59575],[13.17252,52.59604],[13.17197,52.59629],[13.17148,52.59641],[13.17132,52.59644],[13.17066,52.59661],[13.17008,52.59679],[13.16938,52.59686],[13.16861,52.59694],[13.16819,52.597],[13.1679,52.59701],[13.16707,52.59746],[13.16623,52.5979],[13.16537,52.59835],[13.16453,52.5988],[13.16438,52.59876],[13.16345,52.59862],[13.16334,52.5986],[13.16231,52.59844],[13.16133,52.59829],[13.1603,52.59813],[13.15928,52.59797],[13.15863,52.59787],[13.15819,52.5978],[13.15707,52.59763],[13.15706,52.59763],[13.15624,52.59713],[13.15546,52.59666],[13.15501,52.59639],[13.15495,52.59636],[13.15467,52.59619],[13.1541,52.59584],[13.15401,52.59578],[13.15396,52.59575],[13.15389,52.59571],[13.15224,52.59416],[13.15214,52.59408],[13.15214,52.59407],[13.15171,52.59373],[13.14929,52.59187],[13.1491,52.59177],[13.14881,52.59167],[13.14876,52.59165],[13.14528,52.59039],[13.14449,52.59009],[13.1438,52.58983],[13.14351,52.5897],[13.14334,52.58966],[13.14212,52.5894],[13.14187,52.58936],[13.14172,52.58933],[13.14031,52.58917],[13.13989,52.58912],[13.13955,52.58908],[13.13934,52.58905],[13.13922,52.58903],[13.1391,52.589],[13.13845,52.58887],[13.13819,52.58879],[13.1379,52.5887],[13.13647,52.58785],[13.13604,52.5876],[13.136,52.58757],[13.13595,52.58754],[13.13572,52.58742],[13.13548,52.58737],[13.13434,52.58719],[13.13315,52.587],[13.13267,52.58692],[13.13235,52.58692],[13.13139,52.58691],[13.13126,52.58692],[13.13108,52.58693],[13.1306,52.58701],[13.12929,52.58724],[13.12896,52.5873],[13.12887,52.58708],[13.12861,52.58645],[13.12845,52.58605],[13.12843,52.58602],[13.12935,52.58593],[13.12859,52.58441],[13.1284,52.584],[13.12837,52.58395],[13.12796,52.58313],[13.12834,52.58314],[13.1289,52.58319],[13.12895,52.5832],[13.12954,52.58327],[13.12989,52.58323],[13.12996,52.58319],[13.13026,52.58304],[13.13051,52.58277],[13.13075,52.58232],[13.13081,52.58221],[13.13108,52.58166],[13.13133,52.58092],[13.1315,52.58059],[13.13156,52.58047],[13.13168,52.58023],[13.13189,52.57998],[13.13207,52.57978],[13.13248,52.57961],[13.13261,52.5796],[13.13311,52.57968],[13.13365,52.57977],[13.1341,52.57984],[13.13446,52.5799],[13.13475,52.57995],[13.13496,52.57998],[13.13541,52.58006],[13.13547,52.58001],[13.13557,52.58003],[13.13603,52.58011],[13.1366,52.58024],[13.13729,52.58046],[13.13752,52.58053],[13.13778,52.58051],[13.13828,52.58046],[13.13861,52.58044],[13.13916,52.58039],[13.13963,52.58059],[13.14005,52.5808],[13.1404,52.58089],[13.14059,52.58094],[13.14069,52.58097],[13.14165,52.58124],[13.14183,52.58129],[13.14204,52.58134],[13.14214,52.58136],[13.14299,52.58152],[13.14301,52.58153],[13.14357,52.58156],[13.14384,52.58157],[13.14398,52.58165],[13.14443,52.58192],[13.14463,52.58203],[13.145,52.58213],[13.14515,52.58217],[13.14588,52.58236],[13.14842,52.58304],[13.14961,52.58336],[13.14967,52.58326],[13.14977,52.58309],[13.1498,52.58304],[13.14989,52.58288],[13.15059,52.58259],[13.15124,52.58221],[13.15135,52.58204],[13.15131,52.58165],[13.1516,52.58114],[13.15193,52.58057],[13.15205,52.58044],[13.15233,52.58016],[13.15261,52.57972],[13.1529,52.57926],[13.15316,52.57895],[13.15318,52.5786],[13.1532,52.5784],[13.15321,52.57829],[13.15346,52.57798],[13.15351,52.57791],[13.15352,52.57786],[13.15358,52.57754],[13.1536,52.57746],[13.15355,52.57723],[13.15353,52.57714],[13.15345,52.57678],[13.15354,52.57648],[13.15358,52.57632],[13.15367,52.57577],[13.1535,52.57538],[13.15369,52.57478],[13.15346,52.57454],[13.15347,52.57439],[13.15348,52.57428],[13.15349,52.57423],[13.1535,52.5741],[13.15355,52.57349],[13.15355,52.57326],[13.15336,52.57309],[13.15316,52.57289],[13.15305,52.57277],[13.15278,52.57248],[13.15289,52.57202],[13.15287,52.57163],[13.15287,52.5716],[13.15268,52.57097],[13.15239,52.57046],[13.15218,52.57032],[13.15186,52.5702],[13.15147,52.57006],[13.15127,52.56999],[13.15126,52.56974],[13.15119,52.56915],[13.15109,52.56902],[13.15104,52.56894],[13.15037,52.56797],[13.15031,52.56778],[13.15028,52.56771],[13.15009,52.56716],[13.15006,52.56707],[13.15003,52.56702],[13.14987,52.56676],[13.1498,52.5667],[13.14974,52.56664],[13.14953,52.56644],[13.1495,52.56641],[13.14934,52.56625],[13.1493,52.56622],[13.14912,52.56605],[13.14903,52.56596],[13.14896,52.5659],[13.14881,52.56576],[13.14874,52.56569],[13.14867,52.56563],[13.14852,52.5655],[13.14837,52.56538],[13.14823,52.56527],[13.14814,52.56519],[13.14811,52.56515],[13.14802,52.56501],[13.14792,52.56492],[13.14782,52.56482],[13.14778,52.56478],[13.14771,52.56471],[13.1477,52.5647],[13.14766,52.56464],[13.14764,52.5646],[13.14757,52.56449],[13.14752,52.56441],[13.14751,52.56434],[13.14748,52.56416],[13.14745,52.56397],[13.14746,52.56376],[13.14747,52.56341],[13.14745,52.56308],[13.14744,52.56302],[13.14742,52.56292],[13.14741,52.56288],[13.14739,52.56272],[13.14737,52.56265],[13.14738,52.56256],[13.14738,52.56247],[13.14736,52.56238],[13.14731,52.56217],[13.14726,52.56193],[13.14725,52.56189],[13.14719,52.56167],[13.14714,52.56145],[13.14688,52.56129],[13.14664,52.56116],[13.14658,52.56113],[13.14645,52.56106],[13.14639,52.56103],[13.14602,52.56086],[13.14583,52.56064],[13.1458,52.56061],[13.14591,52.56052],[13.14602,52.56044],[13.14607,52.5604],[13.14609,52.5603],[13.14627,52.55933],[13.14656,52.55916],[13.14686,52.55862],[13.14688,52.55842],[13.14696,52.55769],[13.14693,52.55705],[13.14699,52.55683],[13.14705,52.55661],[13.14719,52.55614],[13.14729,52.55584],[13.14723,52.55494],[13.14721,52.5549],[13.14717,52.55482],[13.14716,52.5548],[13.14715,52.55478],[13.14715,52.55477],[13.14712,52.55472],[13.1471,52.55469],[13.1471,52.55467],[13.14704,52.55456],[13.14691,52.55428],[13.14658,52.5541],[13.14634,52.55379],[13.14614,52.55354],[13.14603,52.55338],[13.14585,52.55293],[13.1457,52.55281],[13.14558,52.55272],[13.14524,52.55252],[13.14483,52.55248],[13.14459,52.55255],[13.14422,52.55212],[13.14321,52.55208],[13.14278,52.55219],[13.14256,52.55225],[13.1417,52.5524],[13.14147,52.55244],[13.14137,52.55246],[13.14094,52.55247],[13.14039,52.55249],[13.13992,52.55249],[13.13861,52.55254],[13.13858,52.55254],[13.13853,52.55254],[13.13846,52.55254],[13.13832,52.55255],[13.13778,52.55257],[13.13671,52.55265],[13.13633,52.55271],[13.1353,52.55306],[13.13445,52.55335],[13.13423,52.55349],[13.13393,52.55368],[13.13382,52.55376],[13.13368,52.55386],[13.13356,52.55395],[13.13352,52.55399],[13.13347,52.55404],[13.13343,52.55407],[13.13339,52.5541],[13.13332,52.55417],[13.13285,52.55461],[13.13248,52.55493],[13.13202,52.5552],[13.13153,52.55548],[13.13122,52.55567],[13.13102,52.5558],[13.13091,52.55585],[13.1308,52.5559],[13.1305,52.55601],[13.13047,52.55597],[13.13039,52.55582],[13.13025,52.55554],[13.13004,52.55514],[13.13,52.55505],[13.12992,52.55491],[13.12992,52.5549],[13.12991,52.55488],[13.12982,52.55467],[13.12981,52.55465],[13.12971,52.5544],[13.1296,52.55415],[13.12951,52.55392],[13.12949,52.55389],[13.12938,52.55364],[13.1293,52.55344],[13.12926,52.55339],[13.12925,52.55337],[13.1291,52.55302],[13.12904,52.55282],[13.12898,52.55265],[13.12897,52.55264],[13.12881,52.55228],[13.12834,52.55122],[13.12821,52.55091],[13.12802,52.55049],[13.12798,52.55039],[13.12784,52.55009],[13.12783,52.55008],[13.12781,52.55004],[13.12779,52.55],[13.12779,52.54998],[13.12771,52.54982],[13.12771,52.54981],[13.12767,52.54974],[13.12766,52.54971],[13.12759,52.54957],[13.12741,52.54916],[13.12729,52.5489],[13.12723,52.54876],[13.12717,52.54863],[13.12707,52.54843],[13.12699,52.54825],[13.12698,52.54822],[13.12691,52.54811],[13.12687,52.54802],[13.12678,52.54782],[13.12673,52.54771],[13.12668,52.54761],[13.12658,52.54739],[13.1265,52.54721],[13.12649,52.54719],[13.12638,52.54699],[13.12617,52.5466],[13.12613,52.54652],[13.12607,52.54638],[13.1258,52.54583],[13.12579,52.5458],[13.12569,52.54559],[13.12565,52.5455],[13.12561,52.5454],[13.12554,52.54519],[13.12546,52.54499],[13.12528,52.54446],[13.12528,52.54444],[13.12515,52.54417],[13.12499,52.54385],[13.12496,52.54379],[13.12558,52.54355],[13.12561,52.54354],[13.12559,52.54351],[13.12553,52.54339],[13.12544,52.54313],[13.12533,52.54272],[13.12531,52.54267],[13.12524,52.54242],[13.12516,52.54214],[13.12493,52.54141],[13.12484,52.54114],[13.12475,52.54087],[13.12458,52.54037],[13.12452,52.54018],[13.12442,52.5399],[13.12431,52.53955],[13.12423,52.53917],[13.12421,52.53912],[13.12421,52.5391],[13.1242,52.5391],[13.12419,52.53906],[13.12418,52.53905],[13.12415,52.53905],[13.12412,52.53905],[13.12407,52.53905],[13.12406,52.53903],[13.12402,52.53897],[13.12401,52.53895],[13.12401,52.53893],[13.12398,52.53887],[13.12401,52.53886],[13.124,52.53884],[13.12397,52.53876],[13.12395,52.53871],[13.12393,52.53865],[13.12391,52.53858],[13.12376,52.53825],[13.12357,52.5378],[13.12353,52.53767],[13.12348,52.53751],[13.12334,52.53708],[13.1233,52.53699],[13.1231,52.53663],[13.12285,52.53632],[13.12266,52.53612],[13.12265,52.53611],[13.12248,52.53589],[13.12226,52.5356],[13.12216,52.53539],[13.12201,52.53522],[13.12189,52.53517],[13.1218,52.53506],[13.12179,52.53505],[13.12171,52.53487],[13.1217,52.53478],[13.1217,52.53475],[13.12157,52.53451],[13.12157,52.53435],[13.12143,52.53402],[13.12131,52.53369],[13.1213,52.53368],[13.12124,52.53357],[13.12121,52.53344],[13.1212,52.53328],[13.12117,52.53324],[13.12108,52.53312],[13.12084,52.5328],[13.1206,52.53253],[13.12035,52.53223],[13.12018,52.53193],[13.11999,52.53158],[13.11997,52.53154],[13.11985,52.53126],[13.11979,52.53112],[13.11975,52.53101],[13.11969,52.53085],[13.11951,52.53035],[13.1195,52.53033],[13.11946,52.53014],[13.1194,52.52991],[13.11929,52.52951],[13.11928,52.52938],[13.11925,52.52938],[13.11924,52.52936],[13.11923,52.52925],[13.1192,52.52913],[13.11919,52.52894],[13.11919,52.52892],[13.11918,52.52889],[13.11918,52.52882],[13.11913,52.52851],[13.11913,52.52847],[13.1191,52.52825],[13.11907,52.52789],[13.11907,52.52785],[13.11907,52.52784],[13.11905,52.52763],[13.11902,52.52731],[13.11901,52.52719],[13.119,52.52708],[13.11897,52.52678],[13.11892,52.52634],[13.11891,52.52633],[13.11888,52.52611],[13.11881,52.52566],[13.11871,52.52497],[13.11866,52.52442],[13.11863,52.52408],[13.11851,52.52321],[13.11844,52.52247],[13.11838,52.52165],[13.11838,52.52162],[13.11837,52.52154],[13.11837,52.52152],[13.11838,52.52143],[13.11837,52.52118],[13.11833,52.52075],[13.11824,52.52047],[13.11811,52.5201],[13.11811,52.52006],[13.11806,52.51986],[13.11801,52.51966],[13.118,52.51963],[13.11777,52.51863],[13.11759,52.51792],[13.11755,52.51773],[13.11738,52.51706],[13.1175,52.51706],[13.11767,52.51705],[13.1187,52.51702],[13.11893,52.51701],[13.11899,52.51701],[13.1192,52.51701],[13.11927,52.517],[13.11966,52.51703],[13.12053,52.51715],[13.12066,52.51716],[13.12114,52.51723],[13.12278,52.51739],[13.12373,52.51745],[13.12515,52.51752],[13.12577,52.51754],[13.12636,52.51753],[13.12683,52.51753],[13.12685,52.51754],[13.12697,52.51755],[13.127,52.51755],[13.12742,52.51761],[13.12753,52.51762],[13.1277,52.51765],[13.12823,52.51772],[13.12828,52.51773],[13.12829,52.51773],[13.12832,52.51774],[13.12885,52.51781],[13.12889,52.51782],[13.12895,52.51783],[13.12903,52.51784],[13.12916,52.51786],[13.12956,52.51792],[13.12997,52.51798],[13.13003,52.51799],[13.13009,52.51799],[13.13066,52.51805],[13.13106,52.51809],[13.13136,52.51812],[13.13153,52.51813],[13.13186,52.51813],[13.13191,52.51813],[13.13195,52.51814],[13.13261,52.51819],[13.13296,52.51825],[13.13318,52.51828],[13.13326,52.51831],[13.13357,52.51839],[13.13359,52.5184],[13.13379,52.51843],[13.13382,52.51843],[13.13384,52.51843],[13.13386,52.51843],[13.13388,52.51844],[13.13403,52.51846],[13.13438,52.51851],[13.13469,52.51855],[13.13507,52.5186],[13.13584,52.5187],[13.13609,52.51873],[13.13611,52.51873],[13.13615,52.51873],[13.1362,52.51874],[13.13623,52.51874],[13.13627,52.51874],[13.1366,52.51877],[13.13664,52.51877],[13.13706,52.51881],[13.13743,52.51885],[13.13747,52.51885],[13.13752,52.51887],[13.13853,52.5191],[13.1392,52.51922],[13.14009,52.51938],[13.14013,52.51938],[13.14044,52.51944],[13.14051,52.51945],[13.14096,52.51953],[13.14113,52.51956],[13.14147,52.51961],[13.1418,52.51965],[13.14207,52.51969],[13.14229,52.51972],[13.14232,52.51972],[13.14267,52.51977],[13.14318,52.5197],[13.14321,52.51968],[13.1433,52.51963],[13.14337,52.51958],[13.14352,52.5195],[13.14357,52.51946],[13.14371,52.51941],[13.14386,52.51936],[13.14402,52.51931],[13.14435,52.51919],[13.14446,52.51909],[13.14455,52.51899],[13.14482,52.51863],[13.14493,52.51835],[13.14498,52.51822],[13.14504,52.51806],[13.14516,52.51793],[13.14546,52.51762],[13.14563,52.51747],[13.14623,52.51742],[13.14651,52.51739],[13.14716,52.51726],[13.1475,52.5172],[13.14782,52.51706],[13.14921,52.51656],[13.15001,52.51622],[13.15014,52.51617],[13.15114,52.51578],[13.15182,52.51555],[13.15298,52.51499],[13.15408,52.51447],[13.15416,52.51444],[13.15439,52.51433],[13.15473,52.5142],[13.15516,52.51404],[13.15522,52.51401],[13.15573,52.51382],[13.15577,52.51381],[13.1558,52.51379],[13.15611,52.51368],[13.15632,52.51361],[13.15677,52.51343],[13.15738,52.51317],[13.15772,52.51307],[13.15859,52.51294],[13.16026,52.51235],[13.16144,52.51186],[13.16228,52.5115],[13.1624,52.51145],[13.16339,52.51108],[13.16399,52.51089],[13.1642,52.51082],[13.165,52.51055],[13.16517,52.51049],[13.1662,52.51015],[13.16882,52.50923],[13.16869,52.50918],[13.16859,52.50913],[13.16822,52.50896],[13.16798,52.50886],[13.16782,52.50873],[13.16738,52.50839],[13.16685,52.50799],[13.16665,52.50785],[13.16617,52.50752],[13.16614,52.5075],[13.16565,52.50717],[13.1653,52.50693],[13.16515,52.50684],[13.16466,52.50651],[13.16417,52.50617],[13.16376,52.5059],[13.1637,52.50586],[13.16362,52.50581],[13.16357,52.50577],[13.16356,52.50577],[13.16217,52.50485],[13.16132,52.50429],[13.16119,52.5042],[13.15908,52.50288],[13.15859,52.50259],[13.15808,52.50223],[13.15762,52.5019],[13.15724,52.50162],[13.15722,52.50162],[13.15714,52.50157],[13.15628,52.50094],[13.15562,52.50046],[13.1553,52.50023],[13.15525,52.50019],[13.15477,52.49984],[13.15426,52.49947],[13.15335,52.49882],[13.15251,52.49821],[13.15248,52.49819],[13.15235,52.49813],[13.1516,52.49758],[13.15123,52.49731],[13.15089,52.49711],[13.15085,52.49709],[13.15077,52.49705],[13.15006,52.49663],[13.14979,52.49645],[13.14959,52.49631],[13.1493,52.49609],[13.14924,52.49604],[13.14841,52.4954],[13.14785,52.49496],[13.14778,52.49491],[13.1471,52.49437],[13.14666,52.49403],[13.1466,52.49398],[13.1462,52.49366],[13.1453,52.49296],[13.14443,52.49229],[13.14298,52.49117],[13.14181,52.49026],[13.1418,52.49025],[13.14178,52.49024],[13.14171,52.49018],[13.14164,52.49013],[13.14071,52.48941],[13.14026,52.48906],[13.13982,52.48871],[13.13894,52.48803],[13.1371,52.4866],[13.13701,52.48653],[13.13676,52.48634],[13.1362,52.48591],[13.13555,52.48541],[13.13529,52.4852],[13.13461,52.48467],[13.13439,52.4845],[13.13347,52.48378],[13.13255,52.48307],[13.13163,52.48235],[13.13072,52.48164],[13.1298,52.48095],[13.12975,52.48092],[13.12956,52.48077],[13.12861,52.48003],[13.12833,52.47982],[13.12792,52.47957],[13.12687,52.47896],[13.12657,52.47879],[13.12628,52.47866],[13.12397,52.47825],[13.12336,52.47817],[13.12217,52.47799],[13.12196,52.47795],[13.12144,52.47786],[13.1212,52.47782],[13.12068,52.47771],[13.1205,52.47775],[13.12041,52.4777],[13.11979,52.47761],[13.11934,52.47754],[13.11912,52.4775],[13.11835,52.47737],[13.11806,52.47735],[13.11769,52.47732],[13.11769,52.47724],[13.11768,52.47717],[13.11768,52.4771],[13.11759,52.47577],[13.11756,52.47503],[13.11755,52.47487],[13.11755,52.47486],[13.11754,52.47478],[13.11755,52.47458],[13.11754,52.47452],[13.11752,52.47439],[13.11748,52.47432],[13.11736,52.47401],[13.11736,52.474],[13.11734,52.47392],[13.11729,52.47359],[13.11723,52.47328],[13.11621,52.47168],[13.11413,52.47007],[13.11379,52.4698],[13.11395,52.46862],[13.11186,52.46745],[13.11056,52.46566],[13.11101,52.46466],[13.11143,52.46373],[13.11134,52.46186],[13.1105,52.46],[13.11197,52.45923],[13.11234,52.45903],[13.11238,52.45901],[13.11241,52.45899],[13.11243,52.45896],[13.11246,52.4589],[13.11247,52.45887],[13.1125,52.45877],[13.11253,52.45867],[13.11256,52.45852],[13.1126,52.45818],[13.1126,52.45815],[13.11263,52.458],[13.11265,52.45785],[13.11267,52.45769],[13.11265,52.4576],[13.11264,52.45753],[13.11261,52.4574],[13.1126,52.45731],[13.11256,52.45714],[13.11256,52.45713],[13.11256,52.45712],[13.11255,52.45708],[13.11252,52.45692],[13.11251,52.45688],[13.11248,52.45674],[13.11245,52.4566],[13.11244,52.45658],[13.11243,52.45651],[13.11242,52.45646],[13.11241,52.45644],[13.11234,52.45622],[13.1123,52.45603],[13.11229,52.45597],[13.1122,52.45562],[13.11218,52.45553],[13.11214,52.45529],[13.11214,52.45525],[13.11206,52.45462],[13.11203,52.45441],[13.11201,52.45438],[13.11186,52.45406],[13.11182,52.45398],[13.11166,52.45364],[13.11136,52.45316],[13.11108,52.45279],[13.11039,52.45204],[13.11036,52.45201],[13.10991,52.45155],[13.10956,52.45108],[13.10931,52.4507],[13.1093,52.45064],[13.11006,52.45001],[13.11077,52.44943],[13.11153,52.44881],[13.11229,52.44818],[13.11302,52.44758],[13.11326,52.44739],[13.11364,52.44707],[13.11451,52.44636],[13.11536,52.44565],[13.11663,52.44517],[13.11735,52.44482],[13.11818,52.44441],[13.11901,52.44401],[13.11914,52.44377],[13.11903,52.44328],[13.11902,52.44313],[13.11902,52.44297],[13.11905,52.44292],[13.11907,52.44288],[13.1191,52.44284],[13.11933,52.44244],[13.11977,52.44171],[13.11993,52.44152],[13.12013,52.4414],[13.12021,52.44136],[13.12312,52.43962],[13.12336,52.43986],[13.12388,52.44043],[13.12412,52.44068],[13.12461,52.44076],[13.12688,52.44115],[13.12805,52.44096],[13.12948,52.44131],[13.13042,52.44138],[13.13081,52.44141],[13.13111,52.44131],[13.13143,52.4412],[13.13172,52.4411],[13.13195,52.44125],[13.13301,52.44192],[13.13327,52.44209],[13.13366,52.44213],[13.13609,52.44238],[13.14774,52.44331],[13.14852,52.44337],[13.14901,52.44364],[13.15418,52.44642],[13.15452,52.4466],[13.15709,52.44868],[13.15796,52.44938],[13.1613,52.45182],[13.16173,52.45213],[13.16186,52.45219],[13.16226,52.45236],[13.16606,52.454],[13.16647,52.45418],[13.17085,52.45612],[13.17149,52.4561],[13.17698,52.45593],[13.17741,52.45592],[13.17762,52.45612],[13.18122,52.45962],[13.18474,52.46217],[13.18531,52.46258],[13.18547,52.46304],[13.18636,52.46564],[13.18652,52.46617],[13.18663,52.46655],[13.18674,52.46692],[13.18798,52.47118],[13.18817,52.47184],[13.18829,52.47408],[13.18725,52.47865],[13.18909,52.48115],[13.19017,52.48262],[13.18981,52.48433],[13.18715,52.48713],[13.1866,52.48929],[13.18755,52.49121],[13.18953,52.49293],[13.18945,52.49498],[13.18984,52.49755],[13.1917,52.49868],[13.19521,52.49974],[13.19908,52.49988],[13.20513,52.50135],[13.20973,52.50291],[13.20969,52.50303],[13.20943,52.50398],[13.20935,52.5043],[13.20921,52.50448],[13.20891,52.50486],[13.20876,52.50505],[13.20889,52.50524],[13.20921,52.5057],[13.20933,52.50587],[13.20949,52.50606],[13.21036,52.50704],[13.2105,52.5072],[13.21056,52.50737],[13.21076,52.50788],[13.21088,52.50819],[13.21092,52.50828],[13.21101,52.50852],[13.2112,52.50871],[13.21173,52.50922],[13.21186,52.50934],[13.21186,52.50935],[13.21201,52.50931],[13.21225,52.50926],[13.21232,52.50924],[13.21243,52.50924],[13.21244,52.50924],[13.21253,52.50922],[13.21256,52.50922],[13.21267,52.5092],[13.21268,52.5092],[13.21279,52.50919],[13.2128,52.50921],[13.21301,52.50916],[13.21303,52.50916],[13.21323,52.5091],[13.2136,52.50909],[13.21384,52.50909],[13.21398,52.5091],[13.21408,52.5091],[13.21416,52.50912],[13.21424,52.50915],[13.21446,52.50927],[13.21452,52.50933],[13.21455,52.50937],[13.21457,52.50936],[13.21486,52.5093],[13.21487,52.5093],[13.21505,52.50927],[13.21506,52.50927],[13.21512,52.50925],[13.21515,52.50925],[13.21524,52.50923],[13.21529,52.50922],[13.21548,52.50918],[13.2155,52.50918],[13.21558,52.50916],[13.2156,52.50919],[13.21567,52.50932],[13.21569,52.50937],[13.2156,52.50938],[13.21558,52.50939],[13.21555,52.50939],[13.21546,52.50941],[13.21543,52.50942],[13.21536,52.50943],[13.21501,52.5095],[13.21498,52.50951]]]]}},{"type":"Feature","properties":{"name":"Steglitz-Zehlendorf"},"geometry":{"type":"MultiPolygon","coordinates":[[[[13.34297,52.41184],[13.34302,52.41205],[13.34306,52.4122],[13.34307,52.41224],[13.34308,52.41236],[13.34308,52.41241],[13.34309,52.41245],[13.34309,52.41254],[13.3431,52.4126],[13.34309,52.41272],[13.34309,52.41281],[13.34309,52.41291],[13.34308,52.41303],[13.34309,52.4131],[13.3431,52.41327],[13.3431,52.4133],[13.34305,52.41346],[13.34305,52.41347],[13.34288,52.41385],[13.34274,52.41417],[13.34319,52.41434],[13.34368,52.41454],[13.34385,52.41461],[13.34392,52.41464],[13.34402,52.41468],[13.34418,52.41474],[13.34453,52.41488],[13.34503,52.41508],[13.34505,52.41509],[13.34522,52.41516],[13.34538,52.41522],[13.34547,52.41525],[13.34552,52.41525],[13.34557,52.41524],[13.34561,52.41523],[13.34566,52.41522],[13.34571,52.41521],[13.34576,52.41521],[13.34583,52.41519],[13.34597,52.41544],[13.34599,52.41545],[13.34636,52.41558],[13.3464,52.41559],[13.34667,52.41568],[13.34677,52.41572],[13.34698,52.41579],[13.3472,52.41586],[13.34741,52.41593],[13.34783,52.41606],[13.34784,52.41607],[13.34823,52.41619],[13.34832,52.41623],[13.34842,52.41626],[13.3488,52.41637],[13.34888,52.4164],[13.3491,52.41646],[13.34912,52.41647],[13.34934,52.41654],[13.3497,52.41664],[13.34989,52.4167],[13.35028,52.41681],[13.35038,52.41684],[13.35048,52.41687],[13.35062,52.41692],[13.35074,52.41695],[13.35081,52.41697],[13.35086,52.41699],[13.35097,52.41704],[13.35109,52.41708],[13.3512,52.41712],[13.35131,52.41717],[13.35132,52.41717],[13.35142,52.41721],[13.35176,52.41735],[13.3518,52.41737],[13.35213,52.4175],[13.35218,52.41752],[13.3524,52.41761],[13.3525,52.41764],[13.35253,52.41765],[13.35263,52.41769],[13.35272,52.41772],[13.35275,52.41773],[13.35348,52.41798],[13.35358,52.41802],[13.3537,52.41805],[13.35474,52.41835],[13.35484,52.41838],[13.35494,52.41841],[13.35518,52.4185],[13.35522,52.41851],[13.35574,52.4187],[13.35634,52.41892],[13.35729,52.41926],[13.3577,52.41941],[13.35883,52.41982],[13.35894,52.41986],[13.35895,52.41987],[13.35899,52.41988],[13.35902,52.41988],[13.35912,52.4199],[13.35927,52.41994],[13.35918,52.42007],[13.35924,52.42009],[13.35987,52.42038],[13.36008,52.42048],[13.36029,52.42057],[13.3605,52.42063],[13.36061,52.42067],[13.36081,52.42072],[13.36148,52.42091],[13.36157,52.42094],[13.3618,52.42101],[13.3632,52.42141],[13.36323,52.42142],[13.36326,52.42143],[13.36328,52.42144],[13.36331,52.42145],[13.36333,52.42146],[13.36336,52.42147],[13.36338,52.42148],[13.3634,52.42149],[13.36342,52.4215],[13.36345,52.42151],[13.36347,52.42153],[13.36349,52.42154],[13.36351,52.42155],[13.36352,52.42157],[13.36354,52.42158],[13.36356,52.4216],[13.36358,52.42161],[13.36359,52.42163],[13.36361,52.42164],[13.36362,52.42166],[13.36401,52.42214],[13.36416,52.42231],[13.36424,52.42242],[13.36431,52.42252],[13.3644,52.42264],[13.36448,52.42276],[13.3646,52.42292],[13.36467,52.42303],[13.36475,52.42314],[13.36482,52.42324],[13.3649,52.42335],[13.36498,52.42346],[13.36505,52.42357],[13.36513,52.42367],[13.3652,52.42378],[13.36532,52.42394],[13.36538,52.42403],[13.36544,52.42412],[13.36547,52.42416],[13.3655,52.4242],[13.36553,52.42424],[13.36556,52.42428],[13.36559,52.42432],[13.36562,52.42436],[13.36565,52.4244],[13.36568,52.42444],[13.36571,52.42449],[13.36573,52.42453],[13.36576,52.42457],[13.36579,52.42461],[13.36582,52.42465],[13.36585,52.42469],[13.36588,52.42473],[13.36591,52.42477],[13.36595,52.42483],[13.366,52.4249],[13.36603,52.42494],[13.36605,52.42498],[13.36608,52.42502],[13.36611,52.42506],[13.36614,52.4251],[13.36617,52.42514],[13.3662,52.42518],[13.36623,52.42522],[13.36628,52.4253],[13.36631,52.42534],[13.36634,52.42538],[13.36642,52.4255],[13.36645,52.42554],[13.36651,52.42562],[13.36654,52.42566],[13.36657,52.4257],[13.36665,52.42583],[13.36671,52.42591],[13.36674,52.42595],[13.36686,52.42611],[13.36694,52.42624],[13.36697,52.42628],[13.36703,52.42636],[13.36706,52.4264],[13.36715,52.42652],[13.36718,52.42656],[13.36721,52.42661],[13.36723,52.42665],[13.36727,52.4267],[13.36731,52.42676],[13.3674,52.42688],[13.36745,52.42694],[13.36748,52.42699],[13.36751,52.42704],[13.36754,52.42708],[13.36757,52.42712],[13.3676,52.42716],[13.36763,52.4272],[13.36765,52.42724],[13.36767,52.42726],[13.36768,52.42728],[13.36776,52.42738],[13.3679,52.42759],[13.36792,52.42761],[13.36805,52.42758],[13.36808,52.42757],[13.36811,52.42756],[13.36814,52.42756],[13.36817,52.42756],[13.3682,52.42755],[13.36823,52.42755],[13.36826,52.42755],[13.36829,52.42755],[13.36832,52.42756],[13.36835,52.42756],[13.36838,52.42756],[13.3684,52.42757],[13.36843,52.42757],[13.36846,52.42758],[13.36848,52.42759],[13.3685,52.42759],[13.36852,52.4276],[13.36854,52.42761],[13.36857,52.42762],[13.36882,52.42773],[13.36913,52.42787],[13.36933,52.42797],[13.36957,52.42807],[13.36975,52.42816],[13.37115,52.4288],[13.37113,52.42885],[13.3711,52.42889],[13.37132,52.42899],[13.37152,52.42908],[13.3716,52.42912],[13.37155,52.42919],[13.37153,52.42922],[13.37149,52.42929],[13.37146,52.42937],[13.37123,52.42986],[13.37121,52.4299],[13.37119,52.42993],[13.37108,52.43011],[13.37097,52.4303],[13.3708,52.43056],[13.37067,52.43078],[13.37063,52.43084],[13.37054,52.43098],[13.37033,52.43129],[13.37029,52.43135],[13.37023,52.43144],[13.37014,52.43158],[13.36976,52.43215],[13.36944,52.43265],[13.36919,52.43307],[13.36907,52.43334],[13.36884,52.43371],[13.36884,52.43368],[13.36849,52.43425],[13.36827,52.43462],[13.36809,52.43491],[13.36796,52.43513],[13.3677,52.43555],[13.36769,52.43557],[13.36767,52.4356],[13.36753,52.43582],[13.36752,52.43585],[13.3675,52.43588],[13.36725,52.43635],[13.36714,52.43661],[13.36714,52.43662],[13.36706,52.43679],[13.36707,52.4368],[13.36676,52.43734],[13.36647,52.43786],[13.36637,52.43804],[13.36625,52.43826],[13.36618,52.4384],[13.36613,52.43848],[13.3661,52.43853],[13.36602,52.43867],[13.36592,52.43882],[13.36582,52.43898],[13.36572,52.43914],[13.36563,52.43929],[13.36563,52.4393],[13.36552,52.43946],[13.3654,52.43962],[13.36528,52.4398],[13.36524,52.43986],[13.36515,52.44002],[13.36495,52.44033],[13.3649,52.44042],[13.36488,52.44045],[13.3646,52.4409],[13.36457,52.44095],[13.36449,52.44109],[13.36437,52.44128],[13.3641,52.44173],[13.36403,52.44185],[13.36399,52.44192],[13.36391,52.44207],[13.36373,52.44237],[13.36362,52.44256],[13.36354,52.4427],[13.36348,52.44281],[13.36347,52.44281],[13.36341,52.44282],[13.36311,52.44331],[13.36314,52.44333],[13.36306,52.44346],[13.36269,52.44408],[13.36264,52.44415],[13.36263,52.44417],[13.36248,52.44448],[13.36247,52.4445],[13.36242,52.4446],[13.36238,52.44457],[13.36235,52.44463],[13.36231,52.44472],[13.36212,52.44511],[13.36181,52.44566],[13.36149,52.44624],[13.36132,52.44646],[13.36113,52.4468],[13.36111,52.44682],[13.3612,52.44685],[13.3612,52.44686],[13.36116,52.44689],[13.36107,52.44698],[13.36105,52.44702],[13.36101,52.44709],[13.36095,52.44711],[13.36086,52.44732],[13.36079,52.44745],[13.36061,52.44774],[13.36045,52.44807],[13.3602,52.44855],[13.36018,52.44858],[13.35989,52.4491],[13.35986,52.44916],[13.35972,52.4494],[13.35947,52.44969],[13.35939,52.44984],[13.35922,52.45015],[13.359,52.45054],[13.35896,52.45062],[13.35878,52.45086],[13.35876,52.45088],[13.35863,52.45101],[13.35855,52.45115],[13.3585,52.45125],[13.35848,52.45133],[13.35844,52.45142],[13.35822,52.45182],[13.35793,52.45229],[13.35791,52.45228],[13.35764,52.45271],[13.35745,52.45302],[13.35726,52.45333],[13.35729,52.45345],[13.3569,52.45403],[13.35691,52.45409],[13.35669,52.45444],[13.35649,52.45481],[13.35646,52.45486],[13.35642,52.45494],[13.3564,52.45497],[13.35625,52.45527],[13.35612,52.45561],[13.35598,52.45562],[13.35551,52.45564],[13.35526,52.45565],[13.35504,52.45565],[13.35503,52.45565],[13.35496,52.45565],[13.35439,52.45564],[13.3542,52.45564],[13.35419,52.45587],[13.35407,52.456],[13.35398,52.45614],[13.35385,52.45634],[13.35368,52.4567],[13.3533,52.45702],[13.35295,52.45712],[13.35248,52.45708],[13.35199,52.45689],[13.35146,52.45677],[13.35093,52.45673],[13.35089,52.45662],[13.34964,52.45677],[13.34908,52.45677],[13.34908,52.45687],[13.34908,52.45695],[13.34908,52.45704],[13.34908,52.45712],[13.34908,52.45721],[13.34908,52.4573],[13.34908,52.45738],[13.34906,52.45792],[13.34904,52.45876],[13.3484,52.45877],[13.34834,52.4588],[13.3483,52.4588],[13.34827,52.4588],[13.34823,52.45881],[13.34819,52.45881],[13.34815,52.45881],[13.34813,52.45882],[13.34809,52.45882],[13.34804,52.45883],[13.348,52.45884],[13.34796,52.45885],[13.34792,52.45885],[13.34788,52.45886],[13.34785,52.45887],[13.34783,52.45888],[13.34781,52.45889],[13.34778,52.4589],[13.34776,52.4589],[13.34773,52.45891],[13.34769,52.45893],[13.34766,52.45894],[13.34763,52.45896],[13.34759,52.45897],[13.34756,52.45899],[13.34772,52.45915],[13.34782,52.45925],[13.34781,52.45925],[13.34774,52.45932],[13.34496,52.46172],[13.3446,52.46191],[13.34443,52.46204],[13.34409,52.46227],[13.34385,52.46245],[13.34352,52.46269],[13.34325,52.46288],[13.34311,52.46298],[13.34287,52.46314],[13.34249,52.46337],[13.34236,52.46345],[13.34214,52.46359],[13.34204,52.46365],[13.34188,52.46375],[13.34187,52.46375],[13.34184,52.46377],[13.34154,52.46395],[13.34124,52.46414],[13.34101,52.46428],[13.34067,52.46449],[13.34063,52.46451],[13.3403,52.46472],[13.34018,52.46478],[13.34004,52.46487],[13.33999,52.4649],[13.33967,52.4651],[13.33946,52.46523],[13.33945,52.46523],[13.33942,52.46525],[13.33925,52.46535],[13.33903,52.46549],[13.339,52.46551],[13.33899,52.46551],[13.33891,52.46556],[13.3389,52.4656],[13.33888,52.46577],[13.33886,52.46594],[13.33883,52.46611],[13.33881,52.46628],[13.33879,52.46645],[13.33877,52.46657],[13.33848,52.46638],[13.33791,52.46664],[13.33778,52.46671],[13.33777,52.46672],[13.33771,52.46675],[13.33767,52.46677],[13.33764,52.46679],[13.3376,52.46681],[13.33757,52.46684],[13.33754,52.46686],[13.3375,52.46688],[13.33746,52.4669],[13.33743,52.46692],[13.33739,52.46695],[13.3373,52.46699],[13.33728,52.467],[13.33726,52.46701],[13.33721,52.46703],[13.33715,52.46706],[13.33709,52.46709],[13.33707,52.4671],[13.33703,52.46711],[13.33702,52.46711],[13.33697,52.46714],[13.33692,52.46716],[13.33691,52.46716],[13.33687,52.46718],[13.33685,52.46719],[13.33686,52.46719],[13.33683,52.4672],[13.33676,52.46723],[13.33655,52.46731],[13.33627,52.46742],[13.33625,52.4674],[13.33624,52.46739],[13.33599,52.46715],[13.33586,52.46701],[13.33568,52.46687],[13.33551,52.46674],[13.33535,52.46661],[13.33502,52.46635],[13.33487,52.46624],[13.33483,52.4662],[13.33467,52.46628],[13.3341,52.4662],[13.33384,52.46617],[13.33377,52.46616],[13.33357,52.46614],[13.33321,52.46609],[13.33294,52.46605],[13.33271,52.46602],[13.33248,52.46599],[13.33225,52.46597],[13.33201,52.46593],[13.33141,52.46586],[13.33101,52.4655],[13.33084,52.46534],[13.33063,52.46515],[13.3306,52.46522],[13.3302,52.46536],[13.32995,52.46545],[13.3297,52.46554],[13.32967,52.4655],[13.32958,52.46553],[13.32944,52.46559],[13.32937,52.46557],[13.32916,52.46536],[13.32904,52.46523],[13.32902,52.46521],[13.32894,52.46514],[13.32874,52.46493],[13.32872,52.4649],[13.32852,52.4647],[13.32832,52.46449],[13.32823,52.4644],[13.32821,52.46438],[13.32816,52.46433],[13.32787,52.4645],[13.32759,52.4646],[13.32758,52.46461],[13.32644,52.46501],[13.32552,52.46534],[13.32447,52.46572],[13.32428,52.46579],[13.32389,52.46592],[13.32363,52.46602],[13.32336,52.46612],[13.3231,52.46621],[13.32271,52.46635],[13.32252,52.46642],[13.32216,52.46655],[13.32189,52.46664],[13.32162,52.46674],[13.32139,52.46682],[13.32116,52.4669],[13.32099,52.46696],[13.32076,52.46697],[13.32028,52.46698],[13.31998,52.46698],[13.31984,52.46698],[13.31952,52.46699],[13.3191,52.467],[13.31873,52.467],[13.31849,52.46701],[13.31723,52.46703],[13.31691,52.46703],[13.31632,52.46704],[13.31596,52.46705],[13.31395,52.46708],[13.31331,52.46709],[13.31309,52.4671],[13.31161,52.46712],[13.31142,52.46712],[13.31139,52.46712],[13.31135,52.46712],[13.31132,52.46712],[13.31128,52.46712],[13.31126,52.46712],[13.31123,52.46712],[13.3112,52.46712],[13.31116,52.46711],[13.31113,52.4671],[13.31109,52.4671],[13.31105,52.46709],[13.31101,52.46708],[13.31097,52.46707],[13.31093,52.46706],[13.3109,52.46705],[13.31086,52.46704],[13.31083,52.46703],[13.3108,52.46702],[13.31077,52.46701],[13.31075,52.467],[13.31072,52.46699],[13.3107,52.46698],[13.31068,52.46697],[13.31066,52.46696],[13.31065,52.4669],[13.31058,52.46693],[13.31051,52.46696],[13.31045,52.46698],[13.31038,52.46701],[13.31031,52.46704],[13.31029,52.46705],[13.31027,52.46706],[13.31024,52.46707],[13.31022,52.46708],[13.3102,52.46709],[13.31018,52.4671],[13.31015,52.46711],[13.31013,52.46712],[13.31011,52.46714],[13.30998,52.46721],[13.30994,52.46723],[13.30961,52.46741],[13.30915,52.46768],[13.3091,52.46771],[13.30895,52.46763],[13.3087,52.4675],[13.30857,52.46742],[13.30847,52.46749],[13.30837,52.46755],[13.30833,52.46753],[13.30801,52.46767],[13.30784,52.46773],[13.30755,52.46785],[13.30748,52.46788],[13.30722,52.46777],[13.30663,52.46753],[13.30633,52.46741],[13.30637,52.46749],[13.3062,52.46752],[13.30343,52.46796],[13.30321,52.468],[13.30204,52.46819],[13.29801,52.46885],[13.29781,52.46888],[13.2977,52.4689],[13.29741,52.46895],[13.29712,52.46901],[13.29684,52.46907],[13.29657,52.46913],[13.29629,52.46918],[13.29603,52.46923],[13.29556,52.46932],[13.29533,52.46936],[13.29501,52.46942],[13.29454,52.46951],[13.29284,52.46983],[13.29254,52.46989],[13.29219,52.46995],[13.29192,52.47],[13.29165,52.47005],[13.2914,52.4701],[13.29116,52.47015],[13.29018,52.47033],[13.29015,52.47013],[13.28988,52.46989],[13.28944,52.47024],[13.28908,52.47053],[13.28887,52.47048],[13.28845,52.47039],[13.28787,52.47027],[13.28761,52.47021],[13.28741,52.47017],[13.28712,52.4701],[13.28667,52.47001],[13.28625,52.46992],[13.28594,52.46985],[13.28574,52.46981],[13.28497,52.46964],[13.28484,52.46961],[13.2844,52.46951],[13.28381,52.46939],[13.28351,52.46932],[13.28313,52.46924],[13.28307,52.46923],[13.28292,52.4692],[13.28216,52.46905],[13.28188,52.469],[13.28144,52.46892],[13.28124,52.46888],[13.28109,52.46885],[13.28075,52.4688],[13.2802,52.46873],[13.28014,52.46872],[13.27974,52.46867],[13.27948,52.46864],[13.27905,52.46858],[13.27873,52.46854],[13.27868,52.46851],[13.27869,52.46861],[13.27833,52.46857],[13.27833,52.46864],[13.2778,52.46858],[13.2778,52.46857],[13.27718,52.4685],[13.27666,52.46844],[13.27648,52.46842],[13.27612,52.46837],[13.2755,52.4683],[13.27516,52.46826],[13.27492,52.46824],[13.2744,52.46818],[13.27403,52.46813],[13.27355,52.46808],[13.27348,52.46807],[13.27337,52.46806],[13.27299,52.46801],[13.27246,52.46795],[13.27246,52.46796],[13.27115,52.46781],[13.26922,52.46759],[13.26881,52.46754],[13.26661,52.46731],[13.26639,52.46735],[13.26621,52.46727],[13.26612,52.46724],[13.26486,52.46709],[13.26428,52.467],[13.264,52.46697],[13.26355,52.46695],[13.26311,52.46698],[13.2629,52.46701],[13.26274,52.46705],[13.26268,52.46707],[13.2626,52.46711],[13.26231,52.46717],[13.26232,52.46722],[13.2622,52.46732],[13.26212,52.46732],[13.2621,52.46731],[13.26209,52.46732],[13.26207,52.46734],[13.26205,52.46735],[13.26215,52.4674],[13.26214,52.4674],[13.26202,52.46749],[13.26173,52.4677],[13.26163,52.46777],[13.26161,52.46776],[13.26086,52.4674],[13.26082,52.46737],[13.26081,52.46736],[13.26079,52.46734],[13.26066,52.4672],[13.26059,52.46713],[13.2605,52.46707],[13.26042,52.46701],[13.26028,52.46693],[13.26002,52.46684],[13.25978,52.46673],[13.25961,52.4667],[13.25948,52.46666],[13.25909,52.4665],[13.25898,52.46651],[13.25884,52.46651],[13.2584,52.46654],[13.25823,52.46656],[13.25751,52.46661],[13.25739,52.46661],[13.25727,52.46662],[13.25719,52.46663],[13.25574,52.46674],[13.25561,52.46675],[13.2553,52.46676],[13.25479,52.46678],[13.25433,52.46678],[13.25392,52.46675],[13.25349,52.46673],[13.25311,52.46672],[13.25289,52.46673],[13.25263,52.46675],[13.25244,52.46677],[13.25184,52.46686],[13.25086,52.46704],[13.25042,52.46711],[13.249,52.46735],[13.24798,52.46752],[13.24791,52.46753],[13.24781,52.46754],[13.24777,52.46756],[13.24759,52.46763],[13.24735,52.46771],[13.2472,52.4677],[13.24675,52.46774],[13.24652,52.46778],[13.24553,52.46793],[13.24411,52.46818],[13.24382,52.46825],[13.24304,52.46836],[13.2427,52.46844],[13.24201,52.46856],[13.24157,52.46861],[13.24127,52.46866],[13.23987,52.4689],[13.23904,52.46904],[13.23905,52.46906],[13.23835,52.46919],[13.23833,52.46917],[13.23824,52.46918],[13.23807,52.46921],[13.23805,52.46921],[13.23779,52.46926],[13.23758,52.4693],[13.23757,52.4693],[13.2375,52.46931],[13.23735,52.46933],[13.23734,52.46933],[13.2372,52.46936],[13.23718,52.46936],[13.23716,52.46937],[13.23713,52.46937],[13.23711,52.46937],[13.23709,52.46938],[13.23707,52.46938],[13.23706,52.46938],[13.23668,52.46944],[13.23625,52.46951],[13.23622,52.46951],[13.23588,52.46956],[13.2351,52.46966],[13.23427,52.46996],[13.23388,52.47012],[13.23272,52.47041],[13.23233,52.47052],[13.23147,52.47076],[13.23021,52.47075],[13.22877,52.47051],[13.22868,52.47049],[13.22718,52.47039],[13.22678,52.47036],[13.22552,52.47013],[13.22378,52.46999],[13.22357,52.47002],[13.22251,52.47],[13.22244,52.47],[13.22159,52.46998],[13.22015,52.47006],[13.21942,52.47004],[13.21924,52.47004],[13.219,52.47005],[13.21893,52.47005],[13.21806,52.47007],[13.21654,52.47012],[13.21616,52.4701],[13.2151,52.46993],[13.21423,52.46982],[13.21323,52.46953],[13.21284,52.46954],[13.21235,52.46956],[13.21169,52.46947],[13.21148,52.46944],[13.21071,52.4696],[13.21066,52.46961],[13.21017,52.46971],[13.2091,52.46982],[13.20822,52.46994],[13.20771,52.47002],[13.2072,52.47014],[13.20646,52.47031],[13.20577,52.47043],[13.2051,52.47052],[13.20457,52.47053],[13.20413,52.47049],[13.20373,52.4705],[13.20355,52.47047],[13.20337,52.47042],[13.20321,52.47038],[13.20274,52.47025],[13.20221,52.47016],[13.20179,52.47],[13.20169,52.46996],[13.20156,52.46987],[13.20143,52.46974],[13.20141,52.46972],[13.20111,52.46943],[13.2009,52.46923],[13.20075,52.4691],[13.20064,52.46904],[13.20031,52.46898],[13.19971,52.46882],[13.1994,52.46876],[13.19929,52.46875],[13.19915,52.46875],[13.19898,52.46877],[13.19873,52.46884],[13.19845,52.46892],[13.19809,52.46901],[13.19793,52.46913],[13.19785,52.46922],[13.19773,52.46936],[13.19771,52.46943],[13.19762,52.46973],[13.19764,52.46997],[13.19766,52.47011],[13.19772,52.47035],[13.1977,52.4704],[13.19758,52.47064],[13.197,52.47117],[13.19662,52.47134],[13.19637,52.47135],[13.19632,52.47134],[13.19523,52.47125],[13.19456,52.47098],[13.19391,52.47109],[13.18817,52.47184],[13.18798,52.47118],[13.18674,52.46692],[13.18663,52.46655],[13.18652,52.46617],[13.18636,52.46564],[13.18547,52.46304],[13.18531,52.46258],[13.18474,52.46217],[13.18122,52.45962],[13.17762,52.45612],[13.17741,52.45592],[13.17698,52.45593],[13.17149,52.4561],[13.17085,52.45612],[13.16647,52.45418],[13.16606,52.454],[13.16226,52.45236],[13.16186,52.45219],[13.16173,52.45213],[13.1613,52.45182],[13.15796,52.44938],[13.15709,52.44868],[13.15452,52.4466],[13.15418,52.44642],[13.14901,52.44364],[13.14852,52.44337],[13.14774,52.44331],[13.13609,52.44238],[13.13366,52.44213],[13.13327,52.44209],[13.13301,52.44192],[13.13195,52.44125],[13.13172,52.4411],[13.13143,52.4412],[13.13111,52.44131],[13.13081,52.44141],[13.13042,52.44138],[13.12948,52.44131],[13.12805,52.44096],[13.12688,52.44115],[13.12461,52.44076],[13.12412,52.44068],[13.12388,52.44043],[13.12336,52.43986],[13.12312,52.43962],[13.12315,52.43871],[13.12214,52.43788],[13.11722,52.43616],[13.11393,52.43297],[13.11207,52.43231],[13.11278,52.4292],[13.10802,52.42666],[13.10692,52.42565],[13.10541,52.42528],[13.10457,52.42398],[13.10349,52.4243],[13.1016,52.42464],[13.10095,52.42516],[13.10047,52.4253],[13.09998,52.42545],[13.09931,52.42534],[13.0984,52.42489],[13.09809,52.42407],[13.09805,52.42402],[13.09772,52.42347],[13.09584,52.42197],[13.08835,52.41963],[13.09021,52.41355],[13.09021,52.41342],[13.09021,52.41339],[13.09019,52.41273],[13.09027,52.41221],[13.09077,52.41156],[13.09212,52.41124],[13.09235,52.41112],[13.09341,52.41054],[13.09739,52.40942],[13.09798,52.40988],[13.09798,52.40994],[13.09833,52.41006],[13.09841,52.41011],[13.09861,52.41027],[13.09864,52.41026],[13.0987,52.41033],[13.09855,52.41039],[13.09858,52.41042],[13.09857,52.41043],[13.09856,52.41043],[13.09856,52.41044],[13.09855,52.41044],[13.09855,52.41045],[13.09855,52.41046],[13.09855,52.41047],[13.09856,52.41047],[13.09859,52.41051],[13.0986,52.41051],[13.09861,52.41051],[13.09862,52.41052],[13.09863,52.41052],[13.09864,52.41052],[13.09865,52.41052],[13.09866,52.41052],[13.09866,52.41051],[13.09867,52.41051],[13.09877,52.41061],[13.09885,52.41068],[13.09889,52.41072],[13.09891,52.41074],[13.09892,52.41075],[13.09893,52.41076],[13.09894,52.41077],[13.09894,52.41078],[13.09895,52.4108],[13.09896,52.41082],[13.09897,52.41084],[13.09898,52.41085],[13.09898,52.41087],[13.09898,52.41089],[13.09898,52.41091],[13.09898,52.41092],[13.09898,52.41094],[13.09898,52.41096],[13.09897,52.41098],[13.09897,52.41099],[13.09896,52.41101],[13.09895,52.41103],[13.09894,52.41105],[13.09892,52.41106],[13.09891,52.41108],[13.09889,52.41109],[13.09887,52.41111],[13.09885,52.41112],[13.09876,52.41116],[13.09772,52.41162],[13.09765,52.41163],[13.09759,52.41165],[13.09756,52.41169],[13.09753,52.4117],[13.09754,52.41172],[13.09757,52.41172],[13.09759,52.41174],[13.09759,52.41175],[13.09756,52.41177],[13.09761,52.41178],[13.09758,52.41181],[13.09711,52.41235],[13.09645,52.41309],[13.09662,52.41314],[13.09681,52.4132],[13.09786,52.41339],[13.09788,52.41339],[13.09805,52.41341],[13.09818,52.41344],[13.09911,52.41361],[13.09926,52.41363],[13.09986,52.41372],[13.09995,52.41373],[13.10031,52.41378],[13.10057,52.4138],[13.10086,52.41376],[13.10085,52.41373],[13.10075,52.41335],[13.10073,52.41302],[13.10073,52.41299],[13.10081,52.41272],[13.10098,52.41219],[13.10105,52.41189],[13.10107,52.41181],[13.10112,52.41158],[13.1011,52.41143],[13.10108,52.41127],[13.10105,52.41105],[13.10103,52.41098],[13.10097,52.41068],[13.101,52.41054],[13.10318,52.41006],[13.10357,52.40998],[13.10389,52.4099],[13.1044,52.40979],[13.10463,52.40974],[13.10512,52.4099],[13.10547,52.40975],[13.10591,52.40955],[13.10619,52.40956],[13.10655,52.40961],[13.10677,52.40968],[13.10685,52.40971],[13.10697,52.40977],[13.10702,52.40981],[13.10708,52.40987],[13.10711,52.4099],[13.10712,52.40993],[13.10713,52.40996],[13.10714,52.40999],[13.10714,52.41002],[13.10715,52.41005],[13.10715,52.41055],[13.10715,52.41068],[13.10718,52.41082],[13.1072,52.41109],[13.10727,52.41139],[13.1073,52.41155],[13.10736,52.4118],[13.10742,52.41209],[13.10742,52.41213],[13.10741,52.41221],[13.10739,52.41229],[13.10736,52.41244],[13.10733,52.41263],[13.1073,52.41272],[13.10725,52.41283],[13.10712,52.4131],[13.10711,52.41318],[13.10714,52.41321],[13.10726,52.41331],[13.10736,52.41328],[13.10747,52.4133],[13.10778,52.41333],[13.10781,52.41333],[13.10808,52.41327],[13.1081,52.41326],[13.10835,52.41321],[13.10848,52.41318],[13.10862,52.41315],[13.10866,52.41314],[13.10893,52.41309],[13.10917,52.41304],[13.1092,52.41303],[13.10945,52.41298],[13.10962,52.41294],[13.10991,52.41203],[13.10997,52.41183],[13.11001,52.4117],[13.11005,52.41155],[13.1101,52.4114],[13.11014,52.41129],[13.11086,52.41135],[13.11092,52.41136],[13.11151,52.41141],[13.11155,52.41129],[13.11159,52.41115],[13.11165,52.41097],[13.1117,52.41079],[13.11175,52.41062],[13.1118,52.41048],[13.11145,52.41045],[13.11042,52.41035],[13.1105,52.41012],[13.11056,52.40993],[13.11061,52.40975],[13.11067,52.40957],[13.11059,52.40957],[13.11062,52.40949],[13.11063,52.40944],[13.10851,52.40924],[13.10694,52.40949],[13.10677,52.40924],[13.10666,52.409],[13.10655,52.40877],[13.10646,52.40877],[13.10644,52.40878],[13.10642,52.40874],[13.10638,52.40869],[13.10655,52.40868],[13.10658,52.40868],[13.10679,52.40866],[13.107,52.40864],[13.10752,52.40859],[13.10755,52.40859],[13.10768,52.40857],[13.10821,52.40852],[13.10861,52.40848],[13.10913,52.40824],[13.10927,52.40818],[13.10926,52.40816],[13.10945,52.40805],[13.10931,52.40793],[13.10833,52.40726],[13.10969,52.40654],[13.1111,52.4053],[13.1112,52.40451],[13.11182,52.40399],[13.11634,52.40232],[13.11775,52.40212],[13.11846,52.40128],[13.12023,52.39985],[13.122,52.39855],[13.12316,52.39788],[13.12421,52.39728],[13.12478,52.39687],[13.12566,52.39666],[13.12692,52.39657],[13.12742,52.39664],[13.12846,52.39694],[13.13252,52.39866],[13.13351,52.39937],[13.13496,52.3986],[13.13504,52.39857],[13.1352,52.39853],[13.13543,52.39847],[13.13567,52.3984],[13.13641,52.39819],[13.13664,52.39813],[13.1381,52.39786],[13.13809,52.39781],[13.13804,52.39768],[13.13767,52.39765],[13.13753,52.39764],[13.13733,52.39762],[13.13726,52.39761],[13.13717,52.3976],[13.13708,52.3976],[13.137,52.39759],[13.13694,52.39758],[13.13692,52.39758],[13.13673,52.39756],[13.13658,52.39755],[13.13647,52.39754],[13.13641,52.39753],[13.13614,52.3975],[13.13603,52.39749],[13.13572,52.39745],[13.13556,52.39743],[13.13538,52.39741],[13.13513,52.39737],[13.13518,52.39727],[13.13536,52.3969],[13.13545,52.39671],[13.13559,52.39642],[13.13561,52.39638],[13.13561,52.39637],[13.13568,52.39624],[13.13571,52.39618],[13.1358,52.39618],[13.13601,52.39618],[13.13642,52.39618],[13.13681,52.39618],[13.137,52.39618],[13.13704,52.39617],[13.13713,52.39617],[13.13715,52.39617],[13.13744,52.39615],[13.13726,52.39603],[13.1375,52.39602],[13.13779,52.39613],[13.13799,52.39612],[13.13859,52.3961],[13.13837,52.39598],[13.13895,52.39599],[13.13823,52.3957],[13.13754,52.39534],[13.13706,52.39508],[13.13664,52.39486],[13.13624,52.39465],[13.13449,52.39369],[13.13388,52.3933],[13.13291,52.39262],[13.13178,52.39182],[13.13175,52.3918],[13.13157,52.39179],[13.13155,52.39182],[13.1315,52.39188],[13.13149,52.39188],[13.13145,52.39185],[13.13141,52.39182],[13.13139,52.39179],[13.13138,52.39179],[13.1313,52.39173],[13.13131,52.39172],[13.13132,52.39173],[13.13132,52.3917],[13.13132,52.39168],[13.13133,52.39168],[13.13142,52.3917],[13.13153,52.39173],[13.1315,52.3917],[13.13091,52.39117],[13.13017,52.3905],[13.13016,52.3905],[13.13007,52.39056],[13.12994,52.39064],[13.12986,52.39069],[13.12985,52.3907],[13.13001,52.39085],[13.13018,52.39102],[13.13043,52.39127],[13.1305,52.39134],[13.13086,52.39169],[13.13103,52.39164],[13.13103,52.39163],[13.13111,52.3917],[13.13114,52.39172],[13.13115,52.39172],[13.13122,52.39179],[13.1312,52.39179],[13.1312,52.39181],[13.1312,52.39184],[13.13119,52.39184],[13.1311,52.39181],[13.13093,52.39176],[13.13092,52.39176],[13.13075,52.39175],[13.12938,52.39172],[13.12937,52.39165],[13.12932,52.39165],[13.12905,52.39165],[13.129,52.39164],[13.12869,52.39164],[13.12868,52.39164],[13.12843,52.39163],[13.1284,52.39163],[13.12838,52.39163],[13.12837,52.39163],[13.12812,52.39162],[13.12757,52.39161],[13.12729,52.39161],[13.12724,52.39142],[13.1272,52.39126],[13.12715,52.3911],[13.12715,52.39108],[13.12711,52.39094],[13.12706,52.39076],[13.12702,52.39061],[13.12698,52.39046],[13.12689,52.39014],[13.12684,52.38998],[13.12673,52.38958],[13.12721,52.38933],[13.12755,52.38914],[13.12761,52.38911],[13.12784,52.38898],[13.1281,52.38884],[13.12831,52.38872],[13.12858,52.38857],[13.1288,52.38845],[13.12914,52.38826],[13.12928,52.38819],[13.12948,52.38807],[13.12985,52.38788],[13.13013,52.38772],[13.13017,52.3877],[13.13068,52.38742],[13.13075,52.38738],[13.13093,52.38731],[13.13098,52.38729],[13.13109,52.38725],[13.1313,52.38723],[13.13144,52.38747],[13.13154,52.3875],[13.13172,52.38751],[13.13199,52.38752],[13.13203,52.38751],[13.13223,52.38747],[13.13236,52.38745],[13.13249,52.38743],[13.13269,52.38739],[13.13271,52.38739],[13.13274,52.38738],[13.13275,52.38738],[13.13286,52.38736],[13.13291,52.38735],[13.13295,52.38735],[13.13318,52.3873],[13.13319,52.38732],[13.13324,52.38742],[13.13325,52.38744],[13.13329,52.38751],[13.13334,52.3876],[13.13339,52.38769],[13.13345,52.38779],[13.1335,52.38788],[13.13355,52.38797],[13.13356,52.38799],[13.13357,52.38801],[13.13358,52.38802],[13.13362,52.3881],[13.13367,52.38819],[13.1337,52.38825],[13.13373,52.38828],[13.13378,52.38837],[13.13383,52.38847],[13.13384,52.38848],[13.13388,52.38856],[13.13393,52.38865],[13.13398,52.38874],[13.13374,52.38875],[13.1333,52.38865],[13.13287,52.38874],[13.13271,52.38884],[13.13257,52.38893],[13.13241,52.38904],[13.13237,52.38907],[13.13219,52.38919],[13.13202,52.38931],[13.1319,52.3894],[13.13184,52.38943],[13.13162,52.38958],[13.13146,52.38968],[13.13135,52.38974],[13.13101,52.38996],[13.13081,52.39009],[13.13075,52.39013],[13.1307,52.39016],[13.13037,52.39037],[13.13203,52.39171],[13.13208,52.39176],[13.1321,52.39177],[13.13218,52.39183],[13.13314,52.3925],[13.13408,52.39317],[13.13471,52.39356],[13.13642,52.39451],[13.13665,52.39463],[13.13704,52.39483],[13.13776,52.39522],[13.1382,52.39545],[13.13839,52.39555],[13.14009,52.39624],[13.14043,52.39637],[13.14069,52.39651],[13.14096,52.39666],[13.14099,52.39667],[13.14109,52.39673],[13.14124,52.39681],[13.14152,52.39695],[13.14182,52.3971],[13.14199,52.39696],[13.14207,52.39698],[13.14221,52.39702],[13.14242,52.39707],[13.14256,52.3971],[13.14282,52.39716],[13.14285,52.39717],[13.1432,52.39725],[13.14322,52.39712],[13.14326,52.39685],[13.14328,52.39673],[13.14313,52.39667],[13.14337,52.3965],[13.14351,52.39639],[13.1437,52.39625],[13.14386,52.39614],[13.14479,52.39583],[13.14574,52.3955],[13.1458,52.3955],[13.14598,52.39548],[13.14658,52.39542],[13.14681,52.3954],[13.14789,52.3953],[13.14893,52.39519],[13.14902,52.39519],[13.15002,52.39509],[13.15104,52.39501],[13.1511,52.39501],[13.1522,52.39493],[13.15329,52.39484],[13.15446,52.39465],[13.15467,52.39462],[13.15561,52.39447],[13.1568,52.39428],[13.15766,52.39413],[13.15887,52.39394],[13.15894,52.39394],[13.15953,52.39397],[13.16,52.39399],[13.16023,52.39401],[13.16123,52.39405],[13.16125,52.39405],[13.16137,52.39406],[13.16228,52.39411],[13.16344,52.39417],[13.16352,52.39417],[13.16359,52.39417],[13.16433,52.39421],[13.16441,52.39422],[13.16452,52.39422],[13.16457,52.39422],[13.16462,52.39423],[13.16576,52.39428],[13.16593,52.39429],[13.16685,52.39434],[13.16796,52.39439],[13.16813,52.39439],[13.16819,52.39439],[13.16877,52.3944],[13.16938,52.39465],[13.17014,52.39497],[13.17096,52.39531],[13.17176,52.39564],[13.17174,52.3957],[13.17161,52.39627],[13.17136,52.39735],[13.17131,52.39758],[13.17128,52.39762],[13.17117,52.39783],[13.17084,52.39774],[13.17005,52.3976],[13.16932,52.39745],[13.16874,52.39736],[13.16847,52.39733],[13.16811,52.39729],[13.16699,52.39718],[13.16413,52.39692],[13.16125,52.39663],[13.16044,52.39656],[13.16033,52.39656],[13.1578,52.39636],[13.15783,52.39653],[13.15784,52.39657],[13.15792,52.3969],[13.15778,52.39723],[13.15795,52.39756],[13.1582,52.39793],[13.15826,52.398],[13.15844,52.39827],[13.15877,52.3989],[13.15922,52.39954],[13.15939,52.39991],[13.15932,52.40041],[13.15931,52.40112],[13.15931,52.40114],[13.15931,52.40122],[13.15929,52.40156],[13.15929,52.40163],[13.15928,52.40181],[13.15927,52.40199],[13.15923,52.40278],[13.15936,52.40281],[13.15935,52.40284],[13.15935,52.40286],[13.16021,52.40315],[13.16119,52.40347],[13.16238,52.40387],[13.16317,52.40413],[13.16394,52.40439],[13.16462,52.40461],[13.16547,52.40491],[13.16632,52.40519],[13.16733,52.40555],[13.16835,52.40588],[13.16932,52.4062],[13.17056,52.40661],[13.17179,52.40701],[13.17304,52.40743],[13.17419,52.40781],[13.17468,52.40798],[13.17502,52.40809],[13.176,52.40842],[13.17736,52.40888],[13.17857,52.40928],[13.17996,52.40975],[13.18114,52.41014],[13.18256,52.41061],[13.184,52.41109],[13.18502,52.41143],[13.18523,52.4115],[13.18524,52.41151],[13.18643,52.41191],[13.18784,52.41237],[13.18927,52.41285],[13.19036,52.41322],[13.19152,52.41362],[13.19288,52.41407],[13.19432,52.41453],[13.19542,52.4149],[13.19666,52.41531],[13.19667,52.41531],[13.19666,52.41535],[13.19725,52.41554],[13.19737,52.41553],[13.19759,52.41552],[13.19944,52.41541],[13.20033,52.41552],[13.2012,52.41553],[13.20453,52.41583],[13.20645,52.41617],[13.20795,52.41646],[13.20956,52.41677],[13.20971,52.4168],[13.21101,52.41712],[13.21152,52.41726],[13.21202,52.4174],[13.21304,52.41778],[13.21355,52.41784],[13.21423,52.41804],[13.21447,52.41814],[13.21453,52.41816],[13.21488,52.4183],[13.21606,52.41871],[13.21638,52.41883],[13.21709,52.41917],[13.21805,52.41931],[13.21822,52.41935],[13.21928,52.41963],[13.22087,52.42001],[13.22141,52.42012],[13.22223,52.42037],[13.22359,52.42077],[13.22366,52.42067],[13.22503,52.42107],[13.22504,52.42107],[13.22506,52.42108],[13.22526,52.42092],[13.22527,52.42084],[13.22533,52.42084],[13.22606,52.42084],[13.22648,52.42083],[13.22662,52.42081],[13.22729,52.42072],[13.22844,52.4206],[13.22845,52.4206],[13.22853,52.42059],[13.2286,52.42058],[13.22883,52.42055],[13.22888,52.42055],[13.229,52.42054],[13.22909,52.42053],[13.22919,52.42053],[13.22924,52.42052],[13.22928,52.42052],[13.22937,52.42052],[13.22948,52.42051],[13.22957,52.42051],[13.22973,52.4205],[13.22977,52.4205],[13.22986,52.42049],[13.22996,52.42049],[13.22997,52.42049],[13.23005,52.42048],[13.23015,52.42048],[13.23021,52.42047],[13.23034,52.42047],[13.23045,52.42046],[13.23054,52.42046],[13.23064,52.42045],[13.2307,52.42045],[13.23073,52.42045],[13.23082,52.42044],[13.23092,52.42044],[13.23093,52.42044],[13.23095,52.42044],[13.23112,52.42043],[13.23119,52.42042],[13.23132,52.42042],[13.23141,52.42041],[13.23146,52.42041],[13.2315,52.42041],[13.2316,52.4204],[13.23169,52.4204],[13.23173,52.42039],[13.23189,52.42038],[13.23196,52.42038],[13.23198,52.42038],[13.23223,52.42037],[13.23226,52.42037],[13.23247,52.42037],[13.23261,52.42036],[13.23277,52.42036],[13.23296,52.42035],[13.23306,52.42035],[13.23314,52.42034],[13.23331,52.42039],[13.23335,52.4204],[13.23364,52.42047],[13.23367,52.42048],[13.23382,52.42052],[13.23411,52.42057],[13.23412,52.42058],[13.23439,52.42063],[13.23447,52.42064],[13.23463,52.42067],[13.23473,52.42069],[13.23482,52.42071],[13.23491,52.42073],[13.23494,52.42073],[13.23501,52.42074],[13.2351,52.42076],[13.2352,52.42078],[13.23527,52.4208],[13.23533,52.42081],[13.23547,52.42084],[13.23548,52.42084],[13.2356,52.42087],[13.23563,52.42087],[13.23574,52.42087],[13.23579,52.42086],[13.23588,52.42086],[13.23602,52.42086],[13.23612,52.42085],[13.23623,52.42085],[13.23641,52.42084],[13.23644,52.42084],[13.23658,52.42084],[13.23668,52.42083],[13.23672,52.42083],[13.23686,52.42083],[13.23696,52.42082],[13.23699,52.42082],[13.23721,52.42081],[13.23723,52.42081],[13.23742,52.4208],[13.2375,52.4208],[13.23755,52.4208],[13.23762,52.4208],[13.23769,52.4208],[13.23777,52.4208],[13.23783,52.4208],[13.23797,52.42081],[13.23804,52.42081],[13.23811,52.42081],[13.23832,52.42082],[13.23847,52.42082],[13.23859,52.42083],[13.23862,52.42083],[13.2387,52.42083],[13.23877,52.42083],[13.23886,52.42084],[13.23892,52.42084],[13.23907,52.42084],[13.23914,52.42085],[13.23922,52.42085],[13.23938,52.42085],[13.23941,52.42086],[13.23953,52.42086],[13.23968,52.42087],[13.23975,52.42087],[13.23983,52.42087],[13.23995,52.42088],[13.24001,52.42088],[13.24019,52.42089],[13.24028,52.42089],[13.24034,52.4209],[13.24049,52.4209],[13.24061,52.42091],[13.24064,52.42091],[13.24079,52.42091],[13.24104,52.42093],[13.24119,52.42093],[13.24141,52.42094],[13.24161,52.42095],[13.24177,52.42096],[13.24192,52.42097],[13.2421,52.42097],[13.24228,52.42098],[13.24243,52.42099],[13.24258,52.421],[13.24276,52.42101],[13.24294,52.42101],[13.24309,52.42102],[13.24324,52.42103],[13.24339,52.42104],[13.24354,52.42104],[13.24378,52.42105],[13.24381,52.42106],[13.24384,52.42106],[13.24401,52.42106],[13.24407,52.42107],[13.24418,52.42107],[13.24501,52.42111],[13.24581,52.42117],[13.24595,52.42118],[13.24602,52.42105],[13.24619,52.42072],[13.24637,52.42038],[13.24698,52.41921],[13.24715,52.4189],[13.24718,52.41872],[13.24725,52.41835],[13.2474,52.41755],[13.24742,52.41748],[13.24742,52.41746],[13.24742,52.41742],[13.24745,52.41731],[13.24752,52.41725],[13.24754,52.41719],[13.24755,52.41713],[13.24782,52.41632],[13.24792,52.41604],[13.24798,52.41585],[13.248,52.4158],[13.24797,52.41572],[13.24795,52.41568],[13.24801,52.41549],[13.24805,52.41536],[13.24811,52.41519],[13.24817,52.41501],[13.24826,52.41477],[13.24833,52.41457],[13.24842,52.41428],[13.24845,52.41411],[13.24848,52.41396],[13.24851,52.41395],[13.24867,52.41328],[13.24874,52.41299],[13.24899,52.41196],[13.24904,52.41176],[13.24904,52.41131],[13.24902,52.41036],[13.249,52.40976],[13.249,52.40941],[13.24899,52.40934],[13.24898,52.40896],[13.24897,52.40883],[13.2489,52.4087],[13.24874,52.40841],[13.24892,52.40818],[13.24915,52.4079],[13.24921,52.40768],[13.24927,52.40745],[13.24942,52.40664],[13.24944,52.40657],[13.24967,52.40538],[13.24969,52.40531],[13.24971,52.40525],[13.24971,52.40523],[13.24973,52.40518],[13.24978,52.40498],[13.25067,52.40532],[13.25117,52.4055],[13.25164,52.40565],[13.25203,52.40575],[13.25214,52.40578],[13.25219,52.40579],[13.25243,52.40585],[13.25331,52.40604],[13.25382,52.40612],[13.2545,52.40621],[13.25584,52.40632],[13.25713,52.4064],[13.25759,52.4064],[13.25806,52.4064],[13.25897,52.40634],[13.25932,52.4063],[13.25974,52.40623],[13.26017,52.40616],[13.26027,52.40614],[13.26086,52.406],[13.26137,52.40586],[13.26242,52.40545],[13.2636,52.40499],[13.2641,52.40484],[13.26463,52.40471],[13.26593,52.40444],[13.26697,52.40428],[13.26729,52.40429],[13.2685,52.40424],[13.26889,52.40424],[13.26901,52.40424],[13.26925,52.40423],[13.27006,52.40419],[13.27092,52.40422],[13.272,52.40432],[13.27266,52.40448],[13.2742,52.40479],[13.27482,52.40496],[13.27543,52.4051],[13.27557,52.40514],[13.27582,52.4052],[13.27707,52.40583],[13.2778,52.40617],[13.28014,52.40726],[13.28035,52.40736],[13.28387,52.40931],[13.28528,52.4101],[13.28816,52.4117],[13.29017,52.41282],[13.29037,52.41298],[13.29323,52.41456],[13.29553,52.41575],[13.29675,52.41625],[13.29677,52.41623],[13.2968,52.4162],[13.29688,52.41608],[13.2969,52.41605],[13.29692,52.41603],[13.29709,52.41578],[13.2971,52.41546],[13.29696,52.41505],[13.29672,52.41474],[13.29635,52.41459],[13.29604,52.41453],[13.29593,52.4145],[13.29612,52.41433],[13.29624,52.41423],[13.29625,52.41419],[13.29627,52.41417],[13.29644,52.41401],[13.2966,52.41385],[13.29694,52.41351],[13.2971,52.41336],[13.29726,52.41321],[13.29727,52.41319],[13.29741,52.41305],[13.29755,52.41292],[13.29757,52.4129],[13.29773,52.41275],[13.2979,52.4126],[13.29806,52.41245],[13.29838,52.41216],[13.29844,52.41211],[13.29845,52.4121],[13.29852,52.41203],[13.29862,52.41195],[13.29865,52.41193],[13.29866,52.41192],[13.29872,52.41187],[13.29872,52.41186],[13.29953,52.41112],[13.30109,52.40968],[13.30111,52.40966],[13.30112,52.40965],[13.3012,52.40958],[13.30121,52.40958],[13.30133,52.40947],[13.30152,52.4093],[13.30166,52.40917],[13.30171,52.40913],[13.30196,52.40891],[13.30209,52.4088],[13.30211,52.40877],[13.30218,52.40871],[13.30219,52.4087],[13.30223,52.40867],[13.3023,52.40861],[13.30233,52.40858],[13.30257,52.40837],[13.30264,52.4083],[13.30285,52.40811],[13.30286,52.40811],[13.30296,52.40801],[13.30305,52.40794],[13.30313,52.40787],[13.30321,52.4078],[13.30341,52.40762],[13.30345,52.40759],[13.30348,52.40756],[13.30356,52.40749],[13.30379,52.40728],[13.30385,52.40723],[13.304,52.40708],[13.30416,52.40692],[13.30428,52.40682],[13.30436,52.40673],[13.30461,52.4065],[13.30469,52.40642],[13.30475,52.40636],[13.30482,52.40629],[13.30524,52.40589],[13.3053,52.40583],[13.30532,52.40581],[13.30547,52.40566],[13.30579,52.40536],[13.30582,52.40533],[13.30605,52.40512],[13.3061,52.40506],[13.30631,52.40486],[13.30666,52.40453],[13.3067,52.40449],[13.30685,52.40435],[13.30689,52.40431],[13.30723,52.40399],[13.30771,52.40353],[13.30825,52.403],[13.30828,52.40297],[13.30836,52.40289],[13.30837,52.40288],[13.3085,52.40274],[13.30881,52.4024],[13.30892,52.40229],[13.309,52.40221],[13.30916,52.40203],[13.3093,52.40188],[13.30945,52.40172],[13.30951,52.40166],[13.3096,52.40156],[13.30965,52.40151],[13.30975,52.40142],[13.30977,52.40141],[13.30991,52.40127],[13.30994,52.40124],[13.31006,52.40113],[13.3101,52.40109],[13.31026,52.40094],[13.31047,52.40074],[13.3106,52.40061],[13.31063,52.40059],[13.31078,52.40044],[13.31091,52.40033],[13.31129,52.39996],[13.3115,52.39973],[13.312,52.3992],[13.31206,52.39911],[13.31291,52.39976],[13.31381,52.40045],[13.31396,52.40053],[13.31414,52.40062],[13.31421,52.40065],[13.31434,52.4007],[13.3145,52.40077],[13.31467,52.40084],[13.31485,52.40091],[13.31629,52.40147],[13.31717,52.40184],[13.31804,52.4022],[13.31836,52.40232],[13.3185,52.4024],[13.31868,52.40247],[13.319,52.40259],[13.31964,52.40282],[13.31984,52.40289],[13.32064,52.40317],[13.32084,52.40324],[13.32184,52.40363],[13.32279,52.404],[13.32361,52.40432],[13.32391,52.40444],[13.32473,52.40475],[13.32492,52.40482],[13.32573,52.40513],[13.32624,52.40532],[13.32693,52.40559],[13.3271,52.40565],[13.32711,52.40565],[13.32728,52.40571],[13.32729,52.40571],[13.32736,52.40574],[13.329,52.40633],[13.33025,52.4068],[13.33072,52.40697],[13.33087,52.40703],[13.332,52.40745],[13.33211,52.40749],[13.33283,52.40776],[13.33302,52.40783],[13.33384,52.40814],[13.33482,52.4085],[13.33552,52.40874],[13.33567,52.4088],[13.33572,52.40882],[13.33665,52.40917],[13.33768,52.40956],[13.33855,52.40989],[13.3389,52.41003],[13.34039,52.41062],[13.34155,52.41108],[13.34207,52.41128],[13.34221,52.41134],[13.34255,52.41145],[13.3428,52.41154],[13.34307,52.41163],[13.34335,52.41172],[13.34331,52.41172],[13.34308,52.41173],[13.34294,52.41173],[13.34296,52.41181],[13.34297,52.41184]]]]}},{"type":"Feature","properties":{"name":"Tempelhof-Schöneberg"},"geometry":{"type":"MultiPolygon","coordinates":[[[[13.38761,52.3866],[13.38765,52.38638],[13.38769,52.38611],[13.38772,52.38593],[13.38775,52.38575],[13.38778,52.38557],[13.38781,52.38539],[13.38783,52.38521],[13.38786,52.38503],[13.38789,52.38485],[13.38792,52.38466],[13.38797,52.38434],[13.38798,52.38426],[13.38799,52.38418],[13.38803,52.38376],[13.38807,52.38346],[13.38807,52.38343],[13.38811,52.38311],[13.38812,52.38303],[13.38813,52.38295],[13.38813,52.38286],[13.38814,52.38277],[13.38816,52.38267],[13.38816,52.38262],[13.38817,52.38254],[13.3882,52.38228],[13.3882,52.38225],[13.38823,52.38213],[13.38822,52.38213],[13.38814,52.38189],[13.38808,52.38173],[13.38816,52.38139],[13.38824,52.38103],[13.38823,52.38073],[13.38814,52.3803],[13.3881,52.37999],[13.3881,52.37961],[13.38809,52.37936],[13.38812,52.37912],[13.38824,52.37878],[13.38831,52.37846],[13.38843,52.37786],[13.38848,52.37786],[13.38952,52.37782],[13.38962,52.37782],[13.38972,52.37782],[13.39018,52.3778],[13.39068,52.37779],[13.3912,52.37777],[13.39169,52.37775],[13.39171,52.37775],[13.39221,52.37773],[13.3932,52.3777],[13.39382,52.37767],[13.39447,52.37764],[13.39509,52.37761],[13.39513,52.37761],[13.39517,52.37766],[13.39528,52.37765],[13.39542,52.37765],[13.39712,52.37758],[13.39825,52.3775],[13.3983,52.3775],[13.39842,52.37749],[13.39847,52.37748],[13.39955,52.3774],[13.40049,52.37735],[13.4005,52.37735],[13.40072,52.37733],[13.40238,52.37717],[13.40402,52.377],[13.40413,52.37699],[13.40472,52.37694],[13.40612,52.37691],[13.40718,52.37685],[13.40822,52.37674],[13.4091,52.37664],[13.40989,52.37659],[13.41069,52.37666],[13.41106,52.3767],[13.41155,52.37675],[13.41181,52.37678],[13.41283,52.37688],[13.41283,52.37687],[13.41264,52.37641],[13.41523,52.37632],[13.41626,52.37629],[13.41673,52.37627],[13.41714,52.37626],[13.41764,52.37625],[13.41771,52.37624],[13.41773,52.37624],[13.41776,52.37624],[13.41802,52.37623],[13.41804,52.37623],[13.4181,52.37623],[13.41816,52.37623],[13.41821,52.37623],[13.41899,52.3762],[13.41912,52.3762],[13.41918,52.37619],[13.41931,52.37619],[13.41938,52.37619],[13.41951,52.37618],[13.41989,52.37617],[13.42004,52.37617],[13.42081,52.37614],[13.421,52.37645],[13.42103,52.37649],[13.42111,52.37662],[13.42138,52.37705],[13.42152,52.37725],[13.42165,52.37745],[13.42178,52.37764],[13.42191,52.37783],[13.42203,52.37802],[13.42229,52.37838],[13.42327,52.37979],[13.42344,52.38003],[13.42361,52.38027],[13.42378,52.38051],[13.42394,52.38074],[13.42409,52.38096],[13.42444,52.38145],[13.42449,52.38153],[13.42456,52.38162],[13.42459,52.38167],[13.42464,52.38174],[13.42467,52.38178],[13.42468,52.3818],[13.42475,52.38189],[13.42479,52.38195],[13.4249,52.38211],[13.42502,52.38228],[13.42513,52.38244],[13.42524,52.38259],[13.42535,52.38275],[13.42539,52.38281],[13.42546,52.3829],[13.42557,52.38307],[13.42568,52.38322],[13.42579,52.38337],[13.42589,52.38352],[13.426,52.38369],[13.42612,52.38386],[13.42624,52.38402],[13.42635,52.38418],[13.42641,52.38427],[13.42647,52.38435],[13.42658,52.38452],[13.4267,52.38468],[13.42685,52.3849],[13.42686,52.38492],[13.42687,52.38493],[13.42688,52.38495],[13.4269,52.38498],[13.42695,52.38504],[13.42697,52.38507],[13.42715,52.38534],[13.42733,52.3856],[13.42746,52.38578],[13.42745,52.38618],[13.42743,52.38629],[13.42742,52.38641],[13.42742,52.38643],[13.42734,52.38667],[13.42728,52.38685],[13.42723,52.38703],[13.42718,52.3872],[13.42713,52.38738],[13.4271,52.38747],[13.42707,52.38756],[13.42702,52.38773],[13.42698,52.38784],[13.42695,52.38792],[13.42687,52.38809],[13.42681,52.38823],[13.42669,52.38847],[13.42666,52.38854],[13.42665,52.38857],[13.42663,52.38862],[13.42662,52.38863],[13.4266,52.38869],[13.42649,52.38896],[13.42643,52.38911],[13.42636,52.38927],[13.4263,52.38943],[13.42624,52.38959],[13.42617,52.38975],[13.4261,52.38992],[13.42603,52.3901],[13.42602,52.39013],[13.42596,52.39027],[13.42583,52.39058],[13.4253,52.39176],[13.42523,52.39193],[13.42516,52.39208],[13.42505,52.39231],[13.42478,52.39292],[13.42417,52.39427],[13.42386,52.39496],[13.4238,52.39509],[13.42378,52.39514],[13.42377,52.39516],[13.42368,52.39536],[13.42364,52.39543],[13.42361,52.39551],[13.42353,52.39568],[13.42344,52.39587],[13.42335,52.39606],[13.42327,52.39625],[13.42318,52.39644],[13.42309,52.39664],[13.42301,52.39683],[13.42292,52.39702],[13.42289,52.39709],[13.42283,52.39721],[13.42281,52.39726],[13.42275,52.3974],[13.42264,52.39762],[13.42262,52.39768],[13.42258,52.39775],[13.42244,52.39808],[13.42235,52.39827],[13.42226,52.39846],[13.42218,52.39865],[13.42209,52.39884],[13.422,52.39903],[13.42191,52.39922],[13.42183,52.39941],[13.42175,52.39958],[13.42172,52.39964],[13.42169,52.39971],[13.42166,52.39978],[13.42153,52.40007],[13.42144,52.40026],[13.4214,52.40035],[13.42136,52.40045],[13.42127,52.40064],[13.42118,52.40083],[13.42109,52.40103],[13.42101,52.40121],[13.42079,52.40171],[13.42051,52.40234],[13.42043,52.40253],[13.42039,52.40261],[13.42037,52.40266],[13.42035,52.4027],[13.42034,52.40271],[13.42033,52.40275],[13.4203,52.40282],[13.42027,52.40289],[13.42026,52.4029],[13.42025,52.40293],[13.42024,52.40295],[13.42023,52.40298],[13.42021,52.40302],[13.42018,52.40309],[13.42017,52.40311],[13.42006,52.40337],[13.41989,52.40374],[13.41986,52.4038],[13.41968,52.40421],[13.41966,52.40426],[13.41962,52.40436],[13.41953,52.40456],[13.41946,52.40471],[13.41939,52.40487],[13.41931,52.40504],[13.41931,52.40506],[13.41927,52.40515],[13.41926,52.40517],[13.41913,52.40545],[13.41905,52.40564],[13.41896,52.40584],[13.41888,52.40603],[13.4188,52.40622],[13.41878,52.40626],[13.41871,52.40641],[13.41863,52.4066],[13.41854,52.40679],[13.41846,52.40698],[13.41842,52.40708],[13.4184,52.40718],[13.41838,52.40733],[13.41835,52.40753],[13.41832,52.40773],[13.41829,52.40793],[13.4183,52.40799],[13.41841,52.40877],[13.41845,52.40907],[13.41847,52.40915],[13.41848,52.40925],[13.41849,52.40928],[13.41856,52.40946],[13.41862,52.40964],[13.41869,52.40982],[13.41875,52.40998],[13.41916,52.41008],[13.41958,52.41018],[13.41968,52.41049],[13.41943,52.41054],[13.41912,52.4106],[13.4184,52.41074],[13.41831,52.41076],[13.41816,52.4108],[13.41812,52.41081],[13.4181,52.41082],[13.41803,52.41085],[13.41794,52.41088],[13.41774,52.41096],[13.41771,52.41097],[13.41748,52.41106],[13.4174,52.41109],[13.41715,52.41118],[13.41714,52.41119],[13.4169,52.41128],[13.41675,52.41134],[13.41664,52.41138],[13.4166,52.4114],[13.41639,52.41148],[13.41614,52.41158],[13.41602,52.41162],[13.41598,52.41164],[13.4158,52.41171],[13.41559,52.41179],[13.41512,52.41198],[13.41493,52.41205],[13.41489,52.41207],[13.41427,52.41231],[13.4138,52.41244],[13.41364,52.41249],[13.41311,52.41264],[13.41301,52.41266],[13.41292,52.41269],[13.4129,52.4127],[13.41232,52.41288],[13.41185,52.41303],[13.41149,52.41314],[13.41088,52.41326],[13.41087,52.41327],[13.41078,52.41329],[13.41068,52.4133],[13.41058,52.41332],[13.41023,52.41336],[13.40997,52.41339],[13.40995,52.41339],[13.40978,52.4134],[13.40969,52.4134],[13.40952,52.41341],[13.40942,52.41341],[13.40923,52.41342],[13.40914,52.41342],[13.40893,52.41343],[13.40887,52.41343],[13.40864,52.41343],[13.40859,52.41344],[13.40847,52.41344],[13.40837,52.41344],[13.40831,52.41343],[13.40808,52.41342],[13.40804,52.41342],[13.40778,52.41341],[13.40776,52.41341],[13.40756,52.4134],[13.40749,52.41339],[13.40733,52.41338],[13.40724,52.41337],[13.40712,52.41336],[13.40702,52.41335],[13.40694,52.41334],[13.40692,52.41334],[13.40671,52.41331],[13.40667,52.41331],[13.40651,52.41329],[13.4064,52.41328],[13.4063,52.41327],[13.40613,52.41325],[13.40607,52.41324],[13.406,52.41324],[13.40586,52.41321],[13.40583,52.41321],[13.40557,52.41317],[13.40518,52.41311],[13.40505,52.41309],[13.40471,52.41304],[13.40465,52.41303],[13.40458,52.41302],[13.40441,52.413],[13.40421,52.41297],[13.40416,52.41296],[13.40391,52.41292],[13.40375,52.4129],[13.40367,52.41289],[13.40341,52.41285],[13.40315,52.41281],[13.40277,52.41275],[13.4025,52.41271],[13.4023,52.41307],[13.40218,52.41329],[13.4021,52.41342],[13.40201,52.41359],[13.4019,52.41377],[13.40179,52.41397],[13.40169,52.41415],[13.40161,52.41428],[13.40155,52.41439],[13.40154,52.41441],[13.40145,52.41458],[13.40134,52.41477],[13.40131,52.41481],[13.40116,52.41508],[13.40106,52.41526],[13.40095,52.41545],[13.40085,52.41564],[13.40074,52.41582],[13.40063,52.41601],[13.40054,52.41617],[13.40053,52.4162],[13.40037,52.41647],[13.40034,52.41653],[13.40032,52.41657],[13.40029,52.41661],[13.40025,52.41669],[13.40019,52.4168],[13.4001,52.41695],[13.40001,52.41711],[13.3995,52.41802],[13.39992,52.41853],[13.40012,52.41877],[13.40201,52.41927],[13.40296,52.41952],[13.40424,52.41985],[13.40432,52.41987],[13.40482,52.42],[13.40499,52.42047],[13.40547,52.42176],[13.404,52.42197],[13.40313,52.42209],[13.4026,52.42216],[13.40267,52.42225],[13.40276,52.42237],[13.40281,52.42244],[13.40286,52.42251],[13.40287,52.42252],[13.40303,52.42273],[13.40311,52.42283],[13.40328,52.42304],[13.40337,52.42317],[13.4034,52.42321],[13.40348,52.42331],[13.40351,52.42334],[13.40361,52.42348],[13.40365,52.42352],[13.40371,52.42361],[13.40373,52.42364],[13.4038,52.42375],[13.40385,52.42381],[13.40389,52.42387],[13.40397,52.42398],[13.404,52.42402],[13.40404,52.42407],[13.40405,52.4241],[13.40415,52.42422],[13.40416,52.42424],[13.40432,52.42445],[13.40444,52.42459],[13.4045,52.42467],[13.40453,52.42471],[13.40457,52.42476],[13.40464,52.42486],[13.40466,52.42487],[13.40469,52.42491],[13.40472,52.42495],[13.40475,52.425],[13.40487,52.42515],[13.40492,52.42521],[13.40496,52.42527],[13.405,52.42532],[13.40514,52.4255],[13.40517,52.42554],[13.40518,52.42555],[13.4052,52.42558],[13.40527,52.42568],[13.40537,52.42583],[13.40539,52.42586],[13.40541,52.42589],[13.40552,52.42607],[13.40558,52.42616],[13.40562,52.42622],[13.40564,52.42626],[13.40565,52.42627],[13.40567,52.42631],[13.40576,52.42645],[13.40576,52.42646],[13.40585,52.42664],[13.40587,52.42667],[13.40594,52.42681],[13.40598,52.42689],[13.406,52.42693],[13.40603,52.42699],[13.40604,52.42701],[13.40609,52.42711],[13.40612,52.42718],[13.40617,52.42734],[13.40624,52.42753],[13.40634,52.42781],[13.40634,52.42783],[13.40639,52.42802],[13.40643,52.42818],[13.40654,52.42864],[13.40656,52.42874],[13.40656,52.42876],[13.40657,52.42881],[13.40667,52.42933],[13.4067,52.42953],[13.40677,52.42989],[13.40687,52.43014],[13.40699,52.43032],[13.40702,52.43036],[13.40731,52.43079],[13.40738,52.4309],[13.40768,52.43133],[13.40803,52.43188],[13.40825,52.43223],[13.40829,52.43229],[13.40835,52.43236],[13.40861,52.43273],[13.40883,52.43311],[13.40887,52.43318],[13.40888,52.43323],[13.40891,52.43331],[13.40897,52.43348],[13.40897,52.43349],[13.40897,52.43352],[13.40902,52.43377],[13.40907,52.43393],[13.40908,52.43397],[13.40911,52.43406],[13.40916,52.43421],[13.40923,52.43432],[13.40928,52.43439],[13.40933,52.43446],[13.40942,52.4346],[13.40952,52.43475],[13.40962,52.43489],[13.40969,52.435],[13.40971,52.43503],[13.4098,52.43517],[13.40983,52.43522],[13.40988,52.43531],[13.40997,52.43546],[13.41006,52.4356],[13.41007,52.43562],[13.41013,52.43572],[13.41015,52.43575],[13.41018,52.4358],[13.41023,52.43589],[13.41024,52.4359],[13.41031,52.43602],[13.41034,52.43608],[13.41038,52.43614],[13.41038,52.43616],[13.41039,52.43623],[13.41039,52.43632],[13.4104,52.43637],[13.4104,52.43647],[13.41041,52.43655],[13.41042,52.43663],[13.41042,52.4367],[13.41043,52.43678],[13.41043,52.43685],[13.41044,52.43696],[13.41044,52.43701],[13.41044,52.43702],[13.41048,52.43716],[13.41052,52.4373],[13.41053,52.43731],[13.41056,52.43743],[13.41057,52.43745],[13.41057,52.43746],[13.41063,52.43761],[13.41064,52.43763],[13.41069,52.43776],[13.41071,52.4378],[13.41075,52.43791],[13.41077,52.43796],[13.41082,52.43807],[13.41083,52.4381],[13.41084,52.43813],[13.41086,52.43817],[13.41089,52.43824],[13.41091,52.43828],[13.41093,52.43834],[13.41097,52.43843],[13.41117,52.43889],[13.41122,52.43902],[13.41124,52.43907],[13.41126,52.43912],[13.41133,52.43932],[13.41137,52.43941],[13.41138,52.43945],[13.41141,52.43952],[13.41147,52.43967],[13.41154,52.43986],[13.41157,52.43992],[13.41161,52.44005],[13.41164,52.44011],[13.41167,52.4402],[13.41169,52.44025],[13.41176,52.44044],[13.41193,52.44088],[13.41194,52.44089],[13.41202,52.44111],[13.41203,52.44114],[13.41209,52.4413],[13.4121,52.44132],[13.41215,52.44144],[13.41217,52.44149],[13.4122,52.44158],[13.41223,52.44165],[13.41226,52.44173],[13.4123,52.44183],[13.41235,52.44195],[13.41238,52.44203],[13.4124,52.4421],[13.41247,52.44225],[13.41249,52.4423],[13.41253,52.44241],[13.41267,52.44274],[13.41273,52.4429],[13.41279,52.44304],[13.4128,52.44305],[13.41284,52.44317],[13.41289,52.44329],[13.41294,52.4434],[13.41294,52.44341],[13.41297,52.44349],[13.41301,52.44358],[13.41304,52.44366],[13.41307,52.44373],[13.41309,52.44378],[13.4131,52.4438],[13.41312,52.44386],[13.41315,52.44392],[13.41319,52.44402],[13.4132,52.44404],[13.41325,52.44417],[13.41332,52.44433],[13.41332,52.44434],[13.4134,52.44453],[13.4134,52.44454],[13.41341,52.44455],[13.41342,52.44458],[13.41343,52.44461],[13.41346,52.44467],[13.41357,52.44495],[13.41367,52.44518],[13.41372,52.44531],[13.41378,52.44545],[13.41384,52.4456],[13.41389,52.44571],[13.41393,52.4458],[13.41395,52.44586],[13.41398,52.44593],[13.41399,52.44595],[13.41403,52.44601],[13.41417,52.44619],[13.41444,52.44656],[13.41458,52.44674],[13.41477,52.44701],[13.415,52.44807],[13.4151,52.44848],[13.41573,52.44927],[13.41595,52.45017],[13.41608,52.45083],[13.41639,52.45141],[13.41643,52.45149],[13.41655,52.4517],[13.41684,52.45224],[13.41768,52.4522],[13.41828,52.45297],[13.41836,52.45308],[13.41876,52.45359],[13.41878,52.45362],[13.41882,52.45366],[13.41885,52.4537],[13.41897,52.45384],[13.41932,52.45424],[13.41957,52.45457],[13.41966,52.45468],[13.41971,52.45476],[13.41976,52.45483],[13.41987,52.455],[13.4202,52.45548],[13.42034,52.45567],[13.42043,52.4558],[13.42051,52.45592],[13.42071,52.45622],[13.42073,52.45624],[13.42076,52.45629],[13.42077,52.4563],[13.42085,52.45638],[13.42088,52.45642],[13.42104,52.45658],[13.42109,52.45664],[13.42112,52.45667],[13.42114,52.45669],[13.42117,52.45672],[13.4212,52.45675],[13.42139,52.45671],[13.42211,52.45666],[13.42283,52.45665],[13.42353,52.45661],[13.42426,52.45661],[13.42495,52.4566],[13.42536,52.45661],[13.42566,52.45663],[13.42657,52.4567],[13.42498,52.4577],[13.42487,52.45777],[13.42476,52.45783],[13.4247,52.45785],[13.42462,52.4579],[13.4245,52.45795],[13.42437,52.458],[13.42414,52.45808],[13.42388,52.45818],[13.42288,52.45854],[13.42275,52.45859],[13.42264,52.45863],[13.42207,52.45883],[13.42153,52.45903],[13.42077,52.45931],[13.42061,52.45937],[13.42076,52.45961],[13.42079,52.45966],[13.42114,52.46021],[13.42133,52.46051],[13.42143,52.46066],[13.42281,52.46046],[13.42323,52.4604],[13.42317,52.46068],[13.42311,52.46091],[13.42302,52.46127],[13.42301,52.46132],[13.42197,52.46152],[13.42203,52.46161],[13.42205,52.46182],[13.42205,52.46189],[13.4221,52.46223],[13.42212,52.46239],[13.42213,52.46246],[13.42214,52.46251],[13.4221,52.46272],[13.4219,52.46287],[13.42171,52.4635],[13.42169,52.4639],[13.42165,52.46467],[13.42162,52.46514],[13.42162,52.4653],[13.42155,52.46576],[13.42154,52.46584],[13.42151,52.46584],[13.42138,52.46582],[13.42127,52.46581],[13.42121,52.46581],[13.42103,52.46579],[13.42095,52.46578],[13.42074,52.46576],[13.4204,52.46573],[13.42004,52.46569],[13.4197,52.46566],[13.4196,52.46565],[13.41935,52.46563],[13.419,52.46559],[13.4186,52.46555],[13.41814,52.46551],[13.41797,52.4655],[13.4179,52.46549],[13.41743,52.46545],[13.41733,52.46544],[13.41688,52.4654],[13.41687,52.46544],[13.41686,52.46547],[13.41683,52.4656],[13.41677,52.46589],[13.41677,52.46591],[13.41675,52.46599],[13.41671,52.46617],[13.41656,52.46683],[13.41604,52.46915],[13.41578,52.47031],[13.4156,52.47099],[13.41556,52.4711],[13.41544,52.47157],[13.41542,52.47163],[13.41482,52.47383],[13.41467,52.47437],[13.41412,52.47638],[13.41404,52.47668],[13.41359,52.47834],[13.41349,52.47871],[13.41319,52.47861],[13.41122,52.47799],[13.41094,52.4779],[13.41088,52.47772],[13.41077,52.47774],[13.40744,52.47811],[13.40689,52.47817],[13.40685,52.47818],[13.40682,52.47819],[13.40678,52.47819],[13.40674,52.4782],[13.40671,52.47821],[13.40667,52.47822],[13.40662,52.47823],[13.40666,52.47835],[13.40675,52.47868],[13.4068,52.47886],[13.40624,52.48016],[13.40611,52.48077],[13.40606,52.48099],[13.40615,52.48123],[13.40619,52.48151],[13.4062,52.4816],[13.40625,52.48198],[13.40628,52.48198],[13.40635,52.48247],[13.4064,52.48277],[13.40624,52.4828],[13.40615,52.48282],[13.4042,52.48324],[13.40405,52.48327],[13.4039,52.4833],[13.40374,52.48334],[13.40359,52.48337],[13.40344,52.48339],[13.40329,52.48342],[13.40313,52.48345],[13.40298,52.48348],[13.40282,52.4835],[13.40267,52.48353],[13.40251,52.48356],[13.40236,52.48358],[13.4022,52.4836],[13.40205,52.48363],[13.40189,52.48365],[13.40174,52.48367],[13.40158,52.48369],[13.40142,52.48371],[13.40127,52.48373],[13.40111,52.48375],[13.40095,52.48376],[13.4008,52.48378],[13.40064,52.4838],[13.40048,52.48381],[13.40046,52.48381],[13.40023,52.48391],[13.39742,52.48397],[13.39464,52.48403],[13.39452,52.48411],[13.39424,52.4841],[13.39424,52.48434],[13.39424,52.48454],[13.39425,52.48474],[13.39425,52.48493],[13.39425,52.48506],[13.39425,52.48533],[13.39425,52.48549],[13.39425,52.48577],[13.39387,52.48577],[13.39359,52.48578],[13.39267,52.48578],[13.39235,52.48579],[13.39203,52.48579],[13.39174,52.48579],[13.39173,52.48579],[13.39121,52.48579],[13.38646,52.48583],[13.38642,52.48583],[13.3863,52.48583],[13.38629,52.48583],[13.38628,52.4854],[13.38628,52.48523],[13.38627,52.485],[13.38627,52.48486],[13.38616,52.48486],[13.38598,52.48487],[13.38576,52.48487],[13.3857,52.48487],[13.38568,52.48487],[13.38564,52.48487],[13.3856,52.48487],[13.385,52.48487],[13.38451,52.48487],[13.38448,52.48487],[13.38437,52.48488],[13.384,52.48488],[13.38385,52.48488],[13.38356,52.48488],[13.38346,52.48488],[13.38333,52.48488],[13.38331,52.48488],[13.38275,52.48488],[13.3824,52.48489],[13.38229,52.48489],[13.38227,52.48489],[13.38209,52.48489],[13.382,52.48489],[13.38138,52.48489],[13.38121,52.48489],[13.37905,52.48491],[13.37902,52.48491],[13.37897,52.48491],[13.37862,52.48491],[13.37857,52.48491],[13.37852,52.48491],[13.37822,52.48491],[13.37817,52.48491],[13.37781,52.48491],[13.37779,52.48491],[13.37753,52.48492],[13.37745,52.48492],[13.37743,52.48492],[13.37714,52.48492],[13.37712,52.48492],[13.37704,52.48492],[13.37687,52.48492],[13.37677,52.48492],[13.37635,52.48492],[13.37617,52.48492],[13.37598,52.48492],[13.37579,52.48493],[13.37561,52.48493],[13.37544,52.48493],[13.3754,52.48493],[13.37536,52.48493],[13.37519,52.48493],[13.375,52.48493],[13.37481,52.48493],[13.37463,52.48493],[13.37438,52.48493],[13.37436,52.48493],[13.3743,52.48493],[13.37404,52.48494],[13.37383,52.48494],[13.37354,52.48494],[13.37325,52.48494],[13.37296,52.48494],[13.37279,52.48494],[13.37193,52.48495],[13.37166,52.48495],[13.37157,52.48495],[13.37157,52.48496],[13.37166,52.48512],[13.37161,52.48512],[13.37164,52.48518],[13.3717,52.48518],[13.37209,52.48518],[13.37323,52.48517],[13.37328,52.48517],[13.37402,52.48517],[13.37403,52.48528],[13.37403,52.48533],[13.37405,52.48552],[13.37405,52.48561],[13.37406,52.48575],[13.37406,52.48578],[13.37407,52.48588],[13.37407,52.48594],[13.37408,52.48608],[13.37409,52.4861],[13.3741,52.48627],[13.3741,52.48634],[13.37411,52.48643],[13.37411,52.48647],[13.37412,52.48654],[13.37412,52.48659],[13.37412,52.48667],[13.37413,52.48676],[13.37414,52.48686],[13.37414,52.48692],[13.37414,52.48694],[13.37415,52.48705],[13.37415,52.48707],[13.37415,52.48708],[13.37415,52.48709],[13.37416,52.48716],[13.37416,52.48725],[13.37416,52.48733],[13.37416,52.48771],[13.37368,52.48774],[13.37361,52.48774],[13.3735,52.48775],[13.37351,52.48781],[13.37353,52.48793],[13.37354,52.48798],[13.3736,52.48806],[13.37373,52.48821],[13.37397,52.48849],[13.37399,52.48851],[13.37404,52.48858],[13.37416,52.48871],[13.3742,52.48875],[13.37473,52.48938],[13.37474,52.48938],[13.3753,52.48942],[13.3754,52.48943],[13.37545,52.49015],[13.37548,52.49046],[13.3755,52.49048],[13.37567,52.49066],[13.37601,52.49102],[13.37611,52.49113],[13.3764,52.49143],[13.37643,52.49168],[13.37639,52.49169],[13.37632,52.4917],[13.37621,52.49172],[13.37614,52.49173],[13.3761,52.49174],[13.37606,52.49175],[13.37604,52.49175],[13.37596,52.49177],[13.3759,52.49178],[13.37578,52.49181],[13.37552,52.49186],[13.3755,52.49186],[13.37543,52.49188],[13.37508,52.49195],[13.37507,52.49195],[13.37501,52.49196],[13.375,52.49196],[13.37499,52.49197],[13.37485,52.49199],[13.37468,52.49203],[13.37441,52.49208],[13.37429,52.49211],[13.37426,52.49211],[13.37408,52.49215],[13.37403,52.49216],[13.37399,52.49217],[13.37393,52.49218],[13.37386,52.4922],[13.37379,52.49221],[13.37363,52.49224],[13.37325,52.49232],[13.37308,52.49235],[13.37303,52.49236],[13.37292,52.49238],[13.37289,52.49239],[13.37283,52.4924],[13.37253,52.49246],[13.37228,52.49251],[13.37224,52.49252],[13.37211,52.49255],[13.37209,52.49255],[13.37202,52.49257],[13.37194,52.49258],[13.37179,52.49261],[13.37167,52.49264],[13.37158,52.49265],[13.37157,52.49266],[13.37146,52.49268],[13.37139,52.49269],[13.37131,52.49271],[13.37116,52.49274],[13.37107,52.49276],[13.37107,52.49285],[13.37107,52.49286],[13.37108,52.49291],[13.37104,52.49292],[13.37047,52.49304],[13.37016,52.4931],[13.36985,52.49316],[13.36955,52.49322],[13.36924,52.49328],[13.36916,52.49314],[13.36887,52.4932],[13.36884,52.49321],[13.36871,52.49323],[13.36862,52.49325],[13.36851,52.49327],[13.36842,52.49329],[13.36839,52.4933],[13.36833,52.49331],[13.36832,52.49331],[13.36826,52.49332],[13.36822,52.49333],[13.36831,52.49347],[13.36836,52.49354],[13.36839,52.4936],[13.36845,52.49371],[13.36858,52.49396],[13.36854,52.49409],[13.36844,52.49439],[13.36842,52.49447],[13.36841,52.49448],[13.36843,52.49465],[13.36845,52.49485],[13.36848,52.49521],[13.36853,52.49575],[13.36854,52.49586],[13.36856,52.49605],[13.36856,52.49607],[13.36859,52.49646],[13.3686,52.49651],[13.36863,52.49692],[13.36864,52.49693],[13.36864,52.497],[13.36864,52.49701],[13.36868,52.49739],[13.36894,52.49759],[13.36901,52.49765],[13.36927,52.49785],[13.3696,52.49811],[13.36965,52.49838],[13.36972,52.49872],[13.36973,52.49878],[13.36953,52.49887],[13.36939,52.49876],[13.36936,52.49874],[13.36932,52.49871],[13.36927,52.49872],[13.36898,52.49876],[13.36879,52.49878],[13.36876,52.49879],[13.36862,52.4988],[13.36856,52.49881],[13.36812,52.49887],[13.36808,52.49888],[13.36799,52.49889],[13.36781,52.49892],[13.36778,52.49892],[13.36777,52.49892],[13.36769,52.49893],[13.36762,52.49894],[13.36755,52.49895],[13.36738,52.49897],[13.36734,52.49898],[13.36733,52.49898],[13.3673,52.49898],[13.36726,52.49899],[13.36718,52.499],[13.36712,52.49901],[13.36703,52.49902],[13.36696,52.49903],[13.36658,52.49908],[13.36631,52.49912],[13.36599,52.49916],[13.36596,52.49917],[13.3659,52.49917],[13.36569,52.4992],[13.36562,52.49921],[13.36559,52.49922],[13.36548,52.49923],[13.36532,52.49925],[13.36529,52.49926],[13.36528,52.49926],[13.36527,52.49926],[13.36524,52.49926],[13.36508,52.49929],[13.36497,52.4993],[13.36483,52.49932],[13.36472,52.49933],[13.3644,52.49938],[13.36439,52.49938],[13.36409,52.49942],[13.36408,52.49942],[13.36404,52.49943],[13.36403,52.49943],[13.36395,52.49944],[13.36387,52.49945],[13.36378,52.49946],[13.36371,52.49947],[13.3637,52.49947],[13.36366,52.49948],[13.36365,52.49948],[13.36355,52.49949],[13.36351,52.4995],[13.3634,52.49951],[13.36333,52.49952],[13.36321,52.49954],[13.36317,52.49955],[13.36304,52.49956],[13.36254,52.49966],[13.36236,52.49971],[13.36235,52.49972],[13.36221,52.49976],[13.3622,52.49976],[13.36208,52.49979],[13.36185,52.49986],[13.36184,52.49986],[13.36144,52.49998],[13.36138,52.49999],[13.36102,52.5001],[13.36082,52.50015],[13.36037,52.50028],[13.36001,52.50039],[13.3598,52.50045],[13.35955,52.50052],[13.35932,52.50058],[13.35929,52.50059],[13.35907,52.50066],[13.35901,52.50067],[13.35898,52.50068],[13.35866,52.50077],[13.35857,52.5008],[13.3581,52.50093],[13.35806,52.50094],[13.35793,52.50098],[13.35791,52.50099],[13.35787,52.501],[13.35784,52.50101],[13.35782,52.50101],[13.35778,52.50102],[13.35764,52.50106],[13.3576,52.50108],[13.35757,52.50108],[13.35754,52.50109],[13.35754,52.5011],[13.35753,52.5011],[13.35752,52.5011],[13.35716,52.50119],[13.35714,52.5012],[13.35657,52.50133],[13.35655,52.5013],[13.35634,52.50135],[13.35624,52.50138],[13.35603,52.50143],[13.35547,52.50157],[13.35531,52.5016],[13.35532,52.50162],[13.35533,52.50164],[13.3553,52.50164],[13.35514,52.50168],[13.35476,52.50177],[13.35441,52.50186],[13.3542,52.50191],[13.35418,52.50188],[13.35379,52.50197],[13.3537,52.502],[13.35366,52.502],[13.35344,52.50206],[13.35343,52.50206],[13.35327,52.5021],[13.35323,52.50211],[13.35313,52.50213],[13.35309,52.50214],[13.35303,52.50216],[13.35297,52.50217],[13.35293,52.50218],[13.35284,52.5022],[13.3527,52.50224],[13.35267,52.50224],[13.35266,52.50225],[13.35226,52.50234],[13.35189,52.50243],[13.35158,52.50251],[13.35139,52.50255],[13.35133,52.50257],[13.35095,52.50266],[13.3502,52.50284],[13.35006,52.50287],[13.35003,52.50288],[13.34986,52.50292],[13.34984,52.50293],[13.34956,52.50299],[13.34955,52.503],[13.34934,52.50305],[13.34923,52.50307],[13.34881,52.50317],[13.34872,52.5032],[13.34861,52.50322],[13.34815,52.50333],[13.34715,52.50358],[13.34701,52.50361],[13.34687,52.50364],[13.34678,52.50366],[13.34669,52.50368],[13.3466,52.5037],[13.34646,52.50373],[13.34639,52.50375],[13.3463,52.50376],[13.3462,52.50378],[13.34611,52.5038],[13.3456,52.50389],[13.34547,52.50392],[13.34534,52.50395],[13.3452,52.50397],[13.34507,52.504],[13.34495,52.50403],[13.34482,52.50405],[13.34469,52.50408],[13.34457,52.50411],[13.34406,52.50423],[13.34303,52.50448],[13.34259,52.50459],[13.34254,52.5046],[13.34253,52.5046],[13.34248,52.50461],[13.3424,52.50463],[13.34239,52.50463],[13.34174,52.50479],[13.34172,52.5048],[13.34158,52.50483],[13.34142,52.50487],[13.34135,52.50481],[13.34135,52.5048],[13.34133,52.50478],[13.34129,52.50475],[13.34126,52.50471],[13.34123,52.50469],[13.34122,52.50468],[13.34121,52.50467],[13.3412,52.50466],[13.34117,52.50463],[13.34114,52.5046],[13.34112,52.50459],[13.34106,52.50453],[13.34105,52.50453],[13.34099,52.50447],[13.34098,52.50446],[13.34095,52.50443],[13.3409,52.50439],[13.3409,52.50438],[13.34086,52.50435],[13.34082,52.50431],[13.34079,52.50429],[13.34074,52.50423],[13.34041,52.50393],[13.34036,52.50388],[13.34025,52.50378],[13.34019,52.50373],[13.34014,52.50368],[13.34011,52.50365],[13.34007,52.50362],[13.34004,52.50359],[13.33995,52.50351],[13.33994,52.5035],[13.33992,52.50347],[13.33967,52.50325],[13.33955,52.50313],[13.3394,52.50299],[13.33927,52.50288],[13.33921,52.50282],[13.33899,52.50262],[13.33886,52.5025],[13.33862,52.50227],[13.33861,52.50227],[13.33859,52.50225],[13.33791,52.50162],[13.33788,52.50159],[13.3377,52.50142],[13.33755,52.50129],[13.33752,52.50126],[13.33736,52.50111],[13.33732,52.50107],[13.33719,52.50095],[13.33714,52.50091],[13.33698,52.50069],[13.33727,52.50057],[13.33752,52.50047],[13.33779,52.50037],[13.33785,52.50034],[13.33852,52.50007],[13.33892,52.49991],[13.33882,52.49974],[13.33899,52.49942],[13.33891,52.49927],[13.33817,52.49802],[13.33809,52.49787],[13.33797,52.49764],[13.33797,52.49762],[13.33788,52.49738],[13.33782,52.49739],[13.33778,52.49727],[13.33769,52.49703],[13.3376,52.4968],[13.33752,52.49656],[13.33743,52.49632],[13.33733,52.49606],[13.33731,52.49599],[13.33738,52.49598],[13.33738,52.49585],[13.33728,52.49586],[13.33729,52.49575],[13.3373,52.49554],[13.33731,52.49534],[13.33732,52.49515],[13.33733,52.49496],[13.33734,52.49479],[13.33744,52.49479],[13.33744,52.49478],[13.33744,52.49472],[13.33744,52.49469],[13.33746,52.49419],[13.33746,52.49417],[13.33745,52.49407],[13.33735,52.49408],[13.33734,52.49401],[13.33733,52.49396],[13.3373,52.49372],[13.33711,52.49239],[13.3371,52.49229],[13.3372,52.4923],[13.33717,52.4921],[13.33715,52.49178],[13.33713,52.49152],[13.33711,52.49129],[13.3371,52.49119],[13.33709,52.49101],[13.33712,52.49099],[13.33737,52.49082],[13.33748,52.49075],[13.33753,52.49072],[13.33737,52.49053],[13.33733,52.49048],[13.33704,52.49042],[13.33703,52.49042],[13.33702,52.49041],[13.33701,52.49041],[13.337,52.4904],[13.33699,52.4904],[13.33698,52.49039],[13.33697,52.49038],[13.33697,52.49037],[13.33696,52.49037],[13.33696,52.49036],[13.33695,52.4903],[13.33694,52.49022],[13.33693,52.49016],[13.33692,52.49009],[13.33692,52.49007],[13.33691,52.49002],[13.33691,52.48996],[13.33691,52.48992],[13.3369,52.48987],[13.3369,52.48983],[13.3369,52.48978],[13.3369,52.48974],[13.3369,52.48969],[13.3369,52.48968],[13.3369,52.48967],[13.33691,52.48967],[13.33692,52.48967],[13.33697,52.48966],[13.33697,52.48965],[13.33697,52.48947],[13.33697,52.48945],[13.33697,52.48942],[13.33691,52.48942],[13.3369,52.48941],[13.3369,52.48938],[13.33691,52.48933],[13.33691,52.48929],[13.33691,52.48924],[13.33692,52.48919],[13.33692,52.48915],[13.33693,52.48909],[13.33694,52.48904],[13.33694,52.48899],[13.33695,52.48894],[13.33696,52.48888],[13.33697,52.48883],[13.33698,52.48878],[13.33699,52.48874],[13.337,52.48868],[13.33701,52.48862],[13.33703,52.48856],[13.33704,52.4885],[13.33705,52.48849],[13.33705,52.48848],[13.33706,52.48847],[13.33707,52.48846],[13.33708,52.48845],[13.33709,52.48845],[13.33713,52.48843],[13.33716,52.4883],[13.33718,52.48822],[13.33721,52.48806],[13.33721,52.48805],[13.3372,52.48805],[13.33719,52.48805],[13.33718,52.48805],[13.33717,52.48805],[13.33716,52.48804],[13.33715,52.48804],[13.33715,52.4879],[13.33713,52.4879],[13.3371,52.48716],[13.3371,52.48707],[13.33709,52.48693],[13.33708,52.4867],[13.33705,52.48592],[13.33712,52.48592],[13.33717,52.48567],[13.33709,52.48568],[13.3371,52.48482],[13.3371,52.48469],[13.3371,52.48468],[13.3371,52.48456],[13.3371,52.48452],[13.3371,52.48436],[13.33712,52.48282],[13.33712,52.48253],[13.3372,52.48253],[13.33709,52.48219],[13.33707,52.48214],[13.33705,52.48209],[13.33705,52.48071],[13.33706,52.48069],[13.33711,52.48053],[13.33716,52.48036],[13.33716,52.48012],[13.33706,52.47988],[13.33706,52.4797],[13.33706,52.47922],[13.33706,52.47907],[13.33707,52.47879],[13.33707,52.47853],[13.33707,52.47838],[13.33707,52.47821],[13.33707,52.47813],[13.33657,52.4781],[13.33607,52.47807],[13.33574,52.47805],[13.33539,52.47802],[13.33504,52.478],[13.33468,52.47797],[13.33443,52.47795],[13.33374,52.4779],[13.33299,52.47785],[13.33299,52.4778],[13.33298,52.4778],[13.33294,52.4778],[13.33294,52.47772],[13.3329,52.47772],[13.33287,52.47772],[13.33287,52.47741],[13.33265,52.47742],[13.32958,52.47744],[13.32882,52.47744],[13.32879,52.47744],[13.32875,52.47744],[13.32865,52.47744],[13.32864,52.47744],[13.32835,52.47743],[13.32832,52.47743],[13.32824,52.47743],[13.32811,52.47743],[13.32758,52.47745],[13.32709,52.47747],[13.32616,52.47747],[13.32432,52.47748],[13.3241,52.47748],[13.3236,52.47748],[13.32242,52.47749],[13.32105,52.47748],[13.32048,52.47747],[13.32043,52.47747],[13.32042,52.47734],[13.32042,52.47715],[13.32041,52.477],[13.3204,52.47682],[13.3204,52.47669],[13.32034,52.47544],[13.32033,52.47512],[13.32032,52.47501],[13.32031,52.47478],[13.32031,52.47463],[13.3203,52.47438],[13.32029,52.47427],[13.32028,52.47394],[13.32026,52.47359],[13.32026,52.47349],[13.32025,52.47324],[13.32024,52.47298],[13.32023,52.47289],[13.32023,52.47283],[13.32023,52.47274],[13.32019,52.47185],[13.32018,52.47172],[13.32017,52.4714],[13.32016,52.47122],[13.32015,52.47099],[13.32014,52.47074],[13.32022,52.47074],[13.32022,52.47071],[13.32021,52.47071],[13.32021,52.47068],[13.32022,52.47068],[13.32022,52.47062],[13.32021,52.47062],[13.32021,52.47059],[13.32022,52.47059],[13.32022,52.47054],[13.32028,52.4705],[13.32027,52.4705],[13.32025,52.47048],[13.32024,52.47046],[13.32026,52.47044],[13.32027,52.47043],[13.32033,52.47039],[13.32053,52.47027],[13.32052,52.47013],[13.32031,52.47001],[13.32026,52.46998],[13.32025,52.46997],[13.32025,52.46996],[13.32025,52.46995],[13.32026,52.46995],[13.32023,52.46993],[13.32025,52.46991],[13.32026,52.4699],[13.32019,52.46986],[13.32018,52.4698],[13.32017,52.4698],[13.32017,52.46976],[13.32014,52.46976],[13.32014,52.46972],[13.32013,52.46971],[13.32012,52.46969],[13.32011,52.46968],[13.32011,52.46967],[13.3201,52.46966],[13.3201,52.46964],[13.3201,52.46963],[13.32009,52.46962],[13.32009,52.4696],[13.32008,52.46936],[13.32008,52.46917],[13.32006,52.46886],[13.32006,52.46876],[13.32005,52.46845],[13.32004,52.46826],[13.32003,52.46807],[13.32002,52.46788],[13.32001,52.46761],[13.32,52.46733],[13.31999,52.46716],[13.31998,52.46698],[13.32028,52.46698],[13.32076,52.46697],[13.32099,52.46696],[13.32116,52.4669],[13.32139,52.46682],[13.32162,52.46674],[13.32189,52.46664],[13.32216,52.46655],[13.32252,52.46642],[13.32271,52.46635],[13.3231,52.46621],[13.32336,52.46612],[13.32363,52.46602],[13.32389,52.46592],[13.32428,52.46579],[13.32447,52.46572],[13.32552,52.46534],[13.32644,52.46501],[13.32758,52.46461],[13.32759,52.4646],[13.32787,52.4645],[13.32816,52.46433],[13.32821,52.46438],[13.32823,52.4644],[13.32832,52.46449],[13.32852,52.4647],[13.32872,52.4649],[13.32874,52.46493],[13.32894,52.46514],[13.32902,52.46521],[13.32904,52.46523],[13.32916,52.46536],[13.32937,52.46557],[13.32944,52.46559],[13.32958,52.46553],[13.32967,52.4655],[13.3297,52.46554],[13.32995,52.46545],[13.3302,52.46536],[13.3306,52.46522],[13.33063,52.46515],[13.33084,52.46534],[13.33101,52.4655],[13.33141,52.46586],[13.33201,52.46593],[13.33225,52.46597],[13.33248,52.46599],[13.33271,52.46602],[13.33294,52.46605],[13.33321,52.46609],[13.33357,52.46614],[13.33377,52.46616],[13.33384,52.46617],[13.3341,52.4662],[13.33467,52.46628],[13.33483,52.4662],[13.33487,52.46624],[13.33502,52.46635],[13.33535,52.46661],[13.33551,52.46674],[13.33568,52.46687],[13.33586,52.46701],[13.33599,52.46715],[13.33624,52.46739],[13.33625,52.4674],[13.33627,52.46742],[13.33655,52.46731],[13.33676,52.46723],[13.33683,52.4672],[13.33686,52.46719],[13.33685,52.46719],[13.33687,52.46718],[13.33691,52.46716],[13.33692,52.46716],[13.33697,52.46714],[13.33702,52.46711],[13.33703,52.46711],[13.33707,52.4671],[13.33709,52.46709],[13.33715,52.46706],[13.33721,52.46703],[13.33726,52.46701],[13.33728,52.467],[13.3373,52.46699],[13.33739,52.46695],[13.33743,52.46692],[13.33746,52.4669],[13.3375,52.46688],[13.33754,52.46686],[13.33757,52.46684],[13.3376,52.46681],[13.33764,52.46679],[13.33767,52.46677],[13.33771,52.46675],[13.33777,52.46672],[13.33778,52.46671],[13.33791,52.46664],[13.33848,52.46638],[13.33877,52.46657],[13.33879,52.46645],[13.33881,52.46628],[13.33883,52.46611],[13.33886,52.46594],[13.33888,52.46577],[13.3389,52.4656],[13.33891,52.46556],[13.33899,52.46551],[13.339,52.46551],[13.33903,52.46549],[13.33925,52.46535],[13.33942,52.46525],[13.33945,52.46523],[13.33946,52.46523],[13.33967,52.4651],[13.33999,52.4649],[13.34004,52.46487],[13.34018,52.46478],[13.3403,52.46472],[13.34063,52.46451],[13.34067,52.46449],[13.34101,52.46428],[13.34124,52.46414],[13.34154,52.46395],[13.34184,52.46377],[13.34187,52.46375],[13.34188,52.46375],[13.34204,52.46365],[13.34214,52.46359],[13.34236,52.46345],[13.34249,52.46337],[13.34287,52.46314],[13.34311,52.46298],[13.34325,52.46288],[13.34352,52.46269],[13.34385,52.46245],[13.34409,52.46227],[13.34443,52.46204],[13.3446,52.46191],[13.34496,52.46172],[13.34774,52.45932],[13.34781,52.45925],[13.34782,52.45925],[13.34772,52.45915],[13.34756,52.45899],[13.34759,52.45897],[13.34763,52.45896],[13.34766,52.45894],[13.34769,52.45893],[13.34773,52.45891],[13.34776,52.4589],[13.34778,52.4589],[13.34781,52.45889],[13.34783,52.45888],[13.34785,52.45887],[13.34788,52.45886],[13.34792,52.45885],[13.34796,52.45885],[13.348,52.45884],[13.34804,52.45883],[13.34809,52.45882],[13.34813,52.45882],[13.34815,52.45881],[13.34819,52.45881],[13.34823,52.45881],[13.34827,52.4588],[13.3483,52.4588],[13.34834,52.4588],[13.3484,52.45877],[13.34904,52.45876],[13.34906,52.45792],[13.34908,52.45738],[13.34908,52.4573],[13.34908,52.45721],[13.34908,52.45712],[13.34908,52.45704],[13.34908,52.45695],[13.34908,52.45687],[13.34908,52.45677],[13.34964,52.45677],[13.35089,52.45662],[13.35093,52.45673],[13.35146,52.45677],[13.35199,52.45689],[13.35248,52.45708],[13.35295,52.45712],[13.3533,52.45702],[13.35368,52.4567],[13.35385,52.45634],[13.35398,52.45614],[13.35407,52.456],[13.35419,52.45587],[13.3542,52.45564],[13.35439,52.45564],[13.35496,52.45565],[13.35503,52.45565],[13.35504,52.45565],[13.35526,52.45565],[13.35551,52.45564],[13.35598,52.45562],[13.35612,52.45561],[13.35625,52.45527],[13.3564,52.45497],[13.35642,52.45494],[13.35646,52.45486],[13.35649,52.45481],[13.35669,52.45444],[13.35691,52.45409],[13.3569,52.45403],[13.35729,52.45345],[13.35726,52.45333],[13.35745,52.45302],[13.35764,52.45271],[13.35791,52.45228],[13.35793,52.45229],[13.35822,52.45182],[13.35844,52.45142],[13.35848,52.45133],[13.3585,52.45125],[13.35855,52.45115],[13.35863,52.45101],[13.35876,52.45088],[13.35878,52.45086],[13.35896,52.45062],[13.359,52.45054],[13.35922,52.45015],[13.35939,52.44984],[13.35947,52.44969],[13.35972,52.4494],[13.35986,52.44916],[13.35989,52.4491],[13.36018,52.44858],[13.3602,52.44855],[13.36045,52.44807],[13.36061,52.44774],[13.36079,52.44745],[13.36086,52.44732],[13.36095,52.44711],[13.36101,52.44709],[13.36105,52.44702],[13.36107,52.44698],[13.36116,52.44689],[13.3612,52.44686],[13.3612,52.44685],[13.36111,52.44682],[13.36113,52.4468],[13.36132,52.44646],[13.36149,52.44624],[13.36181,52.44566],[13.36212,52.44511],[13.36231,52.44472],[13.36235,52.44463],[13.36238,52.44457],[13.36242,52.4446],[13.36247,52.4445],[13.36248,52.44448],[13.36263,52.44417],[13.36264,52.44415],[13.36269,52.44408],[13.36306,52.44346],[13.36314,52.44333],[13.36311,52.44331],[13.36341,52.44282],[13.36347,52.44281],[13.36348,52.44281],[13.36354,52.4427],[13.36362,52.44256],[13.36373,52.44237],[13.36391,52.44207],[13.36399,52.44192],[13.36403,52.44185],[13.3641,52.44173],[13.36437,52.44128],[13.36449,52.44109],[13.36457,52.44095],[13.3646,52.4409],[13.36488,52.44045],[13.3649,52.44042],[13.36495,52.44033],[13.36515,52.44002],[13.36524,52.43986],[13.36528,52.4398],[13.3654,52.43962],[13.36552,52.43946],[13.36563,52.4393],[13.36563,52.43929],[13.36572,52.43914],[13.36582,52.43898],[13.36592,52.43882],[13.36602,52.43867],[13.3661,52.43853],[13.36613,52.43848],[13.36618,52.4384],[13.36625,52.43826],[13.36637,52.43804],[13.36647,52.43786],[13.36676,52.43734],[13.36707,52.4368],[13.36706,52.43679],[13.36714,52.43662],[13.36714,52.43661],[13.36725,52.43635],[13.3675,52.43588],[13.36752,52.43585],[13.36753,52.43582],[13.36767,52.4356],[13.36769,52.43557],[13.3677,52.43555],[13.36796,52.43513],[13.36809,52.43491],[13.36827,52.43462],[13.36849,52.43425],[13.36884,52.43368],[13.36884,52.43371],[13.36907,52.43334],[13.36919,52.43307],[13.36944,52.43265],[13.36976,52.43215],[13.37014,52.43158],[13.37023,52.43144],[13.37029,52.43135],[13.37033,52.43129],[13.37054,52.43098],[13.37063,52.43084],[13.37067,52.43078],[13.3708,52.43056],[13.37097,52.4303],[13.37108,52.43011],[13.37119,52.42993],[13.37121,52.4299],[13.37123,52.42986],[13.37146,52.42937],[13.37149,52.42929],[13.37153,52.42922],[13.37155,52.42919],[13.3716,52.42912],[13.37152,52.42908],[13.37132,52.42899],[13.3711,52.42889],[13.37113,52.42885],[13.37115,52.4288],[13.36975,52.42816],[13.36957,52.42807],[13.36933,52.42797],[13.36913,52.42787],[13.36882,52.42773],[13.36857,52.42762],[13.36854,52.42761],[13.36852,52.4276],[13.3685,52.42759],[13.36848,52.42759],[13.36846,52.42758],[13.36843,52.42757],[13.3684,52.42757],[13.36838,52.42756],[13.36835,52.42756],[13.36832,52.42756],[13.36829,52.42755],[13.36826,52.42755],[13.36823,52.42755],[13.3682,52.42755],[13.36817,52.42756],[13.36814,52.42756],[13.36811,52.42756],[13.36808,52.42757],[13.36805,52.42758],[13.36792,52.42761],[13.3679,52.42759],[13.36776,52.42738],[13.36768,52.42728],[13.36767,52.42726],[13.36765,52.42724],[13.36763,52.4272],[13.3676,52.42716],[13.36757,52.42712],[13.36754,52.42708],[13.36751,52.42704],[13.36748,52.42699],[13.36745,52.42694],[13.3674,52.42688],[13.36731,52.42676],[13.36727,52.4267],[13.36723,52.42665],[13.36721,52.42661],[13.36718,52.42656],[13.36715,52.42652],[13.36706,52.4264],[13.36703,52.42636],[13.36697,52.42628],[13.36694,52.42624],[13.36686,52.42611],[13.36674,52.42595],[13.36671,52.42591],[13.36665,52.42583],[13.36657,52.4257],[13.36654,52.42566],[13.36651,52.42562],[13.36645,52.42554],[13.36642,52.4255],[13.36634,52.42538],[13.36631,52.42534],[13.36628,52.4253],[13.36623,52.42522],[13.3662,52.42518],[13.36617,52.42514],[13.36614,52.4251],[13.36611,52.42506],[13.36608,52.42502],[13.36605,52.42498],[13.36603,52.42494],[13.366,52.4249],[13.36595,52.42483],[13.36591,52.42477],[13.36588,52.42473],[13.36585,52.42469],[13.36582,52.42465],[13.36579,52.42461],[13.36576,52.42457],[13.36573,52.42453],[13.36571,52.42449],[13.36568,52.42444],[13.36565,52.4244],[13.36562,52.42436],[13.36559,52.42432],[13.36556,52.42428],[13.36553,52.42424],[13.3655,52.4242],[13.36547,52.42416],[13.36544,52.42412],[13.36538,52.42403],[13.36532,52.42394],[13.3652,52.42378],[13.36513,52.42367],[13.36505,52.42357],[13.36498,52.42346],[13.3649,52.42335],[13.36482,52.42324],[13.36475,52.42314],[13.36467,52.42303],[13.3646,52.42292],[13.36448,52.42276],[13.3644,52.42264],[13.36431,52.42252],[13.36424,52.42242],[13.36416,52.42231],[13.36401,52.42214],[13.36362,52.42166],[13.36361,52.42164],[13.36359,52.42163],[13.36358,52.42161],[13.36356,52.4216],[13.36354,52.42158],[13.36352,52.42157],[13.36351,52.42155],[13.36349,52.42154],[13.36347,52.42153],[13.36345,52.42151],[13.36342,52.4215],[13.3634,52.42149],[13.36338,52.42148],[13.36336,52.42147],[13.36333,52.42146],[13.36331,52.42145],[13.36328,52.42144],[13.36326,52.42143],[13.36323,52.42142],[13.3632,52.42141],[13.3618,52.42101],[13.36157,52.42094],[13.36148,52.42091],[13.36081,52.42072],[13.36061,52.42067],[13.3605,52.42063],[13.36029,52.42057],[13.36008,52.42048],[13.35987,52.42038],[13.35924,52.42009],[13.35918,52.42007],[13.35927,52.41994],[13.35912,52.4199],[13.35902,52.41988],[13.35899,52.41988],[13.35895,52.41987],[13.35894,52.41986],[13.35883,52.41982],[13.3577,52.41941],[13.35729,52.41926],[13.35634,52.41892],[13.35574,52.4187],[13.35522,52.41851],[13.35518,52.4185],[13.35494,52.41841],[13.35484,52.41838],[13.35474,52.41835],[13.3537,52.41805],[13.35358,52.41802],[13.35348,52.41798],[13.35275,52.41773],[13.35272,52.41772],[13.35263,52.41769],[13.35253,52.41765],[13.3525,52.41764],[13.3524,52.41761],[13.35218,52.41752],[13.35213,52.4175],[13.3518,52.41737],[13.35176,52.41735],[13.35142,52.41721],[13.35132,52.41717],[13.35131,52.41717],[13.3512,52.41712],[13.35109,52.41708],[13.35097,52.41704],[13.35086,52.41699],[13.35081,52.41697],[13.35074,52.41695],[13.35062,52.41692],[13.35048,52.41687],[13.35038,52.41684],[13.35028,52.41681],[13.34989,52.4167],[13.3497,52.41664],[13.34934,52.41654],[13.34912,52.41647],[13.3491,52.41646],[13.34888,52.4164],[13.3488,52.41637],[13.34842,52.41626],[13.34832,52.41623],[13.34823,52.41619],[13.34784,52.41607],[13.34783,52.41606],[13.34741,52.41593],[13.3472,52.41586],[13.34698,52.41579],[13.34677,52.41572],[13.34667,52.41568],[13.3464,52.41559],[13.34636,52.41558],[13.34599,52.41545],[13.34597,52.41544],[13.34583,52.41519],[13.34576,52.41521],[13.34571,52.41521],[13.34566,52.41522],[13.34561,52.41523],[13.34557,52.41524],[13.34552,52.41525],[13.34547,52.41525],[13.34538,52.41522],[13.34522,52.41516],[13.34505,52.41509],[13.34503,52.41508],[13.34453,52.41488],[13.34418,52.41474],[13.34402,52.41468],[13.34392,52.41464],[13.34385,52.41461],[13.34368,52.41454],[13.34319,52.41434],[13.34274,52.41417],[13.34288,52.41385],[13.34305,52.41347],[13.34305,52.41346],[13.3431,52.4133],[13.3431,52.41327],[13.34309,52.4131],[13.34308,52.41303],[13.34309,52.41291],[13.34309,52.41281],[13.34309,52.41272],[13.3431,52.4126],[13.34309,52.41254],[13.34309,52.41245],[13.34308,52.41241],[13.34308,52.41236],[13.34307,52.41224],[13.34306,52.4122],[13.34302,52.41205],[13.34297,52.41184],[13.34296,52.41181],[13.34294,52.41173],[13.34308,52.41173],[13.34331,52.41172],[13.34335,52.41172],[13.34332,52.41133],[13.3433,52.41087],[13.34319,52.40935],[13.34306,52.40769],[13.34369,52.4073],[13.34443,52.40683],[13.34594,52.40591],[13.34607,52.40583],[13.34616,52.40577],[13.34693,52.4053],[13.34694,52.4053],[13.34749,52.40496],[13.34791,52.4047],[13.34804,52.40462],[13.34813,52.40456],[13.34837,52.40441],[13.34854,52.40429],[13.34872,52.40418],[13.3489,52.40407],[13.34909,52.40395],[13.34912,52.40392],[13.34928,52.40382],[13.34948,52.4037],[13.34973,52.40355],[13.34997,52.40341],[13.35035,52.40318],[13.3504,52.40315],[13.35041,52.40315],[13.35083,52.4029],[13.35093,52.40285],[13.35143,52.40261],[13.35148,52.40259],[13.35153,52.40256],[13.35198,52.40235],[13.35226,52.40221],[13.35236,52.40217],[13.35253,52.40209],[13.35265,52.40202],[13.35274,52.40197],[13.3529,52.40188],[13.35308,52.40177],[13.35317,52.40171],[13.35359,52.40147],[13.3536,52.40146],[13.35377,52.40136],[13.35393,52.40127],[13.35408,52.40117],[13.35425,52.40107],[13.35441,52.40097],[13.35442,52.40097],[13.35458,52.40089],[13.35488,52.40075],[13.35506,52.40067],[13.35508,52.40066],[13.35529,52.40056],[13.35547,52.40048],[13.35565,52.40039],[13.35584,52.40031],[13.35601,52.40023],[13.35621,52.40013],[13.35638,52.40006],[13.35656,52.39997],[13.35674,52.39988],[13.35693,52.39979],[13.35711,52.3997],[13.35729,52.39962],[13.35732,52.3996],[13.35746,52.39953],[13.35763,52.39944],[13.35775,52.39937],[13.35781,52.39934],[13.35798,52.39924],[13.35815,52.39914],[13.35833,52.39905],[13.3585,52.39895],[13.35866,52.39886],[13.35883,52.39876],[13.35888,52.39873],[13.35899,52.39868],[13.35914,52.3986],[13.35931,52.3985],[13.35937,52.39847],[13.3595,52.39841],[13.35956,52.39839],[13.35991,52.39825],[13.35996,52.39823],[13.36027,52.39812],[13.36062,52.398],[13.36076,52.39794],[13.3612,52.39775],[13.36141,52.39767],[13.36244,52.39722],[13.36328,52.39696],[13.36422,52.39668],[13.36568,52.39614],[13.36688,52.39569],[13.36834,52.39514],[13.37015,52.39447],[13.37195,52.3938],[13.37193,52.39373],[13.37154,52.3924],[13.37129,52.39156],[13.371,52.39062],[13.3707,52.3896],[13.37052,52.38898],[13.37036,52.38843],[13.37093,52.38842],[13.37322,52.3883],[13.37515,52.38819],[13.37677,52.38816],[13.37785,52.38815],[13.3787,52.38816],[13.37878,52.38816],[13.3803,52.38823],[13.38062,52.38825],[13.38093,52.38826],[13.38121,52.38827],[13.38146,52.38828],[13.38239,52.38832],[13.38277,52.38834],[13.38343,52.38836],[13.3851,52.38844],[13.38618,52.3885],[13.38666,52.38853],[13.3873,52.38857],[13.38736,52.38827],[13.38739,52.38809],[13.38742,52.38789],[13.38745,52.38768],[13.38748,52.38746],[13.38752,52.38722],[13.38755,52.38701],[13.38759,52.38677],[13.38761,52.3866]]]]}},{"type":"Feature","properties":{"name":"Treptow-Köpenick"},"geometry":{"type":"MultiPolygon","coordinates":[[[[13.57392,52.47704],[13.57388,52.477],[13.57384,52.47697],[13.57384,52.47687],[13.5739,52.47675],[13.57393,52.47669],[13.57395,52.47661],[13.57395,52.4766],[13.57395,52.47659],[13.57394,52.47658],[13.57394,52.47657],[13.57393,52.47656],[13.57393,52.47655],[13.57392,52.47655],[13.57392,52.47654],[13.57391,52.47653],[13.5739,52.47653],[13.5739,52.47652],[13.57389,52.47651],[13.57388,52.47651],[13.57387,52.4765],[13.57386,52.4765],[13.57385,52.47649],[13.57384,52.47649],[13.57383,52.47649],[13.57382,52.47648],[13.57381,52.47648],[13.5738,52.47648],[13.57379,52.47648],[13.57378,52.47648],[13.57377,52.47648],[13.57376,52.47648],[13.57375,52.47648],[13.57374,52.47648],[13.57373,52.47648],[13.57372,52.47648],[13.57371,52.47649],[13.5737,52.47649],[13.57369,52.47649],[13.57368,52.47649],[13.57367,52.4765],[13.57366,52.4765],[13.57365,52.47651],[13.57364,52.47651],[13.57364,52.47652],[13.57363,52.47652],[13.57363,52.47653],[13.57362,52.47653],[13.57362,52.47654],[13.57361,52.47654],[13.57361,52.47655],[13.57343,52.47679],[13.57327,52.47674],[13.57306,52.47666],[13.5728,52.47655],[13.57262,52.47648],[13.57207,52.47626],[13.57196,52.47622],[13.57201,52.47619],[13.57199,52.47619],[13.57192,52.47616],[13.57191,52.47615],[13.57152,52.47599],[13.5712,52.47587],[13.57071,52.47568],[13.57048,52.4756],[13.57038,52.47556],[13.57031,52.47553],[13.56996,52.47539],[13.5697,52.47528],[13.56951,52.47521],[13.56941,52.47517],[13.56935,52.47514],[13.56918,52.47509],[13.56874,52.47491],[13.56839,52.47478],[13.5682,52.47471],[13.56819,52.4747],[13.56801,52.47464],[13.56792,52.4746],[13.56787,52.47458],[13.56778,52.47455],[13.56775,52.47456],[13.56772,52.47458],[13.56711,52.47395],[13.56705,52.47387],[13.56701,52.47386],[13.56668,52.47379],[13.56666,52.47379],[13.56663,52.47372],[13.56659,52.47372],[13.56639,52.47369],[13.56607,52.47365],[13.56567,52.4736],[13.5656,52.47364],[13.56534,52.47382],[13.56513,52.47396],[13.56505,52.47394],[13.56503,52.47393],[13.56451,52.47378],[13.56415,52.47367],[13.56388,52.47362],[13.56331,52.47351],[13.56309,52.47347],[13.56261,52.47341],[13.56229,52.47338],[13.56193,52.47334],[13.56161,52.47332],[13.56135,52.4733],[13.56098,52.47327],[13.56087,52.47326],[13.56062,52.47326],[13.56035,52.47325],[13.56028,52.47325],[13.56026,52.47325],[13.56008,52.47325],[13.55964,52.47324],[13.55925,52.47325],[13.5592,52.47325],[13.55904,52.47325],[13.55903,52.47325],[13.559,52.47325],[13.55899,52.47325],[13.55856,52.47326],[13.55735,52.47329],[13.55619,52.47349],[13.55505,52.47361],[13.55479,52.47362],[13.55388,52.47364],[13.55384,52.47364],[13.55378,52.47364],[13.55352,52.47364],[13.55261,52.47365],[13.5526,52.47365],[13.55153,52.47362],[13.55093,52.47366],[13.55034,52.4737],[13.55022,52.47372],[13.54919,52.47386],[13.54879,52.47386],[13.54824,52.47387],[13.54818,52.47387],[13.54799,52.47387],[13.54801,52.47385],[13.54802,52.47384],[13.54815,52.47368],[13.54848,52.47331],[13.54839,52.47332],[13.54733,52.47344],[13.54645,52.47353],[13.54617,52.47356],[13.54559,52.47362],[13.54531,52.47365],[13.54471,52.47371],[13.54301,52.47389],[13.54288,52.4739],[13.54281,52.47391],[13.54271,52.47392],[13.54244,52.47395],[13.54224,52.47397],[13.54207,52.47399],[13.5403,52.47478],[13.53985,52.47498],[13.53983,52.47496],[13.53957,52.47476],[13.53953,52.47472],[13.5395,52.4747],[13.53904,52.47433],[13.53892,52.47425],[13.53861,52.474],[13.53855,52.47396],[13.53851,52.47392],[13.53846,52.47388],[13.53781,52.47339],[13.53739,52.47306],[13.53638,52.47228],[13.5357,52.47175],[13.53567,52.47173],[13.53563,52.4717],[13.53492,52.47114],[13.53438,52.47071],[13.53409,52.47048],[13.53303,52.46964],[13.53232,52.46908],[13.53143,52.46839],[13.53139,52.4684],[13.53125,52.4683],[13.53077,52.46794],[13.53073,52.46797],[13.52908,52.46934],[13.52824,52.47004],[13.52753,52.47062],[13.52742,52.47072],[13.52722,52.4709],[13.52695,52.47113],[13.52608,52.4719],[13.52554,52.47236],[13.52435,52.47332],[13.52389,52.47369],[13.52367,52.47386],[13.52316,52.47424],[13.52289,52.47444],[13.52243,52.47475],[13.52175,52.47512],[13.52171,52.47515],[13.52164,52.47518],[13.52158,52.47522],[13.52143,52.47513],[13.52106,52.47476],[13.52065,52.47438],[13.52032,52.47407],[13.52009,52.47416],[13.52008,52.47417],[13.51994,52.47422],[13.51946,52.47438],[13.51817,52.47483],[13.51688,52.47526],[13.51679,52.47529],[13.5167,52.47532],[13.51661,52.47535],[13.51652,52.47537],[13.51643,52.4754],[13.51633,52.47542],[13.51623,52.47545],[13.51612,52.47548],[13.51602,52.4755],[13.51591,52.47552],[13.5158,52.47554],[13.51569,52.47556],[13.51558,52.47558],[13.51547,52.4756],[13.51536,52.47562],[13.51525,52.47563],[13.51514,52.47565],[13.51503,52.47566],[13.51492,52.47567],[13.51481,52.47568],[13.51471,52.47569],[13.51462,52.4757],[13.51452,52.4757],[13.51443,52.47571],[13.51433,52.47571],[13.51423,52.47571],[13.51414,52.47572],[13.51404,52.47572],[13.51393,52.47571],[13.51383,52.47571],[13.51372,52.47571],[13.51361,52.47571],[13.5135,52.4757],[13.5134,52.47569],[13.51329,52.47569],[13.51318,52.47568],[13.51307,52.47567],[13.51297,52.47566],[13.51263,52.47561],[13.51138,52.47543],[13.51084,52.47535],[13.50845,52.475],[13.50832,52.47498],[13.50802,52.47493],[13.50794,52.47492],[13.50785,52.4749],[13.50772,52.47502],[13.5061,52.4765],[13.50432,52.47812],[13.50389,52.47892],[13.50327,52.48005],[13.50326,52.48007],[13.50322,52.48014],[13.5027,52.48107],[13.50225,52.48189],[13.50224,52.48191],[13.50213,52.48212],[13.50205,52.48227],[13.5019,52.48256],[13.50189,52.48257],[13.50166,52.48258],[13.50153,52.48258],[13.50148,52.48259],[13.50129,52.48261],[13.501,52.48263],[13.50093,52.48264],[13.50059,52.48269],[13.50051,52.4827],[13.50022,52.48276],[13.50007,52.48279],[13.49986,52.48282],[13.49973,52.48285],[13.49962,52.48287],[13.49935,52.48293],[13.49875,52.48308],[13.49841,52.48317],[13.49828,52.48322],[13.49801,52.48326],[13.49785,52.48328],[13.49758,52.48329],[13.49723,52.48331],[13.49707,52.4833],[13.49687,52.48327],[13.49686,52.48329],[13.49682,52.48329],[13.49671,52.48332],[13.49664,52.48331],[13.49589,52.48325],[13.49418,52.48312],[13.49395,52.48365],[13.49385,52.48388],[13.49369,52.48428],[13.49366,52.48427],[13.49361,52.48436],[13.49362,52.48445],[13.49353,52.48461],[13.49349,52.48469],[13.49322,52.48511],[13.49287,52.48565],[13.49274,52.48582],[13.49262,52.48594],[13.49228,52.48624],[13.49169,52.48675],[13.49137,52.48701],[13.49122,52.48714],[13.49102,52.48727],[13.49091,52.48735],[13.49082,52.4874],[13.49075,52.48743],[13.49071,52.48744],[13.48987,52.48764],[13.48943,52.48771],[13.48915,52.48776],[13.4885,52.48784],[13.48755,52.48779],[13.48674,52.48765],[13.4867,52.48764],[13.48595,52.4874],[13.48564,52.48727],[13.48552,52.48721],[13.48529,52.48711],[13.48506,52.48701],[13.4849,52.48693],[13.48466,52.48682],[13.4845,52.48675],[13.48411,52.48657],[13.4837,52.48639],[13.48329,52.4862],[13.48296,52.48605],[13.48218,52.48726],[13.48214,52.48733],[13.48206,52.48744],[13.48168,52.48764],[13.4815,52.48767],[13.48126,52.48773],[13.48094,52.4878],[13.48087,52.48781],[13.48055,52.48787],[13.48047,52.48789],[13.48014,52.48793],[13.48006,52.48794],[13.47986,52.48794],[13.47964,52.48794],[13.47942,52.48792],[13.47924,52.48787],[13.4791,52.48768],[13.47864,52.48703],[13.4785,52.48721],[13.47846,52.48725],[13.47837,52.48736],[13.47833,52.48741],[13.47812,52.48767],[13.47808,52.48771],[13.47804,52.48778],[13.478,52.48785],[13.47796,52.48792],[13.47793,52.48798],[13.4779,52.48805],[13.47787,52.48812],[13.47786,52.4882],[13.47785,52.4882],[13.47769,52.48879],[13.47705,52.48931],[13.47613,52.48996],[13.47544,52.49033],[13.47379,52.49104],[13.47231,52.49128],[13.47102,52.49149],[13.46899,52.49217],[13.46896,52.49218],[13.46872,52.49226],[13.46849,52.49234],[13.46845,52.49235],[13.46747,52.49259],[13.46727,52.49264],[13.46706,52.49269],[13.46582,52.49315],[13.46558,52.49324],[13.46422,52.49374],[13.46332,52.49416],[13.4632,52.49422],[13.46317,52.49435],[13.46318,52.49435],[13.46342,52.49455],[13.46372,52.49479],[13.46394,52.49498],[13.46396,52.49499],[13.46397,52.49501],[13.46398,52.49503],[13.46398,52.49504],[13.46398,52.49506],[13.46397,52.49508],[13.46395,52.49509],[13.46393,52.49511],[13.46381,52.49517],[13.46381,52.49518],[13.46373,52.49521],[13.46374,52.49522],[13.46363,52.49526],[13.46338,52.49538],[13.46331,52.49541],[13.46324,52.49543],[13.46319,52.49545],[13.46311,52.49539],[13.46306,52.49535],[13.46303,52.49536],[13.4628,52.49541],[13.46273,52.49542],[13.46235,52.4955],[13.4623,52.49551],[13.46228,52.49552],[13.46193,52.49559],[13.46163,52.4957],[13.46052,52.49614],[13.45951,52.49654],[13.45948,52.49654],[13.45945,52.49655],[13.45928,52.49659],[13.45833,52.49677],[13.45632,52.49717],[13.45541,52.49735],[13.4554,52.49736],[13.4551,52.49742],[13.45507,52.49742],[13.45504,52.49737],[13.45407,52.49756],[13.45361,52.49754],[13.45335,52.49753],[13.45273,52.49758],[13.45271,52.49758],[13.45269,52.49758],[13.45267,52.49757],[13.45252,52.49755],[13.45238,52.49753],[13.45224,52.49751],[13.4521,52.49748],[13.45197,52.49745],[13.45183,52.49742],[13.45169,52.4974],[13.45155,52.49736],[13.45153,52.49736],[13.45151,52.49735],[13.45149,52.49735],[13.45146,52.49734],[13.45142,52.49732],[13.45128,52.49727],[13.45122,52.49725],[13.4512,52.49724],[13.45106,52.49718],[13.45098,52.49714],[13.45091,52.49711],[13.45088,52.49709],[13.45065,52.49694],[13.4507,52.49693],[13.45029,52.49663],[13.45028,52.49662],[13.45024,52.49659],[13.45005,52.49647],[13.44998,52.49642],[13.44996,52.4964],[13.44986,52.49633],[13.44883,52.49556],[13.44874,52.49549],[13.44788,52.49485],[13.44785,52.49482],[13.44779,52.49478],[13.44773,52.49475],[13.44766,52.49472],[13.44758,52.4947],[13.44751,52.49468],[13.44742,52.49466],[13.44734,52.49465],[13.44726,52.49464],[13.44718,52.49464],[13.44709,52.49463],[13.44701,52.49463],[13.44699,52.49464],[13.4469,52.49465],[13.44654,52.49469],[13.44641,52.49472],[13.44633,52.49473],[13.44625,52.49473],[13.44612,52.49474],[13.44582,52.49472],[13.44577,52.49471],[13.44548,52.49464],[13.44535,52.4946],[13.44522,52.49455],[13.4451,52.49449],[13.44498,52.49442],[13.44456,52.4941],[13.44373,52.49347],[13.44372,52.49345],[13.44357,52.49334],[13.44356,52.49333],[13.44261,52.4926],[13.44248,52.4925],[13.44217,52.49226],[13.44187,52.49203],[13.44094,52.4913],[13.44086,52.49124],[13.44082,52.4912],[13.44078,52.49117],[13.44073,52.49114],[13.44068,52.49111],[13.44063,52.49107],[13.44058,52.49104],[13.44052,52.49101],[13.44046,52.49097],[13.44039,52.49094],[13.44034,52.49091],[13.44029,52.49089],[13.44023,52.49086],[13.44004,52.49073],[13.43989,52.4906],[13.43982,52.49049],[13.43976,52.49035],[13.43975,52.49032],[13.4397,52.49012],[13.43969,52.49008],[13.43966,52.48991],[13.43972,52.48988],[13.43997,52.48975],[13.44015,52.48965],[13.44023,52.48961],[13.44041,52.48952],[13.44061,52.48942],[13.44063,52.48941],[13.44083,52.48931],[13.44104,52.4892],[13.44124,52.4891],[13.44156,52.48893],[13.44198,52.48872],[13.44205,52.48868],[13.44209,52.48866],[13.44212,52.48865],[13.44233,52.48854],[13.44234,52.48853],[13.44238,52.48852],[13.44242,52.48849],[13.44248,52.48846],[13.44251,52.48845],[13.44254,52.48843],[13.44268,52.48836],[13.44271,52.48834],[13.44274,52.48833],[13.44284,52.48828],[13.44289,52.48825],[13.44311,52.48814],[13.44423,52.48757],[13.44444,52.48746],[13.44474,52.48765],[13.44523,52.48797],[13.4465,52.48878],[13.44676,52.48896],[13.44701,52.48883],[13.44759,52.48853],[13.44854,52.48805],[13.44866,52.48798],[13.44873,52.48803],[13.44884,52.48796],[13.44942,52.48762],[13.45033,52.48709],[13.45044,52.48715],[13.45103,52.48684],[13.45125,52.48674],[13.45152,52.4866],[13.45162,52.48654],[13.45172,52.48649],[13.45193,52.48638],[13.45197,52.48636],[13.452,52.48635],[13.45213,52.48628],[13.45243,52.48612],[13.45273,52.48597],[13.45286,52.4859],[13.45289,52.48589],[13.45294,52.48586],[13.453,52.48583],[13.45303,52.48582],[13.45316,52.48575],[13.45348,52.48558],[13.4535,52.48557],[13.45364,52.4855],[13.45371,52.48546],[13.45394,52.48535],[13.45412,52.48525],[13.4543,52.48516],[13.45456,52.48503],[13.45513,52.48473],[13.45547,52.48456],[13.45607,52.48425],[13.45624,52.48439],[13.45652,52.4846],[13.4568,52.48481],[13.45719,52.4851],[13.45728,52.48517],[13.45756,52.48538],[13.45764,52.48545],[13.45784,52.4856],[13.45813,52.48582],[13.45823,52.48575],[13.45832,52.48569],[13.45856,52.48552],[13.45858,52.4855],[13.45859,52.4855],[13.4586,52.4855],[13.45874,52.4854],[13.45912,52.48513],[13.4594,52.48494],[13.45946,52.48489],[13.45955,52.48483],[13.45956,52.48484],[13.45985,52.48463],[13.45997,52.48455],[13.46056,52.48414],[13.46089,52.48391],[13.46093,52.48388],[13.46097,52.48385],[13.46118,52.4837],[13.46116,52.48354],[13.46122,52.4835],[13.46174,52.48313],[13.46192,52.483],[13.46237,52.48268],[13.46273,52.48243],[13.46328,52.48204],[13.46356,52.48185],[13.46373,52.48173],[13.46376,52.4817],[13.46391,52.4816],[13.46396,52.48156],[13.46411,52.48146],[13.46464,52.48109],[13.46493,52.48088],[13.46516,52.48072],[13.4658,52.48027],[13.46596,52.48015],[13.46598,52.48014],[13.46696,52.47946],[13.46756,52.47903],[13.46813,52.47863],[13.47005,52.47728],[13.47057,52.47691],[13.47055,52.47681],[13.47053,52.47669],[13.4705,52.47656],[13.47048,52.47646],[13.47038,52.47602],[13.47033,52.47584],[13.47029,52.47573],[13.46998,52.47484],[13.46961,52.47399],[13.46959,52.4738],[13.46962,52.47367],[13.46969,52.47351],[13.4698,52.47333],[13.46995,52.47315],[13.4701,52.47296],[13.47012,52.47294],[13.47013,52.47293],[13.47059,52.47244],[13.47098,52.47203],[13.47136,52.47167],[13.47182,52.47122],[13.47197,52.47107],[13.4722,52.47086],[13.47234,52.47072],[13.47241,52.47065],[13.47265,52.47042],[13.47292,52.47018],[13.47295,52.47014],[13.47309,52.47001],[13.47321,52.4699],[13.47368,52.46944],[13.47492,52.46824],[13.47497,52.46819],[13.47503,52.46813],[13.47504,52.46813],[13.47507,52.4681],[13.47558,52.46767],[13.4756,52.46765],[13.47618,52.46727],[13.47635,52.46713],[13.47765,52.46589],[13.47771,52.46583],[13.47778,52.46576],[13.47786,52.46569],[13.47834,52.46523],[13.47841,52.46513],[13.47848,52.46499],[13.47849,52.46489],[13.47849,52.46486],[13.47855,52.46398],[13.47804,52.46323],[13.47759,52.46257],[13.47741,52.4623],[13.47736,52.46223],[13.4772,52.46199],[13.47715,52.46196],[13.4758,52.46091],[13.47539,52.46025],[13.47538,52.46023],[13.47534,52.46017],[13.47533,52.46015],[13.47528,52.46006],[13.47523,52.45999],[13.47522,52.45997],[13.47517,52.45991],[13.47498,52.45947],[13.47495,52.45919],[13.47495,52.45916],[13.47495,52.45913],[13.47497,52.45882],[13.47497,52.45881],[13.47497,52.45876],[13.47338,52.45881],[13.47222,52.45885],[13.47211,52.45884],[13.4719,52.45885],[13.47179,52.45886],[13.47172,52.45886],[13.46889,52.45893],[13.46066,52.45915],[13.45958,52.45918],[13.45862,52.4592],[13.45856,52.4592],[13.45841,52.45921],[13.45832,52.45921],[13.45734,52.45924],[13.45727,52.45921],[13.45723,52.45926],[13.45712,52.45926],[13.45704,52.45923],[13.45699,52.4592],[13.45697,52.45915],[13.45698,52.45911],[13.45702,52.45906],[13.45719,52.45885],[13.45723,52.45878],[13.45729,52.45867],[13.45744,52.45844],[13.45744,52.45843],[13.45749,52.45836],[13.45755,52.45828],[13.45879,52.45673],[13.45891,52.45658],[13.45901,52.45647],[13.46003,52.45497],[13.46036,52.45449],[13.46044,52.45435],[13.46049,52.45428],[13.46057,52.45414],[13.46066,52.45401],[13.46067,52.45399],[13.46073,52.4539],[13.46134,52.453],[13.46141,52.45291],[13.46145,52.45286],[13.46147,52.45284],[13.46149,52.45282],[13.46171,52.45265],[13.46178,52.45256],[13.46204,52.45218],[13.46221,52.45195],[13.4623,52.45184],[13.46256,52.45151],[13.46259,52.45145],[13.46262,52.45134],[13.46264,52.45129],[13.46264,52.45128],[13.46266,52.45125],[13.46266,52.45122],[13.46267,52.4512],[13.46275,52.45123],[13.46286,52.45112],[13.46294,52.45115],[13.46301,52.45112],[13.46306,52.45108],[13.46329,52.4508],[13.4635,52.45057],[13.46376,52.45031],[13.46391,52.45019],[13.46408,52.45006],[13.46422,52.44997],[13.46435,52.44988],[13.46455,52.44974],[13.46473,52.44963],[13.46493,52.4495],[13.46494,52.4495],[13.46516,52.44936],[13.46539,52.44923],[13.46562,52.4491],[13.46583,52.44899],[13.46598,52.44891],[13.46614,52.44883],[13.46676,52.44853],[13.46756,52.44814],[13.46811,52.44788],[13.46951,52.44719],[13.47018,52.44687],[13.47188,52.44605],[13.47247,52.44576],[13.47272,52.44564],[13.47338,52.44532],[13.47451,52.44477],[13.47471,52.44468],[13.47479,52.44463],[13.47506,52.44451],[13.47586,52.44412],[13.47612,52.444],[13.47617,52.44398],[13.47621,52.44396],[13.47627,52.44394],[13.47633,52.44393],[13.47639,52.44392],[13.47647,52.4439],[13.47654,52.44388],[13.4766,52.44387],[13.47668,52.44384],[13.4769,52.44373],[13.47802,52.44318],[13.47809,52.44315],[13.47816,52.4431],[13.47824,52.44304],[13.47827,52.44301],[13.47835,52.44292],[13.47838,52.4429],[13.47838,52.44289],[13.4784,52.44287],[13.47843,52.44285],[13.47846,52.44283],[13.47847,52.44283],[13.4785,52.4428],[13.47855,52.4428],[13.47869,52.44274],[13.47875,52.44271],[13.47881,52.44268],[13.47882,52.44268],[13.47907,52.44257],[13.47914,52.44253],[13.48162,52.44132],[13.48165,52.4413],[13.4821,52.44108],[13.48211,52.44108],[13.48241,52.44093],[13.4827,52.44079],[13.48301,52.44064],[13.48331,52.44049],[13.48361,52.44035],[13.48391,52.4402],[13.48394,52.44019],[13.48413,52.44009],[13.4842,52.44006],[13.48426,52.44003],[13.48427,52.44002],[13.48433,52.44001],[13.4844,52.43999],[13.48451,52.43997],[13.48463,52.43994],[13.48464,52.43994],[13.48474,52.43991],[13.48481,52.43987],[13.48583,52.43938],[13.48714,52.43874],[13.48898,52.43785],[13.48906,52.43781],[13.48909,52.43779],[13.48915,52.43776],[13.48916,52.43775],[13.4892,52.43772],[13.4893,52.43762],[13.48932,52.4376],[13.48936,52.43756],[13.48938,52.43754],[13.48945,52.43751],[13.48966,52.43741],[13.48967,52.4374],[13.48969,52.43739],[13.4899,52.43728],[13.49036,52.43706],[13.4908,52.43685],[13.49125,52.43663],[13.49127,52.43662],[13.4915,52.43651],[13.49168,52.43642],[13.49175,52.43639],[13.4919,52.43631],[13.49201,52.43626],[13.49212,52.43621],[13.49231,52.43612],[13.49233,52.4361],[13.49254,52.436],[13.49261,52.43597],[13.49291,52.43582],[13.49297,52.4358],[13.49321,52.43568],[13.49339,52.43559],[13.49352,52.43553],[13.49382,52.43538],[13.49383,52.43538],[13.49413,52.43523],[13.49425,52.43517],[13.49444,52.43508],[13.49452,52.43505],[13.49458,52.43503],[13.49466,52.43501],[13.4948,52.43498],[13.49484,52.43497],[13.49492,52.43495],[13.495,52.43492],[13.49508,52.43489],[13.49604,52.43442],[13.49623,52.43433],[13.49709,52.43391],[13.49719,52.43385],[13.49722,52.43383],[13.49749,52.4336],[13.49753,52.43357],[13.4976,52.43355],[13.49773,52.43348],[13.4978,52.43345],[13.49777,52.43343],[13.49789,52.43337],[13.49797,52.43334],[13.49807,52.43331],[13.49822,52.43328],[13.49836,52.43326],[13.49847,52.43323],[13.49854,52.43321],[13.49867,52.43314],[13.49887,52.43304],[13.49906,52.43295],[13.49927,52.43285],[13.49946,52.43275],[13.49956,52.43271],[13.49967,52.43265],[13.49977,52.43261],[13.49987,52.43256],[13.49999,52.4325],[13.50007,52.43246],[13.50026,52.43237],[13.5003,52.43235],[13.50048,52.43226],[13.50072,52.43214],[13.50075,52.43213],[13.50088,52.43206],[13.50126,52.43188],[13.50176,52.43164],[13.50256,52.43125],[13.50303,52.43102],[13.50357,52.43076],[13.504,52.43055],[13.50439,52.43036],[13.5046,52.43026],[13.5052,52.42997],[13.50576,52.4297],[13.50597,52.4296],[13.50619,52.42949],[13.50642,52.42939],[13.50668,52.42927],[13.50669,52.42927],[13.50691,52.42917],[13.50715,52.42907],[13.50723,52.42904],[13.50739,52.42898],[13.50764,52.42888],[13.50792,52.42877],[13.50826,52.42865],[13.50858,52.42854],[13.50869,52.4285],[13.50892,52.42842],[13.50893,52.42842],[13.5091,52.42836],[13.50933,52.42829],[13.50956,52.42822],[13.50958,52.42821],[13.50972,52.42817],[13.50976,52.42816],[13.51,52.42809],[13.51015,52.42805],[13.51032,52.428],[13.51057,52.42793],[13.51083,52.42786],[13.51113,52.42778],[13.5114,52.42771],[13.51149,52.42769],[13.5118,52.42763],[13.51212,52.42756],[13.51243,52.4275],[13.5127,52.42744],[13.5131,52.42737],[13.51342,52.42731],[13.51376,52.42726],[13.51409,52.42721],[13.51441,52.42716],[13.5147,52.42712],[13.51487,52.4271],[13.51524,52.42706],[13.51558,52.42702],[13.51589,52.42699],[13.51622,52.42696],[13.51653,52.42694],[13.51686,52.42691],[13.51694,52.42691],[13.51712,52.4269],[13.51724,52.42689],[13.51738,52.42688],[13.5179,52.42685],[13.5186,52.42681],[13.51937,52.42677],[13.5197,52.42676],[13.51977,52.42675],[13.5199,52.42674],[13.51995,52.42673],[13.52,52.42672],[13.52012,52.42667],[13.52014,52.42667],[13.52023,52.42664],[13.52028,52.42662],[13.5203,52.42662],[13.52034,52.42661],[13.52043,52.42659],[13.52046,52.42657],[13.5205,52.42656],[13.52051,52.42656],[13.5205,52.42654],[13.52046,52.42625],[13.52046,52.42624],[13.52045,52.42619],[13.52043,52.42609],[13.52041,52.42605],[13.52028,52.42582],[13.52023,52.42573],[13.52021,52.4257],[13.5202,52.42568],[13.52007,52.42548],[13.51997,52.42533],[13.51987,52.42518],[13.51977,52.42503],[13.51967,52.42488],[13.51956,52.42471],[13.51958,52.42471],[13.51961,52.42463],[13.51917,52.42399],[13.51915,52.42395],[13.51905,52.42381],[13.51879,52.42343],[13.51851,52.42302],[13.51844,52.42291],[13.51846,52.42285],[13.51854,52.42261],[13.51854,52.4226],[13.51855,52.42257],[13.51865,52.42226],[13.51868,52.42223],[13.51873,52.42219],[13.5188,52.42213],[13.51891,52.42202],[13.51948,52.42142],[13.51976,52.42138],[13.51991,52.42135],[13.52011,52.42112],[13.52018,52.42103],[13.5205,52.42084],[13.52065,52.42019],[13.52085,52.41954],[13.52159,52.4189],[13.52212,52.41843],[13.52216,52.4183],[13.52215,52.41812],[13.52213,52.41787],[13.52213,52.41735],[13.52214,52.41723],[13.52215,52.41721],[13.52222,52.41692],[13.52237,52.41657],[13.5225,52.41625],[13.52281,52.4157],[13.52292,52.41552],[13.52296,52.41545],[13.52293,52.4154],[13.52279,52.4152],[13.5227,52.41508],[13.52261,52.41494],[13.52252,52.41481],[13.52243,52.41468],[13.52234,52.41455],[13.52226,52.41443],[13.52227,52.41443],[13.52251,52.41435],[13.52259,52.41432],[13.52263,52.41415],[13.52268,52.41413],[13.52292,52.41404],[13.52316,52.41395],[13.52319,52.41393],[13.52345,52.41383],[13.52349,52.41382],[13.52353,52.4138],[13.52376,52.41371],[13.5238,52.41369],[13.52403,52.4136],[13.52406,52.41359],[13.52379,52.41334],[13.5236,52.41317],[13.52343,52.41293],[13.52325,52.41269],[13.52323,52.41265],[13.52325,52.41263],[13.52344,52.41242],[13.52345,52.41242],[13.52344,52.41242],[13.52326,52.4123],[13.52325,52.41229],[13.52301,52.41214],[13.52318,52.41197],[13.52326,52.41189],[13.52331,52.41184],[13.52337,52.41178],[13.52348,52.41167],[13.52336,52.41153],[13.52333,52.41149],[13.52318,52.41133],[13.52306,52.41118],[13.52293,52.41104],[13.52308,52.41092],[13.52318,52.41083],[13.52321,52.41081],[13.52312,52.41059],[13.52301,52.41031],[13.52281,52.40979],[13.5228,52.40975],[13.52274,52.40961],[13.52261,52.40927],[13.52234,52.40854],[13.52224,52.40832],[13.52179,52.40744],[13.52174,52.40739],[13.52167,52.40729],[13.52102,52.40671],[13.52098,52.40668],[13.52062,52.40642],[13.5206,52.4064],[13.52071,52.40629],[13.52062,52.40623],[13.51981,52.40566],[13.51946,52.40541],[13.51905,52.40512],[13.51933,52.40494],[13.51877,52.40466],[13.51836,52.40439],[13.51755,52.40386],[13.51713,52.40361],[13.51704,52.40356],[13.51665,52.40333],[13.51676,52.40317],[13.51686,52.40301],[13.51698,52.40284],[13.51693,52.4028],[13.51672,52.40267],[13.51667,52.40263],[13.51645,52.40249],[13.51641,52.40246],[13.51617,52.40231],[13.51598,52.40219],[13.51599,52.40205],[13.516,52.40184],[13.516,52.40179],[13.51633,52.40172],[13.51644,52.4017],[13.51648,52.40169],[13.51686,52.40161],[13.51714,52.40155],[13.51735,52.40149],[13.51739,52.40147],[13.51763,52.4014],[13.51787,52.40132],[13.51811,52.40125],[13.5186,52.4011],[13.51863,52.40109],[13.5191,52.40101],[13.51965,52.40092],[13.51979,52.4009],[13.51986,52.40089],[13.5199,52.40088],[13.51995,52.40087],[13.52011,52.40085],[13.52034,52.40081],[13.52036,52.40081],[13.52038,52.4008],[13.52044,52.40079],[13.52059,52.40077],[13.52083,52.40073],[13.52084,52.40073],[13.52086,52.40072],[13.52089,52.40072],[13.52101,52.40071],[13.52104,52.40071],[13.52105,52.40071],[13.52107,52.4007],[13.52109,52.4007],[13.52114,52.40069],[13.52128,52.40067],[13.52131,52.40066],[13.52148,52.40063],[13.5218,52.40057],[13.52219,52.40038],[13.5223,52.40032],[13.52241,52.40026],[13.52244,52.40025],[13.52249,52.40022],[13.52263,52.40015],[13.52282,52.40006],[13.52305,52.39997],[13.52307,52.39996],[13.5235,52.3998],[13.52357,52.39977],[13.52369,52.39973],[13.52396,52.39962],[13.5246,52.39938],[13.52523,52.39923],[13.52528,52.39921],[13.52529,52.39921],[13.52536,52.39919],[13.52541,52.39918],[13.52582,52.39908],[13.52639,52.39894],[13.52659,52.39884],[13.52679,52.39874],[13.52699,52.39864],[13.52719,52.39854],[13.52733,52.39847],[13.52738,52.39844],[13.52765,52.39831],[13.52777,52.39825],[13.52778,52.39825],[13.5278,52.39824],[13.52783,52.39822],[13.52797,52.39815],[13.52816,52.39806],[13.52835,52.39796],[13.52854,52.39787],[13.52873,52.39778],[13.52892,52.39768],[13.52903,52.39763],[13.52911,52.39759],[13.52933,52.39748],[13.52939,52.39745],[13.52941,52.39744],[13.52969,52.3973],[13.52989,52.39738],[13.53017,52.39749],[13.53038,52.39758],[13.53055,52.39764],[13.53062,52.39767],[13.53077,52.39773],[13.53099,52.39781],[13.53115,52.39787],[13.53134,52.39795],[13.53135,52.39795],[13.53148,52.398],[13.53154,52.39803],[13.53165,52.39807],[13.53174,52.3981],[13.53193,52.39818],[13.53213,52.39826],[13.53223,52.3983],[13.53234,52.39834],[13.53257,52.39843],[13.53285,52.39854],[13.53286,52.39855],[13.53287,52.39855],[13.53293,52.39857],[13.53347,52.39878],[13.53369,52.39887],[13.53382,52.39891],[13.53413,52.399],[13.53452,52.39911],[13.53485,52.39921],[13.53506,52.39926],[13.53537,52.39937],[13.53557,52.39944],[13.536,52.3996],[13.5364,52.39975],[13.53647,52.39978],[13.53649,52.39978],[13.53658,52.39982],[13.53683,52.39991],[13.53688,52.39993],[13.53699,52.39998],[13.53701,52.39999],[13.53706,52.39999],[13.53727,52.40009],[13.53753,52.40021],[13.53776,52.40032],[13.5378,52.40033],[13.53811,52.40048],[13.53814,52.4005],[13.53819,52.40052],[13.5383,52.40057],[13.53836,52.4006],[13.53843,52.40063],[13.5384,52.40054],[13.53837,52.40045],[13.53833,52.40033],[13.53823,52.40005],[13.53821,52.39998],[13.53819,52.39995],[13.53818,52.39994],[13.53814,52.39987],[13.53812,52.39985],[13.53811,52.39983],[13.53802,52.39971],[13.53792,52.39956],[13.53777,52.39936],[13.53765,52.3992],[13.53765,52.39918],[13.53751,52.39899],[13.53746,52.39893],[13.53741,52.39885],[13.53736,52.39877],[13.53724,52.39856],[13.53709,52.39827],[13.53708,52.39825],[13.53721,52.39804],[13.53694,52.39797],[13.53631,52.39782],[13.53637,52.39773],[13.53653,52.39748],[13.53669,52.39721],[13.5366,52.39703],[13.53659,52.39701],[13.53654,52.3969],[13.53649,52.39679],[13.53641,52.39663],[13.53641,52.39662],[13.53634,52.39651],[13.53624,52.39633],[13.53614,52.39616],[13.53608,52.39606],[13.53592,52.39578],[13.53583,52.39562],[13.53573,52.39529],[13.53573,52.39527],[13.53571,52.39522],[13.53565,52.39502],[13.53565,52.39501],[13.53563,52.39494],[13.5356,52.39485],[13.53558,52.39475],[13.53544,52.39429],[13.53539,52.3941],[13.53539,52.39408],[13.53537,52.39402],[13.53537,52.39401],[13.53523,52.39368],[13.53515,52.39351],[13.53511,52.39334],[13.5351,52.39331],[13.53509,52.39319],[13.53508,52.39315],[13.53502,52.39276],[13.53498,52.39248],[13.53497,52.39235],[13.53495,52.39226],[13.53494,52.3922],[13.53493,52.39211],[13.5349,52.39191],[13.53484,52.39146],[13.53483,52.39144],[13.53483,52.39139],[13.53483,52.3909],[13.53482,52.39077],[13.53489,52.3906],[13.53502,52.39026],[13.53506,52.39016],[13.53508,52.39008],[13.5351,52.39004],[13.53536,52.38935],[13.53539,52.38926],[13.53549,52.38899],[13.53665,52.38896],[13.5369,52.38895],[13.53723,52.38895],[13.54175,52.38883],[13.54188,52.38882],[13.54208,52.38882],[13.5421,52.38882],[13.54272,52.3888],[13.54417,52.38876],[13.54442,52.38876],[13.54537,52.38873],[13.54591,52.38872],[13.54701,52.38868],[13.54745,52.38866],[13.54878,52.38861],[13.54941,52.38859],[13.55065,52.38855],[13.55163,52.38851],[13.55335,52.38842],[13.55368,52.3884],[13.55395,52.38839],[13.55401,52.38839],[13.55435,52.38838],[13.55577,52.38833],[13.55694,52.38829],[13.55835,52.38825],[13.55865,52.38824],[13.5588,52.38823],[13.55886,52.38823],[13.55894,52.38823],[13.55948,52.38821],[13.55956,52.38821],[13.55982,52.3882],[13.56009,52.38819],[13.56035,52.38819],[13.56062,52.38818],[13.5607,52.38818],[13.56084,52.38817],[13.56114,52.38817],[13.56149,52.38816],[13.56156,52.38816],[13.56182,52.38815],[13.56214,52.38815],[13.56246,52.38814],[13.56268,52.38814],[13.5627,52.38814],[13.56276,52.38814],[13.56295,52.38814],[13.56322,52.38813],[13.56328,52.38813],[13.56336,52.38813],[13.56348,52.38813],[13.56375,52.38813],[13.56396,52.38813],[13.56399,52.38813],[13.56416,52.38814],[13.56419,52.38814],[13.56439,52.38818],[13.56443,52.38819],[13.56466,52.38823],[13.56577,52.38845],[13.56646,52.38855],[13.5668,52.3886],[13.5669,52.38861],[13.56698,52.38863],[13.56713,52.38865],[13.56738,52.38869],[13.56762,52.38873],[13.56793,52.38878],[13.56802,52.38879],[13.56861,52.38891],[13.56929,52.38904],[13.56943,52.38907],[13.56971,52.38913],[13.56999,52.38918],[13.57026,52.38924],[13.57047,52.38928],[13.57053,52.38929],[13.57056,52.3893],[13.57059,52.3893],[13.57072,52.38933],[13.57081,52.38935],[13.57082,52.38935],[13.57166,52.38954],[13.57198,52.38961],[13.57219,52.38965],[13.57226,52.38967],[13.5723,52.38968],[13.57255,52.38974],[13.57284,52.3898],[13.57287,52.38981],[13.57314,52.38986],[13.57341,52.38992],[13.57343,52.38992],[13.57373,52.38998],[13.57403,52.39005],[13.57434,52.39011],[13.57437,52.39012],[13.57451,52.39013],[13.57473,52.39015],[13.57506,52.39019],[13.57539,52.39022],[13.57561,52.39024],[13.57589,52.39028],[13.57661,52.39039],[13.57669,52.39041],[13.5769,52.39044],[13.57718,52.39048],[13.57754,52.39054],[13.57757,52.39054],[13.57783,52.39059],[13.57809,52.39064],[13.57838,52.39068],[13.57866,52.39073],[13.57874,52.39075],[13.57894,52.39078],[13.57925,52.39083],[13.57958,52.39088],[13.57994,52.39094],[13.58007,52.39096],[13.5802,52.39098],[13.58055,52.39104],[13.58067,52.39106],[13.58087,52.39109],[13.58112,52.39113],[13.58133,52.39117],[13.58164,52.39121],[13.58166,52.39121],[13.58195,52.39127],[13.58226,52.39133],[13.58257,52.39139],[13.5829,52.39146],[13.58305,52.39149],[13.58348,52.39158],[13.58381,52.39165],[13.58413,52.39171],[13.58444,52.39178],[13.58475,52.39184],[13.58505,52.39191],[13.58506,52.39191],[13.58507,52.39191],[13.58515,52.39193],[13.58523,52.39195],[13.58533,52.39197],[13.586,52.39212],[13.58649,52.39223],[13.58732,52.39241],[13.58783,52.39252],[13.58801,52.39257],[13.58827,52.39265],[13.58995,52.39316],[13.5903,52.39326],[13.59061,52.39336],[13.5916,52.39357],[13.59171,52.3936],[13.59209,52.39368],[13.59242,52.39375],[13.5927,52.39381],[13.59276,52.39378],[13.59286,52.39369],[13.59288,52.39366],[13.59295,52.39359],[13.593,52.39356],[13.59333,52.3933],[13.59359,52.39302],[13.59409,52.39255],[13.59414,52.39244],[13.59423,52.39212],[13.59399,52.39163],[13.59397,52.39153],[13.59391,52.39122],[13.5939,52.39117],[13.59385,52.39084],[13.5937,52.39049],[13.59365,52.39023],[13.59365,52.39021],[13.59365,52.39019],[13.59368,52.38996],[13.59388,52.38968],[13.59405,52.38953],[13.59425,52.38906],[13.59431,52.38893],[13.59432,52.38892],[13.59467,52.38898],[13.59502,52.38894],[13.5952,52.38874],[13.59528,52.38848],[13.59525,52.38816],[13.59491,52.38756],[13.59497,52.38721],[13.59534,52.38679],[13.59569,52.38644],[13.59588,52.38624],[13.59599,52.38613],[13.59604,52.38608],[13.59612,52.38598],[13.59716,52.38574],[13.59828,52.38551],[13.59876,52.38544],[13.59898,52.38541],[13.59926,52.38543],[13.59938,52.38541],[13.59953,52.38528],[13.59973,52.38501],[13.60032,52.38451],[13.60047,52.38432],[13.60075,52.38416],[13.601,52.38405],[13.60138,52.38394],[13.60168,52.38374],[13.60191,52.38356],[13.60215,52.38341],[13.60248,52.38319],[13.603,52.38284],[13.60319,52.38239],[13.60346,52.38196],[13.60372,52.38167],[13.60415,52.38141],[13.60439,52.38127],[13.60486,52.38094],[13.60543,52.38038],[13.60595,52.37972],[13.60636,52.37914],[13.6064,52.37912],[13.60638,52.37901],[13.60638,52.37899],[13.60636,52.37888],[13.60633,52.37861],[13.60569,52.37814],[13.60547,52.37797],[13.60571,52.37769],[13.60651,52.37675],[13.60653,52.3767],[13.60664,52.37643],[13.60681,52.37603],[13.60677,52.37551],[13.60677,52.37547],[13.60677,52.37541],[13.60671,52.37527],[13.60665,52.37511],[13.60664,52.37506],[13.60662,52.37503],[13.60661,52.37499],[13.60659,52.37494],[13.60658,52.37492],[13.6065,52.37479],[13.60645,52.3747],[13.60643,52.37467],[13.60641,52.37464],[13.60634,52.37451],[13.6063,52.37444],[13.60621,52.37428],[13.60618,52.37423],[13.60605,52.37403],[13.60603,52.37397],[13.60598,52.37391],[13.60595,52.37385],[13.60588,52.37373],[13.60582,52.37362],[13.60617,52.3737],[13.60736,52.37398],[13.6074,52.37399],[13.60921,52.37461],[13.60978,52.37482],[13.61002,52.37491],[13.61114,52.3753],[13.61193,52.37557],[13.61198,52.37559],[13.61216,52.37565],[13.61249,52.37576],[13.61251,52.37577],[13.61286,52.37589],[13.61305,52.37596],[13.61319,52.37601],[13.61361,52.37615],[13.61432,52.3764],[13.61445,52.37644],[13.61511,52.37666],[13.61528,52.37672],[13.61688,52.37728],[13.6169,52.37728],[13.61699,52.37731],[13.61701,52.37732],[13.61841,52.37781],[13.61882,52.37795],[13.61887,52.37797],[13.61991,52.37832],[13.6203,52.37845],[13.6204,52.37848],[13.62154,52.3789],[13.62159,52.37892],[13.62207,52.37908],[13.62263,52.37928],[13.6227,52.3793],[13.62281,52.37934],[13.62284,52.37935],[13.62304,52.37942],[13.62307,52.37943],[13.62334,52.37953],[13.6236,52.37962],[13.62368,52.37965],[13.6237,52.37965],[13.62398,52.37975],[13.62421,52.37984],[13.62445,52.37992],[13.6247,52.38001],[13.62478,52.38004],[13.6249,52.38008],[13.62521,52.38019],[13.62554,52.38031],[13.62587,52.38043],[13.62591,52.38044],[13.62594,52.38046],[13.62627,52.38058],[13.62657,52.38068],[13.62664,52.38071],[13.6268,52.38076],[13.62702,52.38084],[13.62708,52.38086],[13.6273,52.38094],[13.62755,52.38102],[13.62762,52.38105],[13.62807,52.3812],[13.62851,52.38136],[13.62856,52.3813],[13.62934,52.38046],[13.62937,52.38043],[13.62962,52.38016],[13.62968,52.3801],[13.62971,52.38007],[13.62985,52.37991],[13.63082,52.37887],[13.63173,52.37787],[13.63176,52.37785],[13.63183,52.37778],[13.63186,52.37774],[13.63193,52.37766],[13.63195,52.37764],[13.63246,52.37708],[13.63318,52.3763],[13.63322,52.37624],[13.63324,52.37625],[13.63328,52.37625],[13.63403,52.37635],[13.63442,52.3764],[13.63483,52.37646],[13.63503,52.37648],[13.63518,52.3765],[13.6359,52.3766],[13.63645,52.37667],[13.63683,52.37672],[13.63692,52.37673],[13.637,52.37674],[13.63789,52.37686],[13.63807,52.37689],[13.63818,52.3769],[13.63847,52.37694],[13.63875,52.37698],[13.63906,52.37702],[13.6391,52.37702],[13.63938,52.37706],[13.64023,52.37718],[13.64052,52.37721],[13.64069,52.37724],[13.64078,52.37725],[13.64118,52.3773],[13.64162,52.37736],[13.64254,52.37749],[13.64268,52.37751],[13.64268,52.37739],[13.64269,52.37734],[13.6427,52.37722],[13.64271,52.37701],[13.64281,52.37524],[13.64282,52.37509],[13.64282,52.37505],[13.64283,52.37487],[13.64283,52.37476],[13.64283,52.37469],[13.64284,52.3745],[13.64285,52.37439],[13.64284,52.37432],[13.64285,52.37413],[13.64285,52.37395],[13.64285,52.37383],[13.64284,52.37377],[13.64284,52.37363],[13.64284,52.37332],[13.64284,52.37266],[13.64284,52.37258],[13.64283,52.37255],[13.64274,52.3722],[13.64271,52.37208],[13.64266,52.37191],[13.64253,52.37143],[13.6425,52.37138],[13.64245,52.37131],[13.64216,52.3709],[13.6421,52.37081],[13.64221,52.37078],[13.64226,52.37077],[13.64297,52.3706],[13.64328,52.37053],[13.64339,52.3705],[13.64348,52.37048],[13.64354,52.37047],[13.64683,52.37016],[13.64674,52.36959],[13.64687,52.36895],[13.64707,52.36853],[13.64726,52.36802],[13.64719,52.36702],[13.64694,52.36608],[13.6467,52.36576],[13.6461,52.36527],[13.64474,52.36481],[13.64374,52.36427],[13.64168,52.36333],[13.64114,52.3631],[13.64113,52.36308],[13.64024,52.36193],[13.63987,52.36169],[13.63909,52.36098],[13.63899,52.36064],[13.63871,52.36024],[13.63844,52.35974],[13.63847,52.35916],[13.63872,52.35875],[13.63856,52.35816],[13.6383,52.35775],[13.63823,52.35727],[13.63814,52.35709],[13.63809,52.35657],[13.63797,52.35309],[13.63779,52.34821],[13.6367,52.34814],[13.63632,52.34682],[13.63644,52.34644],[13.63682,52.34523],[13.63717,52.34473],[13.63832,52.34357],[13.6387,52.34319],[13.64086,52.34188],[13.64097,52.34177],[13.64143,52.34132],[13.6425,52.34026],[13.64282,52.33994],[13.6445,52.33992],[13.64468,52.33969],[13.64523,52.33915],[13.64535,52.339],[13.64551,52.33879],[13.64591,52.33864],[13.64744,52.33827],[13.64774,52.33825],[13.64842,52.33827],[13.64871,52.33835],[13.64885,52.33834],[13.6489,52.33836],[13.65011,52.33872],[13.65069,52.33886],[13.65094,52.33895],[13.6514,52.33925],[13.65169,52.33947],[13.6513,52.34176],[13.65115,52.34261],[13.65152,52.34301],[13.6518,52.34334],[13.65211,52.34364],[13.6523,52.34385],[13.65246,52.34419],[13.65257,52.34442],[13.65276,52.34478],[13.65313,52.34528],[13.6533,52.34556],[13.6535,52.34573],[13.65363,52.3459],[13.65393,52.3461],[13.65424,52.34628],[13.65449,52.34648],[13.65488,52.34678],[13.65518,52.34696],[13.65523,52.34699],[13.65528,52.34701],[13.65534,52.34705],[13.65558,52.34722],[13.65572,52.34739],[13.65599,52.34766],[13.656,52.34767],[13.65603,52.34771],[13.65611,52.34781],[13.65617,52.34798],[13.65595,52.34817],[13.65601,52.34848],[13.65618,52.34874],[13.65638,52.349],[13.65655,52.34921],[13.65663,52.34936],[13.65677,52.34961],[13.65679,52.34975],[13.65675,52.34994],[13.65681,52.35044],[13.65682,52.35058],[13.65687,52.35074],[13.6569,52.35092],[13.65696,52.35125],[13.65697,52.3513],[13.65698,52.35134],[13.65709,52.35161],[13.65721,52.35173],[13.65751,52.35191],[13.65767,52.35197],[13.65789,52.35205],[13.65823,52.35211],[13.65842,52.35214],[13.65898,52.35236],[13.65912,52.35254],[13.65916,52.35264],[13.65897,52.35281],[13.65929,52.35309],[13.65948,52.35323],[13.65957,52.35331],[13.65996,52.35349],[13.66012,52.35351],[13.66038,52.3536],[13.66088,52.35377],[13.66107,52.3539],[13.66142,52.354],[13.6616,52.35406],[13.66186,52.35419],[13.66202,52.35421],[13.66217,52.35436],[13.6622,52.3544],[13.66222,52.35442],[13.66203,52.35449],[13.66195,52.35451],[13.66199,52.35461],[13.66219,52.35479],[13.66269,52.35508],[13.66255,52.35519],[13.66252,52.35521],[13.66245,52.35528],[13.6624,52.35544],[13.66238,52.3557],[13.66244,52.35586],[13.6626,52.35612],[13.6627,52.35628],[13.66278,52.35646],[13.66282,52.35656],[13.66284,52.35661],[13.663,52.35689],[13.66315,52.35706],[13.66363,52.35741],[13.66397,52.35765],[13.66417,52.35778],[13.66443,52.35791],[13.66463,52.35801],[13.66472,52.35805],[13.66479,52.35808],[13.66491,52.35813],[13.66519,52.35818],[13.66552,52.35818],[13.66587,52.35812],[13.6662,52.35809],[13.66615,52.35818],[13.66608,52.3583],[13.66605,52.35844],[13.66602,52.35861],[13.66585,52.35908],[13.66577,52.35941],[13.66575,52.35963],[13.66582,52.35984],[13.66599,52.36015],[13.66616,52.36052],[13.66615,52.36071],[13.66621,52.36079],[13.66627,52.36102],[13.66629,52.36117],[13.66632,52.36134],[13.66634,52.36159],[13.66635,52.36162],[13.6664,52.36175],[13.66644,52.36184],[13.66648,52.36196],[13.66658,52.36216],[13.66664,52.36228],[13.66666,52.36236],[13.66673,52.36243],[13.66683,52.36258],[13.6669,52.36264],[13.66706,52.36282],[13.66718,52.36297],[13.66755,52.3633],[13.66775,52.36351],[13.66808,52.36383],[13.66825,52.36401],[13.66836,52.3641],[13.66848,52.36421],[13.66891,52.36447],[13.66918,52.36453],[13.66935,52.36457],[13.66946,52.36461],[13.66952,52.3646],[13.6699,52.36469],[13.67001,52.36477],[13.67011,52.36491],[13.67042,52.36529],[13.67068,52.36584],[13.67092,52.36624],[13.67118,52.36648],[13.67136,52.36657],[13.67151,52.36666],[13.67182,52.36678],[13.67228,52.3669],[13.67289,52.36701],[13.6739,52.36724],[13.67396,52.36723],[13.67404,52.36725],[13.67418,52.36733],[13.67442,52.36735],[13.67458,52.36741],[13.67466,52.36746],[13.67484,52.36752],[13.67492,52.36752],[13.67503,52.36756],[13.67542,52.36768],[13.67556,52.36776],[13.67587,52.36788],[13.67614,52.36796],[13.6763,52.36806],[13.67642,52.36813],[13.67661,52.36819],[13.67673,52.36832],[13.67692,52.36835],[13.67698,52.3684],[13.67707,52.3684],[13.67712,52.36846],[13.67724,52.36852],[13.67734,52.36857],[13.67742,52.36857],[13.67749,52.36862],[13.67759,52.36869],[13.67785,52.36886],[13.67813,52.36903],[13.67841,52.36919],[13.6789,52.36933],[13.67906,52.36935],[13.67921,52.36945],[13.67934,52.36946],[13.67949,52.36943],[13.67968,52.36944],[13.67996,52.36943],[13.67999,52.36942],[13.68012,52.36942],[13.68048,52.36949],[13.6807,52.36951],[13.68076,52.3695],[13.68079,52.36949],[13.68103,52.36947],[13.68114,52.36956],[13.68129,52.36958],[13.68141,52.36954],[13.68149,52.36957],[13.68215,52.36964],[13.68283,52.36951],[13.68337,52.36932],[13.68384,52.36915],[13.68475,52.36882],[13.68537,52.36852],[13.68668,52.36774],[13.68682,52.36762],[13.68722,52.3673],[13.68802,52.36734],[13.68892,52.36741],[13.68928,52.36753],[13.68953,52.36766],[13.68926,52.36785],[13.6897,52.36781],[13.68989,52.36784],[13.68999,52.36786],[13.69021,52.36783],[13.6903,52.36781],[13.69054,52.36775],[13.6906,52.36774],[13.69097,52.3676],[13.69143,52.3674],[13.69148,52.3673],[13.69189,52.36724],[13.69194,52.3672],[13.69202,52.36719],[13.6922,52.36721],[13.69224,52.36726],[13.69212,52.36733],[13.69161,52.36743],[13.69155,52.36744],[13.69143,52.36749],[13.69131,52.3676],[13.69128,52.36778],[13.69163,52.36785],[13.69167,52.36786],[13.69202,52.36794],[13.69208,52.36794],[13.6925,52.36797],[13.69258,52.36797],[13.69308,52.36798],[13.69307,52.36803],[13.69297,52.36834],[13.69279,52.36852],[13.69277,52.36856],[13.6927,52.36872],[13.69268,52.36882],[13.6927,52.36894],[13.69279,52.3691],[13.69285,52.36918],[13.69296,52.36928],[13.69322,52.36951],[13.69348,52.36964],[13.6937,52.36974],[13.69393,52.36995],[13.69431,52.37016],[13.69455,52.37029],[13.69471,52.37044],[13.69487,52.37057],[13.69509,52.3707],[13.69526,52.37088],[13.69535,52.37098],[13.69548,52.37112],[13.69552,52.37115],[13.6956,52.37121],[13.69575,52.37137],[13.69593,52.37158],[13.69622,52.37191],[13.69632,52.372],[13.69644,52.37211],[13.69675,52.37233],[13.69704,52.37254],[13.69724,52.37284],[13.69739,52.37307],[13.69751,52.37314],[13.69797,52.37342],[13.69829,52.37372],[13.69854,52.37399],[13.69862,52.37408],[13.69864,52.3741],[13.69871,52.37416],[13.6989,52.37449],[13.69917,52.3747],[13.69922,52.37491],[13.69996,52.37559],[13.7003,52.37635],[13.7005,52.37687],[13.70062,52.37719],[13.70041,52.37751],[13.69993,52.37752],[13.69942,52.37751],[13.69929,52.37774],[13.69867,52.37765],[13.69859,52.37764],[13.69839,52.37761],[13.69835,52.3776],[13.69828,52.37759],[13.69818,52.37758],[13.69766,52.3775],[13.69757,52.37749],[13.69721,52.37744],[13.69723,52.37751],[13.69725,52.37755],[13.69725,52.37756],[13.69728,52.37762],[13.69729,52.37766],[13.6973,52.37768],[13.6973,52.3777],[13.69732,52.37773],[13.69733,52.37778],[13.69734,52.37779],[13.69736,52.37785],[13.69738,52.3779],[13.69738,52.37792],[13.69741,52.37798],[13.69743,52.37803],[13.69745,52.37808],[13.69747,52.37814],[13.69748,52.37814],[13.69749,52.37818],[13.6975,52.37822],[13.69752,52.37827],[13.69754,52.37832],[13.69755,52.37836],[13.69757,52.37841],[13.69759,52.37847],[13.6976,52.37851],[13.69762,52.37856],[13.69764,52.37862],[13.69766,52.37866],[13.69768,52.37872],[13.6977,52.37878],[13.69774,52.3789],[13.69776,52.37896],[13.69778,52.37902],[13.69779,52.37905],[13.6978,52.37908],[13.69782,52.37914],[13.69784,52.37918],[13.69786,52.37923],[13.69787,52.37926],[13.69789,52.37932],[13.69792,52.37939],[13.69793,52.37944],[13.69796,52.37951],[13.69798,52.37957],[13.698,52.37963],[13.69803,52.37969],[13.69805,52.37976],[13.69808,52.37982],[13.6981,52.3799],[13.69811,52.37991],[13.69814,52.37998],[13.69818,52.38006],[13.69822,52.38012],[13.69825,52.38019],[13.69831,52.38031],[13.69833,52.38035],[13.69841,52.38049],[13.69842,52.38051],[13.69845,52.38057],[13.6985,52.38067],[13.69851,52.38069],[13.69881,52.38112],[13.69883,52.3815],[13.69876,52.3815],[13.69871,52.3815],[13.6984,52.38149],[13.69832,52.38149],[13.69735,52.38133],[13.69625,52.38115],[13.69517,52.38095],[13.69427,52.38128],[13.69335,52.38168],[13.69244,52.38207],[13.69219,52.38218],[13.69197,52.38227],[13.69183,52.38233],[13.69155,52.38245],[13.69065,52.38284],[13.68974,52.38325],[13.68972,52.38325],[13.68887,52.38311],[13.68882,52.38311],[13.68791,52.38295],[13.68743,52.38325],[13.68737,52.38329],[13.68736,52.38329],[13.68734,52.38331],[13.68731,52.38332],[13.68709,52.38382],[13.68706,52.38388],[13.68704,52.38388],[13.68701,52.38388],[13.68662,52.38387],[13.68643,52.38387],[13.68618,52.38386],[13.68612,52.38399],[13.6863,52.38432],[13.68657,52.38479],[13.68665,52.38503],[13.68683,52.3853],[13.68716,52.38525],[13.68751,52.38519],[13.68759,52.38517],[13.68768,52.38535],[13.68771,52.38542],[13.68775,52.38549],[13.68791,52.38584],[13.688,52.38602],[13.68802,52.38607],[13.68803,52.38607],[13.68805,52.38605],[13.68806,52.38603],[13.68812,52.386],[13.68818,52.38593],[13.68832,52.38581],[13.68834,52.38578],[13.68841,52.38569],[13.68845,52.38562],[13.68848,52.38557],[13.68869,52.38542],[13.68887,52.38503],[13.68893,52.38503],[13.68938,52.38516],[13.6897,52.38519],[13.68976,52.3852],[13.69041,52.38542],[13.69053,52.38547],[13.69061,52.3855],[13.69069,52.38555],[13.69241,52.38668],[13.69285,52.38697],[13.69299,52.38706],[13.69302,52.38708],[13.69319,52.38722],[13.69347,52.38747],[13.69361,52.38757],[13.69416,52.38786],[13.69434,52.38802],[13.69468,52.38832],[13.69479,52.38841],[13.69542,52.38888],[13.69597,52.38898],[13.69604,52.38903],[13.69621,52.38915],[13.69629,52.38923],[13.6964,52.38932],[13.69647,52.38938],[13.69682,52.38969],[13.69734,52.38992],[13.69738,52.39],[13.69739,52.39003],[13.6974,52.39004],[13.69748,52.39022],[13.6975,52.39056],[13.69754,52.39061],[13.69758,52.39067],[13.69761,52.39071],[13.69766,52.39076],[13.69776,52.39086],[13.69786,52.39096],[13.69779,52.39102],[13.69765,52.39112],[13.69773,52.39126],[13.69774,52.3913],[13.69794,52.3914],[13.69798,52.39142],[13.69799,52.39143],[13.69804,52.3916],[13.6981,52.39164],[13.69814,52.39168],[13.69827,52.39177],[13.69874,52.3919],[13.69877,52.3919],[13.69901,52.39191],[13.69902,52.39182],[13.69902,52.39179],[13.69875,52.39143],[13.69855,52.39138],[13.69851,52.39131],[13.69845,52.39119],[13.69842,52.39114],[13.69841,52.391],[13.6984,52.39084],[13.6984,52.39075],[13.6987,52.3906],[13.69896,52.39067],[13.69925,52.39078],[13.6996,52.39096],[13.69999,52.39109],[13.70015,52.39115],[13.70028,52.39127],[13.70035,52.3914],[13.70037,52.39144],[13.70044,52.39151],[13.70054,52.39163],[13.70065,52.39174],[13.7008,52.3919],[13.70097,52.39205],[13.70115,52.39222],[13.70119,52.39225],[13.70134,52.39243],[13.70154,52.39266],[13.7017,52.39286],[13.70171,52.39287],[13.70184,52.39303],[13.70187,52.39305],[13.70212,52.39319],[13.70235,52.39333],[13.70249,52.39337],[13.70259,52.39338],[13.70267,52.39337],[13.70329,52.39326],[13.70354,52.39329],[13.70369,52.39333],[13.70381,52.39336],[13.70426,52.39348],[13.70449,52.39354],[13.70477,52.3937],[13.7051,52.3939],[13.70545,52.39408],[13.70561,52.39424],[13.70564,52.39428],[13.70616,52.39483],[13.70656,52.39512],[13.70726,52.39522],[13.7076,52.39515],[13.70794,52.39513],[13.70803,52.39516],[13.70812,52.39519],[13.70821,52.39522],[13.7083,52.39524],[13.70839,52.39527],[13.70848,52.3953],[13.70857,52.39533],[13.70868,52.39537],[13.70883,52.39545],[13.70925,52.39569],[13.70939,52.39591],[13.70972,52.39622],[13.70985,52.39637],[13.71018,52.39619],[13.71034,52.3963],[13.71047,52.3964],[13.7106,52.39648],[13.71082,52.39661],[13.71101,52.39677],[13.71137,52.39714],[13.71175,52.39729],[13.71188,52.39738],[13.71207,52.39753],[13.71216,52.39757],[13.71219,52.39758],[13.71251,52.39773],[13.71252,52.39774],[13.71254,52.39775],[13.71273,52.39778],[13.71275,52.39778],[13.71283,52.39778],[13.71288,52.39778],[13.71315,52.39786],[13.71325,52.39787],[13.71345,52.39794],[13.71359,52.398],[13.71376,52.39816],[13.71378,52.39818],[13.71381,52.39821],[13.71391,52.39839],[13.71405,52.39864],[13.71399,52.39868],[13.71404,52.39876],[13.71413,52.39883],[13.71416,52.39886],[13.71417,52.39886],[13.71441,52.39903],[13.71443,52.39904],[13.71446,52.39905],[13.71469,52.39912],[13.71492,52.39919],[13.71515,52.39925],[13.71548,52.39945],[13.71587,52.39969],[13.71592,52.39969],[13.71605,52.3997],[13.71607,52.3997],[13.71611,52.3997],[13.71669,52.39972],[13.71698,52.39964],[13.717,52.39961],[13.71722,52.39932],[13.71734,52.39916],[13.71742,52.39906],[13.71757,52.39893],[13.71805,52.39882],[13.71825,52.39878],[13.71841,52.39876],[13.71854,52.39875],[13.71878,52.39876],[13.71918,52.39882],[13.71943,52.39889],[13.7197,52.399],[13.71984,52.39907],[13.72017,52.39898],[13.72029,52.39894],[13.72034,52.39893],[13.72035,52.39892],[13.72078,52.3988],[13.72127,52.39866],[13.72158,52.39857],[13.72234,52.39833],[13.72245,52.3983],[13.72254,52.39827],[13.72266,52.39827],[13.7227,52.39826],[13.72275,52.39826],[13.72279,52.39826],[13.72287,52.39828],[13.72295,52.3983],[13.72317,52.39829],[13.72338,52.39834],[13.72368,52.39855],[13.72396,52.39863],[13.72399,52.39864],[13.72414,52.39868],[13.72439,52.39881],[13.72464,52.39885],[13.72473,52.39893],[13.72475,52.39895],[13.72478,52.39898],[13.72482,52.39903],[13.7249,52.3991],[13.72496,52.39926],[13.72505,52.39937],[13.72534,52.39954],[13.72543,52.39968],[13.72544,52.3997],[13.72551,52.39964],[13.72562,52.39957],[13.72579,52.39953],[13.72629,52.39957],[13.72644,52.39961],[13.72674,52.39972],[13.7268,52.39974],[13.72681,52.39974],[13.72691,52.39978],[13.72707,52.39983],[13.72724,52.39995],[13.72732,52.40018],[13.72745,52.40023],[13.7276,52.40024],[13.72762,52.40019],[13.72765,52.40018],[13.72781,52.4001],[13.72792,52.40004],[13.72818,52.39992],[13.72823,52.3999],[13.72844,52.39985],[13.72868,52.39981],[13.72886,52.39977],[13.72887,52.39977],[13.72901,52.39981],[13.72903,52.39986],[13.72906,52.39992],[13.72893,52.40005],[13.72897,52.40009],[13.72905,52.4001],[13.72911,52.4001],[13.7292,52.40012],[13.72924,52.40014],[13.7293,52.40017],[13.72938,52.4002],[13.72941,52.4002],[13.72947,52.40019],[13.72948,52.40016],[13.72957,52.40003],[13.72957,52.39991],[13.72958,52.39987],[13.72961,52.39984],[13.72964,52.39981],[13.72972,52.39976],[13.72976,52.39974],[13.72979,52.39972],[13.72988,52.39969],[13.73004,52.39966],[13.7302,52.39965],[13.73023,52.39965],[13.73029,52.39967],[13.73075,52.39991],[13.73084,52.39995],[13.73096,52.39997],[13.73101,52.39998],[13.73111,52.4],[13.73114,52.40001],[13.73131,52.40008],[13.73134,52.4001],[13.73153,52.40023],[13.73159,52.40027],[13.73182,52.40048],[13.73251,52.40094],[13.73281,52.4011],[13.73291,52.40114],[13.73315,52.40124],[13.73317,52.40125],[13.73333,52.40137],[13.73352,52.40151],[13.73412,52.40198],[13.73427,52.40213],[13.73427,52.40215],[13.73416,52.40306],[13.73416,52.40334],[13.73435,52.4038],[13.73444,52.404],[13.73474,52.4047],[13.73489,52.40502],[13.7354,52.40586],[13.7354,52.40591],[13.73536,52.40598],[13.73547,52.40602],[13.737,52.40646],[13.73798,52.40672],[13.73857,52.40703],[13.73866,52.40709],[13.73874,52.40714],[13.73903,52.40734],[13.73892,52.40741],[13.73857,52.40773],[13.73845,52.40787],[13.73842,52.4079],[13.73825,52.40813],[13.73791,52.40847],[13.73777,52.40867],[13.7377,52.40878],[13.73765,52.40887],[13.73762,52.40899],[13.73758,52.4091],[13.73748,52.40929],[13.73739,52.40942],[13.73728,52.40956],[13.73717,52.40964],[13.737,52.40975],[13.73682,52.40985],[13.73635,52.41007],[13.73593,52.41025],[13.73585,52.4103],[13.73561,52.41034],[13.73509,52.41041],[13.73496,52.41041],[13.73484,52.41046],[13.73461,52.41057],[13.7345,52.4107],[13.73433,52.41097],[13.7342,52.41124],[13.73408,52.41155],[13.73393,52.41179],[13.73367,52.41207],[13.73349,52.41227],[13.73335,52.41248],[13.73311,52.41268],[13.73293,52.41287],[13.73275,52.41307],[13.73252,52.41329],[13.7323,52.41348],[13.73214,52.41364],[13.73196,52.41381],[13.73179,52.41395],[13.73166,52.41406],[13.73144,52.41419],[13.73127,52.41434],[13.73106,52.41452],[13.73094,52.41466],[13.73083,52.41479],[13.73067,52.41493],[13.73051,52.41509],[13.73047,52.41512],[13.73046,52.41513],[13.73026,52.41534],[13.73026,52.41535],[13.73014,52.41551],[13.72993,52.41581],[13.72992,52.41582],[13.72991,52.41584],[13.7299,52.41591],[13.72987,52.41603],[13.72985,52.41613],[13.72985,52.41614],[13.72983,52.41624],[13.72981,52.41634],[13.72982,52.41638],[13.72985,52.41647],[13.7299,52.4166],[13.72998,52.41682],[13.73003,52.41696],[13.73005,52.41703],[13.73007,52.41707],[13.73009,52.4171],[13.73013,52.41719],[13.73014,52.41721],[13.73018,52.41728],[13.73018,52.41729],[13.73019,52.41731],[13.73023,52.41739],[13.73024,52.4174],[13.73028,52.41749],[13.73029,52.41751],[13.7303,52.41753],[13.73036,52.41763],[13.73037,52.41765],[13.73039,52.41769],[13.73042,52.41773],[13.73045,52.41779],[13.73049,52.41783],[13.73055,52.41792],[13.73064,52.41804],[13.7307,52.41812],[13.73082,52.41818],[13.73075,52.4182],[13.73078,52.41825],[13.73088,52.41837],[13.73098,52.41851],[13.73104,52.4186],[13.73109,52.41868],[13.73115,52.41876],[13.73121,52.41885],[13.73126,52.41893],[13.73131,52.41901],[13.73135,52.4191],[13.73138,52.41918],[13.73139,52.4192],[13.7314,52.41927],[13.7314,52.41928],[13.73141,52.41937],[13.73143,52.41946],[13.73143,52.41955],[13.73144,52.41964],[13.73143,52.41973],[13.73143,52.41976],[13.73142,52.41982],[13.7314,52.41991],[13.73137,52.42],[13.73133,52.42009],[13.73127,52.42017],[13.73119,52.42025],[13.73115,52.42034],[13.73107,52.42047],[13.73107,52.42051],[13.7311,52.42053],[13.73115,52.42053],[13.73126,52.42063],[13.73336,52.4226],[13.73766,52.42669],[13.73786,52.42667],[13.73808,52.42667],[13.73869,52.42656],[13.73949,52.42642],[13.73962,52.42667],[13.7399,52.42661],[13.74001,52.42658],[13.74007,52.42657],[13.74055,52.42647],[13.74077,52.42642],[13.74092,52.42652],[13.74099,52.42657],[13.74128,52.42677],[13.74132,52.42697],[13.74134,52.42702],[13.74136,52.42711],[13.74137,52.42713],[13.74143,52.42739],[13.74149,52.42762],[13.74158,52.42798],[13.74159,52.42802],[13.7416,52.42806],[13.74168,52.42805],[13.74173,52.4282],[13.74161,52.42822],[13.74146,52.42825],[13.74133,52.42827],[13.73996,52.42861],[13.73894,52.42886],[13.73897,52.42889],[13.73934,52.42947],[13.73938,52.42952],[13.73955,52.43023],[13.73956,52.43026],[13.73968,52.43075],[13.7397,52.43086],[13.73974,52.43102],[13.73979,52.43121],[13.73985,52.43144],[13.73992,52.43173],[13.7401,52.43247],[13.73945,52.43254],[13.73842,52.43266],[13.73793,52.43272],[13.73729,52.43278],[13.73725,52.43279],[13.73613,52.4329],[13.73513,52.43299],[13.73415,52.4331],[13.73325,52.43322],[13.73287,52.43328],[13.73239,52.43336],[13.73182,52.43347],[13.73175,52.43349],[13.73165,52.43351],[13.73138,52.43357],[13.73129,52.43359],[13.73063,52.43373],[13.72969,52.43398],[13.72875,52.43426],[13.72789,52.43455],[13.72722,52.43481],[13.72632,52.43518],[13.72523,52.43571],[13.72415,52.43629],[13.72346,52.43656],[13.7228,52.43683],[13.72281,52.43714],[13.72372,52.43678],[13.72441,52.43651],[13.72551,52.43591],[13.72658,52.4354],[13.72746,52.43503],[13.72812,52.43479],[13.72896,52.4345],[13.72989,52.43423],[13.73129,52.43384],[13.73143,52.4338],[13.73251,52.43363],[13.73336,52.43348],[13.73424,52.43337],[13.7352,52.43326],[13.7362,52.43317],[13.73737,52.43305],[13.7382,52.43296],[13.73826,52.43322],[13.73828,52.43329],[13.73894,52.43322],[13.73924,52.43319],[13.74018,52.43315],[13.74034,52.43314],[13.74115,52.43307],[13.74199,52.433],[13.74273,52.43296],[13.74281,52.43295],[13.74289,52.43294],[13.74296,52.43323],[13.74304,52.43355],[13.74308,52.43374],[13.74324,52.43439],[13.74327,52.43451],[13.74329,52.43459],[13.74331,52.43467],[13.74325,52.4347],[13.74334,52.43509],[13.74359,52.43609],[13.7436,52.43613],[13.7436,52.43615],[13.74382,52.43705],[13.74407,52.43807],[13.74411,52.43809],[13.74416,52.43812],[13.74442,52.43826],[13.7447,52.4384],[13.74499,52.43856],[13.74511,52.43862],[13.74524,52.43869],[13.74539,52.43877],[13.74547,52.43881],[13.74571,52.43894],[13.74594,52.43906],[13.74617,52.43918],[13.74628,52.43924],[13.74631,52.43926],[13.74638,52.43929],[13.74651,52.43936],[13.74686,52.43955],[13.74704,52.43965],[13.74727,52.43977],[13.74751,52.43989],[13.74756,52.43992],[13.74774,52.44002],[13.74798,52.44014],[13.74821,52.44026],[13.74844,52.44039],[13.74867,52.44051],[13.7487,52.44053],[13.74891,52.44064],[13.74914,52.44076],[13.74937,52.44088],[13.74961,52.44101],[13.74964,52.44102],[13.74979,52.4411],[13.75039,52.44142],[13.75051,52.44148],[13.75053,52.44148],[13.75077,52.44149],[13.75108,52.4415],[13.75143,52.4415],[13.75179,52.44151],[13.75215,52.44152],[13.7522,52.44152],[13.75246,52.44153],[13.75277,52.44153],[13.75308,52.44154],[13.75339,52.44155],[13.75344,52.44155],[13.7537,52.44155],[13.75401,52.44156],[13.75428,52.44157],[13.75433,52.44157],[13.75464,52.44158],[13.75484,52.44158],[13.75495,52.44158],[13.75526,52.44159],[13.75557,52.4416],[13.75614,52.44161],[13.75622,52.44161],[13.7563,52.44161],[13.75598,52.44075],[13.75564,52.43986],[13.75531,52.43899],[13.75522,52.43875],[13.75512,52.43848],[13.75506,52.43831],[13.75498,52.43811],[13.75465,52.43723],[13.75445,52.43668],[13.75451,52.43668],[13.7546,52.43667],[13.75463,52.43667],[13.75466,52.43667],[13.75479,52.43665],[13.75585,52.43655],[13.75589,52.43655],[13.7561,52.43653],[13.75625,52.43652],[13.75716,52.43643],[13.75745,52.4364],[13.75757,52.43639],[13.75771,52.43638],[13.75799,52.43635],[13.75804,52.43635],[13.75905,52.43626],[13.75921,52.43624],[13.75923,52.43624],[13.75988,52.43618],[13.75999,52.43617],[13.76002,52.43621],[13.76031,52.43663],[13.76058,52.43694],[13.76095,52.43732],[13.76116,52.43771],[13.76094,52.43788],[13.75973,52.43799],[13.75949,52.43802],[13.75812,52.43815],[13.75803,52.43816],[13.75755,52.4382],[13.7575,52.43821],[13.75627,52.43833],[13.75623,52.43833],[13.75547,52.4384],[13.75532,52.43842],[13.75533,52.43846],[13.75545,52.43875],[13.75552,52.43896],[13.75585,52.43984],[13.75618,52.44071],[13.75639,52.44126],[13.75652,52.44159],[13.75653,52.44162],[13.75686,52.44247],[13.75708,52.44296],[13.75684,52.44299],[13.75675,52.443],[13.75567,52.44312],[13.75564,52.44313],[13.75528,52.44316],[13.755,52.44319],[13.75484,52.44321],[13.7548,52.44321],[13.75461,52.44323],[13.75456,52.44324],[13.75453,52.44325],[13.75449,52.44326],[13.75444,52.44327],[13.75438,52.44328],[13.75462,52.44362],[13.75499,52.44415],[13.75535,52.44466],[13.75562,52.44504],[13.75564,52.44508],[13.75606,52.44565],[13.75611,52.44572],[13.75612,52.44573],[13.75612,52.44574],[13.7563,52.44597],[13.75635,52.44605],[13.75639,52.4461],[13.75644,52.44617],[13.75636,52.44616],[13.75592,52.44609],[13.75557,52.44603],[13.75539,52.446],[13.75537,52.44603],[13.75526,52.4462],[13.75517,52.44635],[13.75511,52.44643],[13.75506,52.44652],[13.75504,52.44654],[13.75488,52.44667],[13.75487,52.44667],[13.75486,52.44668],[13.75485,52.44668],[13.75468,52.44681],[13.75466,52.44683],[13.75462,52.44686],[13.75436,52.44705],[13.75432,52.44709],[13.75417,52.44719],[13.75398,52.4473],[13.75349,52.44759],[13.75325,52.44768],[13.75261,52.44787],[13.75182,52.44802],[13.75154,52.44808],[13.75141,52.4481],[13.75136,52.44811],[13.75026,52.44833],[13.74995,52.44845],[13.7499,52.44847],[13.74949,52.44861],[13.74935,52.44864],[13.74925,52.44867],[13.74838,52.44874],[13.74809,52.44877],[13.74757,52.44883],[13.7473,52.44885],[13.7469,52.4489],[13.74682,52.4489],[13.74677,52.44891],[13.74649,52.44894],[13.74647,52.44894],[13.74611,52.449],[13.74568,52.44906],[13.74559,52.44908],[13.74551,52.44909],[13.74549,52.44909],[13.74508,52.44918],[13.74489,52.44921],[13.74479,52.44924],[13.7446,52.4492],[13.74444,52.44917],[13.74431,52.44914],[13.74427,52.44913],[13.74409,52.4491],[13.74402,52.44908],[13.74373,52.44902],[13.74354,52.44899],[13.74344,52.44897],[13.7433,52.44894],[13.74315,52.44896],[13.74309,52.44896],[13.74265,52.44901],[13.7424,52.44904],[13.74229,52.44906],[13.742,52.44911],[13.74172,52.44917],[13.74166,52.44918],[13.74143,52.44921],[13.74114,52.44925],[13.74086,52.4493],[13.74078,52.44931],[13.74057,52.44933],[13.74028,52.44936],[13.73999,52.44939],[13.7397,52.44943],[13.73963,52.44943],[13.73941,52.44946],[13.73912,52.44949],[13.73886,52.44952],[13.73861,52.44955],[13.73815,52.4496],[13.73786,52.44963],[13.73776,52.44964],[13.73759,52.44968],[13.73757,52.44969],[13.73728,52.44976],[13.73716,52.44979],[13.73694,52.44983],[13.73678,52.44986],[13.73674,52.44986],[13.73659,52.44989],[13.73647,52.44991],[13.73624,52.45001],[13.73587,52.45015],[13.73584,52.45016],[13.73561,52.45026],[13.73556,52.45061],[13.73542,52.45062],[13.73486,52.45066],[13.73481,52.45067],[13.73435,52.45074],[13.734,52.45067],[13.73342,52.45055],[13.73304,52.45045],[13.73301,52.45044],[13.73272,52.45036],[13.73172,52.45046],[13.73144,52.45051],[13.73143,52.45051],[13.73133,52.45053],[13.73127,52.45053],[13.73089,52.45057],[13.73062,52.45061],[13.73041,52.45063],[13.73035,52.45064],[13.73029,52.45064],[13.72988,52.45069],[13.72908,52.45078],[13.72788,52.45162],[13.72715,52.45214],[13.72582,52.45308],[13.72577,52.45311],[13.7252,52.45351],[13.72424,52.45419],[13.72404,52.45432],[13.72385,52.45446],[13.72366,52.45459],[13.72347,52.45473],[13.72328,52.45485],[13.72328,52.45486],[13.72327,52.45486],[13.72313,52.45496],[13.72306,52.45501],[13.72268,52.45528],[13.72263,52.45531],[13.72258,52.45535],[13.72254,52.45538],[13.72252,52.45539],[13.72248,52.45542],[13.72247,52.45543],[13.72245,52.45544],[13.72243,52.45546],[13.72241,52.45547],[13.72236,52.4555],[13.72234,52.45552],[13.72231,52.45554],[13.72227,52.45556],[13.72208,52.4557],[13.72189,52.45584],[13.72169,52.45597],[13.7215,52.45611],[13.72131,52.45624],[13.72098,52.45647],[13.72082,52.45659],[13.72078,52.45662],[13.72065,52.4567],[13.72064,52.45671],[13.72059,52.45675],[13.72052,52.45684],[13.72025,52.45718],[13.7202,52.45724],[13.72013,52.45732],[13.72002,52.45747],[13.71991,52.45762],[13.71978,52.45777],[13.71965,52.45795],[13.71958,52.45804],[13.71957,52.45804],[13.71955,52.45807],[13.71909,52.45869],[13.71893,52.45891],[13.7185,52.45944],[13.71783,52.46027],[13.71776,52.46036],[13.7176,52.46055],[13.7174,52.46083],[13.71705,52.46131],[13.71666,52.46184],[13.71619,52.46249],[13.71596,52.46292],[13.71478,52.46302],[13.71473,52.46303],[13.71381,52.46304],[13.71335,52.463],[13.71221,52.46318],[13.71155,52.46328],[13.71152,52.46329],[13.7115,52.46329],[13.71138,52.46334],[13.71035,52.46375],[13.70906,52.46426],[13.70792,52.46471],[13.70782,52.46474],[13.70665,52.46517],[13.7057,52.46556],[13.70532,52.46576],[13.70483,52.46602],[13.70376,52.46652],[13.70359,52.4666],[13.70358,52.4666],[13.70355,52.46662],[13.70354,52.46662],[13.70245,52.46721],[13.70191,52.46753],[13.70185,52.4676],[13.70171,52.46775],[13.70165,52.46781],[13.70156,52.46791],[13.70131,52.46817],[13.70126,52.46822],[13.70103,52.46823],[13.70069,52.46824],[13.70035,52.46825],[13.70013,52.46825],[13.70007,52.46825],[13.6999,52.46826],[13.69941,52.46827],[13.69908,52.46828],[13.69922,52.4681],[13.69933,52.46794],[13.69945,52.46779],[13.69961,52.46757],[13.69973,52.46741],[13.7001,52.46692],[13.70057,52.4663],[13.70066,52.46617],[13.70099,52.46576],[13.70117,52.46553],[13.70198,52.46452],[13.70199,52.4645],[13.70208,52.46439],[13.7021,52.46437],[13.70234,52.4638],[13.70248,52.4635],[13.70256,52.46331],[13.70281,52.46224],[13.70297,52.46117],[13.70317,52.46046],[13.70321,52.46037],[13.70332,52.46013],[13.70336,52.46004],[13.70372,52.46002],[13.70385,52.46001],[13.70408,52.46],[13.70432,52.45997],[13.70455,52.45995],[13.70478,52.45992],[13.70502,52.45989],[13.70526,52.45987],[13.70531,52.45964],[13.70532,52.45958],[13.70533,52.45955],[13.70533,52.45954],[13.70534,52.45951],[13.70538,52.45929],[13.70544,52.45897],[13.70546,52.4589],[13.70547,52.45883],[13.70548,52.45879],[13.70551,52.45846],[13.70552,52.45844],[13.70552,52.45842],[13.70552,52.45836],[13.70554,52.45821],[13.70555,52.45804],[13.70557,52.4579],[13.70557,52.45788],[13.70558,52.45774],[13.70559,52.4577],[13.70557,52.45762],[13.70557,52.4576],[13.70554,52.45744],[13.70552,52.45729],[13.70549,52.45714],[13.70548,52.45709],[13.70547,52.45706],[13.70545,52.45695],[13.70543,52.4568],[13.70542,52.45677],[13.7054,52.45666],[13.70538,52.45651],[13.70536,52.45637],[13.70533,52.45622],[13.70531,52.45607],[13.70529,52.45591],[13.70526,52.45575],[13.70524,52.45562],[13.70522,52.45559],[13.70511,52.45544],[13.70504,52.45534],[13.70501,52.4553],[13.70491,52.45517],[13.70481,52.45503],[13.7048,52.45501],[13.70477,52.45497],[13.70472,52.4549],[13.70461,52.45476],[13.70385,52.45481],[13.70366,52.45482],[13.70339,52.45484],[13.70315,52.45485],[13.70313,52.45485],[13.70286,52.45485],[13.70259,52.45486],[13.70232,52.45486],[13.70171,52.45486],[13.70167,52.45486],[13.70165,52.45486],[13.70153,52.45486],[13.7015,52.45486],[13.70149,52.45487],[13.70135,52.45488],[13.70128,52.45489],[13.70086,52.45493],[13.70035,52.45498],[13.70024,52.45499],[13.69903,52.45518],[13.69835,52.45526],[13.69836,52.45529],[13.6984,52.45536],[13.69841,52.45537],[13.69853,52.45561],[13.69854,52.45563],[13.69854,52.45566],[13.69857,52.45586],[13.69867,52.45644],[13.69867,52.45648],[13.69865,52.45658],[13.69858,52.45687],[13.69853,52.45708],[13.69849,52.45729],[13.69841,52.45741],[13.69839,52.45744],[13.69835,52.4575],[13.69833,52.45753],[13.69832,52.45755],[13.69823,52.45768],[13.69821,52.4577],[13.69802,52.45799],[13.69799,52.45804],[13.69783,52.45828],[13.69779,52.45835],[13.69774,52.45842],[13.69769,52.4585],[13.69769,52.45852],[13.69769,52.45855],[13.69768,52.4587],[13.69766,52.459],[13.69766,52.45911],[13.69765,52.4593],[13.69763,52.45954],[13.69762,52.45976],[13.69762,52.45978],[13.6976,52.45994],[13.69758,52.46009],[13.69756,52.46025],[13.69755,52.46032],[13.69755,52.46037],[13.69753,52.46048],[13.69753,52.4605],[13.69747,52.46067],[13.6974,52.46084],[13.69734,52.46101],[13.69731,52.4611],[13.69721,52.46137],[13.69714,52.46157],[13.69708,52.46173],[13.69705,52.46177],[13.69694,52.46193],[13.69687,52.46204],[13.69685,52.46206],[13.69681,52.46212],[13.69677,52.46218],[13.69669,52.4623],[13.69667,52.46233],[13.69655,52.4625],[13.69649,52.4626],[13.69645,52.46266],[13.69636,52.46281],[13.69632,52.46287],[13.69628,52.46294],[13.69605,52.4633],[13.69599,52.46339],[13.69592,52.4635],[13.69586,52.4636],[13.69576,52.46376],[13.69566,52.46392],[13.69562,52.464],[13.69538,52.46402],[13.69535,52.46402],[13.69543,52.46418],[13.69542,52.46419],[13.69534,52.4642],[13.69533,52.4642],[13.69528,52.46421],[13.6949,52.46427],[13.69462,52.46432],[13.69435,52.46436],[13.69411,52.4644],[13.69406,52.46441],[13.69378,52.46443],[13.69349,52.46446],[13.6932,52.46448],[13.69291,52.46451],[13.69261,52.46454],[13.69247,52.46455],[13.69232,52.46457],[13.6917,52.46465],[13.69147,52.46468],[13.69139,52.46469],[13.69136,52.46469],[13.69111,52.46472],[13.69097,52.46474],[13.69084,52.46477],[13.69057,52.46484],[13.69031,52.4649],[13.69005,52.46496],[13.68983,52.46501],[13.68979,52.46501],[13.68952,52.46501],[13.6892,52.46502],[13.68892,52.46502],[13.68859,52.46502],[13.68839,52.46502],[13.68823,52.46503],[13.68786,52.46506],[13.68753,52.46508],[13.68721,52.4651],[13.68689,52.46512],[13.68657,52.46514],[13.68626,52.46521],[13.68589,52.46529],[13.68569,52.46534],[13.68538,52.46541],[13.68508,52.46548],[13.68478,52.46556],[13.68435,52.46567],[13.68428,52.46569],[13.68405,52.46574],[13.68395,52.46577],[13.68377,52.46582],[13.68351,52.46588],[13.6831,52.46599],[13.68277,52.46607],[13.68273,52.4661],[13.6827,52.46612],[13.68242,52.46631],[13.68238,52.46633],[13.68213,52.46649],[13.68185,52.46668],[13.68165,52.46681],[13.68156,52.46687],[13.68128,52.46707],[13.681,52.46726],[13.68095,52.46729],[13.68085,52.46736],[13.68082,52.46738],[13.68075,52.46743],[13.68046,52.46763],[13.68016,52.46783],[13.68002,52.46796],[13.67974,52.46822],[13.67968,52.46827],[13.67941,52.46853],[13.67898,52.46892],[13.67897,52.46894],[13.67896,52.46894],[13.67892,52.46898],[13.67883,52.46906],[13.67883,52.46907],[13.67882,52.46908],[13.67864,52.46924],[13.67859,52.46926],[13.67845,52.4693],[13.67818,52.4694],[13.67793,52.46949],[13.67767,52.46958],[13.67753,52.46963],[13.67742,52.46967],[13.67716,52.46976],[13.67697,52.46983],[13.67691,52.46985],[13.67665,52.46994],[13.67641,52.47002],[13.67631,52.47008],[13.67609,52.4702],[13.67587,52.47032],[13.67565,52.47044],[13.67539,52.47058],[13.67526,52.47065],[13.67524,52.47066],[13.67478,52.47084],[13.67396,52.47117],[13.67338,52.47139],[13.67325,52.47145],[13.67256,52.4718],[13.67252,52.47182],[13.67161,52.47228],[13.67063,52.4728],[13.67008,52.47309],[13.66957,52.47325],[13.66946,52.47328],[13.66895,52.47344],[13.66821,52.4736],[13.66756,52.47374],[13.66736,52.47385],[13.66724,52.47429],[13.66702,52.47424],[13.66664,52.47415],[13.66572,52.47395],[13.66463,52.47377],[13.66433,52.47369],[13.66381,52.47366],[13.66322,52.47371],[13.66265,52.47376],[13.66151,52.47405],[13.66074,52.47428],[13.66002,52.4745],[13.65999,52.47451],[13.65995,52.47452],[13.65947,52.47466],[13.6586,52.47493],[13.65836,52.475],[13.65681,52.47597],[13.65606,52.47639],[13.65566,52.47656],[13.65546,52.47665],[13.65462,52.47687],[13.65341,52.47718],[13.65233,52.47746],[13.65105,52.47785],[13.64976,52.47828],[13.64897,52.47853],[13.64831,52.47873],[13.64814,52.47875],[13.64787,52.47877],[13.64761,52.4788],[13.64757,52.4788],[13.64752,52.4788],[13.64728,52.47882],[13.64578,52.47887],[13.64481,52.47898],[13.64414,52.4791],[13.64356,52.47918],[13.64325,52.47923],[13.64322,52.47923],[13.64268,52.4788],[13.64257,52.47871],[13.64179,52.4784],[13.6411,52.47812],[13.64094,52.47806],[13.64019,52.47778],[13.63984,52.47764],[13.63964,52.47756],[13.63914,52.47736],[13.63861,52.47714],[13.63816,52.47696],[13.6377,52.47677],[13.63739,52.47664],[13.6373,52.47661],[13.63689,52.47645],[13.6365,52.47629],[13.63615,52.47615],[13.6347,52.47583],[13.63467,52.47582],[13.63332,52.47552],[13.63193,52.47523],[13.63104,52.47504],[13.62945,52.47411],[13.62818,52.47355],[13.62681,52.47363],[13.62534,52.47371],[13.62522,52.47283],[13.62508,52.47194],[13.62501,52.47149],[13.62495,52.47104],[13.62482,52.47025],[13.62481,52.47022],[13.6248,52.47018],[13.6248,52.47015],[13.62471,52.46906],[13.62513,52.46891],[13.62521,52.46874],[13.62321,52.46879],[13.62312,52.46879],[13.623,52.46879],[13.62293,52.46879],[13.6229,52.46879],[13.62288,52.46867],[13.62287,52.46854],[13.62284,52.46842],[13.62276,52.4683],[13.62267,52.46817],[13.62262,52.46809],[13.62261,52.46806],[13.62266,52.46804],[13.62275,52.46801],[13.62285,52.46797],[13.62293,52.46794],[13.62294,52.46793],[13.62294,52.46792],[13.62294,52.46791],[13.62294,52.4679],[13.62293,52.4679],[13.62292,52.46789],[13.62291,52.46789],[13.62287,52.46789],[13.62284,52.46787],[13.62283,52.46786],[13.62275,52.46785],[13.62269,52.46783],[13.62267,52.46781],[13.62266,52.46778],[13.62267,52.46776],[13.62269,52.46773],[13.62275,52.4677],[13.62281,52.46764],[13.62284,52.46762],[13.62285,52.46761],[13.62297,52.46752],[13.62298,52.4675],[13.62305,52.46742],[13.62305,52.46735],[13.623,52.46722],[13.62298,52.46716],[13.62302,52.46708],[13.62304,52.46706],[13.62314,52.46698],[13.62321,52.4669],[13.62332,52.4668],[13.6234,52.46671],[13.62325,52.46667],[13.62316,52.46665],[13.62306,52.46662],[13.62303,52.4666],[13.62297,52.46656],[13.62296,52.46656],[13.6229,52.46653],[13.62283,52.4665],[13.62274,52.46646],[13.6227,52.46646],[13.62226,52.46652],[13.62139,52.46664],[13.62175,52.4668],[13.62196,52.46701],[13.62196,52.46703],[13.62198,52.46721],[13.622,52.46739],[13.62202,52.46757],[13.62202,52.46774],[13.62202,52.46785],[13.62201,52.46802],[13.62201,52.46805],[13.62199,52.46812],[13.62193,52.46841],[13.62192,52.46849],[13.62114,52.4685],[13.62103,52.4685],[13.62102,52.4685],[13.62103,52.46867],[13.62103,52.46886],[13.62104,52.46904],[13.62104,52.4692],[13.62105,52.46937],[13.62105,52.46954],[13.62114,52.47026],[13.62117,52.47026],[13.62117,52.47033],[13.62117,52.47037],[13.62117,52.47046],[13.62095,52.4705],[13.62087,52.47052],[13.62056,52.47057],[13.61885,52.47087],[13.61869,52.4709],[13.61852,52.47093],[13.61767,52.47108],[13.61712,52.47121],[13.61507,52.46972],[13.61429,52.46998],[13.61366,52.47018],[13.61365,52.47018],[13.6135,52.47023],[13.61312,52.47031],[13.61302,52.47033],[13.61269,52.4704],[13.61241,52.47046],[13.61215,52.47051],[13.61213,52.47052],[13.61211,52.47052],[13.61178,52.47058],[13.61167,52.4706],[13.61166,52.4706],[13.61162,52.47061],[13.6115,52.47063],[13.61131,52.47048],[13.6113,52.47048],[13.60843,52.47104],[13.60815,52.47109],[13.60816,52.47117],[13.60817,52.47123],[13.60817,52.47125],[13.60818,52.47126],[13.60837,52.47268],[13.60838,52.47285],[13.60767,52.47287],[13.60748,52.47287],[13.60737,52.47287],[13.6071,52.47287],[13.60679,52.47288],[13.60671,52.47288],[13.60626,52.47289],[13.60603,52.47289],[13.60563,52.4729],[13.60533,52.4729],[13.60503,52.4729],[13.6049,52.47291],[13.60472,52.4729],[13.60459,52.47289],[13.60401,52.47285],[13.60378,52.47283],[13.60338,52.47281],[13.60307,52.47279],[13.60295,52.47285],[13.60273,52.47295],[13.60252,52.47306],[13.60225,52.47319],[13.60193,52.47334],[13.60188,52.47337],[13.60174,52.47343],[13.60114,52.47372],[13.60088,52.47385],[13.60061,52.47398],[13.60022,52.47417],[13.59994,52.47431],[13.59991,52.47432],[13.59968,52.47447],[13.59964,52.47443],[13.59962,52.47439],[13.59957,52.47442],[13.59864,52.47497],[13.59833,52.47516],[13.59734,52.47563],[13.59696,52.47587],[13.5968,52.47597],[13.59663,52.47606],[13.59568,52.47656],[13.59521,52.47681],[13.59393,52.47739],[13.59253,52.47813],[13.59156,52.47864],[13.59084,52.47898],[13.59066,52.47905],[13.5901,52.47936],[13.58993,52.47945],[13.58949,52.47967],[13.58893,52.47994],[13.58784,52.48044],[13.58757,52.48057],[13.58734,52.48066],[13.58655,52.48102],[13.58634,52.48112],[13.5862,52.48108],[13.58555,52.48091],[13.58534,52.48086],[13.58512,52.4808],[13.58489,52.48074],[13.58466,52.48068],[13.58446,52.48063],[13.58421,52.48056],[13.58382,52.48046],[13.58349,52.48038],[13.58329,52.48033],[13.58293,52.48024],[13.58257,52.48015],[13.58229,52.48008],[13.58212,52.48003],[13.58187,52.47997],[13.58153,52.48014],[13.58112,52.48034],[13.58092,52.48044],[13.58016,52.48081],[13.57975,52.48101],[13.57972,52.48102],[13.57933,52.48088],[13.57901,52.48077],[13.57875,52.48067],[13.5785,52.48058],[13.57832,52.48052],[13.57783,52.48034],[13.57776,52.48031],[13.57753,52.48023],[13.57726,52.48015],[13.577,52.48007],[13.57674,52.47999],[13.57655,52.47993],[13.57604,52.47977],[13.57583,52.4797],[13.57552,52.47961],[13.57512,52.47948],[13.57512,52.47944],[13.57509,52.47943],[13.57508,52.47943],[13.57507,52.47942],[13.57506,52.47942],[13.57505,52.47941],[13.57504,52.4794],[13.57503,52.47939],[13.57503,52.47938],[13.57503,52.47937],[13.57502,52.47937],[13.575,52.47926],[13.57468,52.47816],[13.57444,52.47752],[13.57434,52.47741],[13.57402,52.47712],[13.57392,52.47704]]]]}}]}
